restaurant_id,date,price_index,component_id,anchor,n_obs
1,2022-10-04,11.252173913043482,0,entree_mean,4
1,2022-10-05,11.252173913043432,0,entree_mean,4
1,2022-10-06,11.252173913043523,0,entree_mean,7
1,2022-10-07,11.2521739130435,0,entree_mean,19
1,2022-10-08,11.252173913043551,0,entree_mean,20
1,2022-10-09,11.252173913043489,0,entree_mean,16
1,2022-10-11,11.252173913043475,0,entree_mean,6
1,2022-10-12,11.25217391304347,0,entree_mean,16
1,2022-10-13,11.252173913043526,0,entree_mean,5
1,2022-10-14,11.252173913043523,0,entree_mean,25
1,2022-10-15,11.252173913043475,0,entree_mean,11
1,2022-10-16,11.252173913043508,0,entree_mean,10
1,2022-10-18,11.252173913043542,0,entree_mean,12
1,2022-10-19,11.252173913043462,0,entree_mean,8
1,2022-10-20,11.252173913043462,0,entree_mean,15
1,2022-10-21,11.252173913043476,0,entree_mean,10
1,2022-10-22,11.252173913043526,0,entree_mean,16
1,2022-10-23,11.25217391304353,0,entree_mean,21
1,2022-10-25,11.252173913043542,0,entree_mean,2
1,2022-10-26,11.252173913043531,0,entree_mean,8
1,2022-10-27,11.252173913043496,0,entree_mean,5
1,2022-10-28,11.252173913043455,0,entree_mean,19
1,2022-10-29,11.252173913043489,0,entree_mean,13
1,2022-10-30,11.252173913043496,0,entree_mean,10
1,2022-11-01,11.252173913043505,0,entree_mean,12
1,2022-11-02,11.252173913043551,0,entree_mean,3
1,2022-11-03,11.2521739130435,0,entree_mean,9
1,2022-11-04,11.252173913043471,0,entree_mean,15
1,2022-11-05,11.252173913043487,0,entree_mean,25
1,2022-11-06,11.252173913043501,0,entree_mean,13
1,2022-11-08,11.252173913043507,0,entree_mean,12
1,2022-11-09,11.252173913043471,0,entree_mean,2
1,2022-11-10,11.252173913043512,0,entree_mean,7
1,2022-11-11,11.252173913043505,0,entree_mean,16
1,2022-11-12,11.252173913043496,0,entree_mean,22
1,2022-11-13,11.252173913043487,0,entree_mean,17
1,2022-11-15,11.252173913043517,0,entree_mean,4
1,2022-11-16,11.252173913043501,0,entree_mean,6
1,2022-11-17,11.252173913043501,0,entree_mean,5
1,2022-11-18,11.252173913043526,0,entree_mean,17
1,2022-11-19,11.252173913043517,0,entree_mean,12
1,2022-11-20,11.252173913043505,0,entree_mean,13
1,2022-11-22,11.252173913043414,0,entree_mean,10
1,2022-11-23,11.252173913043535,0,entree_mean,5
1,2022-11-24,11.252173913043512,0,entree_mean,3
1,2022-11-25,11.252173913043496,0,entree_mean,17
1,2022-11-26,11.25217391304348,0,entree_mean,13
1,2022-11-27,11.252173913043487,0,entree_mean,37
2,2022-10-04,7.177490806279283,0,entree_mean,2
2,2022-10-05,7.2218962366361845,0,entree_mean,5
2,2022-10-06,7.178731638838002,0,entree_mean,4
2,2022-10-07,7.213495365741107,0,entree_mean,11
2,2022-10-08,7.160235276081346,0,entree_mean,5
2,2022-10-09,7.1517951872930725,0,entree_mean,11
2,2022-10-11,7.193157608559632,0,entree_mean,11
2,2022-10-12,7.213745983032767,0,entree_mean,20
2,2022-10-14,7.230543858832511,0,entree_mean,7
2,2022-10-15,7.202981994487952,0,entree_mean,14
2,2022-10-16,7.191034184540706,0,entree_mean,19
2,2022-10-18,7.183730490935613,0,entree_mean,9
2,2022-10-19,7.254139801923188,0,entree_mean,3
2,2022-10-20,7.194801710056479,0,entree_mean,9
2,2022-10-21,7.144286998641152,0,entree_mean,1
2,2022-10-22,7.240450439234884,0,entree_mean,11
2,2022-10-23,7.148622621691248,0,entree_mean,5
2,2022-10-25,7.208201769838101,0,entree_mean,7
2,2022-10-26,7.121963387301758,0,entree_mean,4
2,2022-10-27,7.1916251046973905,0,entree_mean,10
2,2022-10-28,7.216883438564483,0,entree_mean,18
2,2022-10-29,7.186742686319578,0,entree_mean,4
2,2022-10-30,7.190842150451802,0,entree_mean,15
2,2022-11-01,7.222518755320186,0,entree_mean,20
2,2022-11-03,7.213515223974551,0,entree_mean,10
2,2022-11-04,7.238633163531588,0,entree_mean,13
2,2022-11-05,7.216518489053557,0,entree_mean,15
2,2022-11-06,7.1940378329978145,0,entree_mean,14
2,2022-11-08,7.155750142704047,0,entree_mean,2
2,2022-11-09,7.634867984194676,0,entree_mean,7
2,2022-11-10,7.637025017657823,0,entree_mean,6
2,2022-11-11,7.627606186084188,0,entree_mean,13
2,2022-11-12,7.663933392026013,0,entree_mean,8
2,2022-11-13,7.561279938009816,0,entree_mean,16
2,2022-11-15,7.5130530669484,0,entree_mean,2
2,2022-11-16,7.4882235113514195,0,entree_mean,5
2,2022-11-17,7.621986670067463,0,entree_mean,1
2,2022-11-18,7.631995750370636,0,entree_mean,6
2,2022-11-19,7.88052560766629,0,entree_mean,5
2,2022-11-20,7.531774237820825,0,entree_mean,13
2,2022-11-22,7.5579023428179255,0,entree_mean,4
2,2022-11-24,7.681233943603425,0,entree_mean,1
2,2022-11-25,7.589843663708891,0,entree_mean,10
2,2022-11-26,7.495086805570522,0,entree_mean,6
2,2022-11-27,7.708398976108483,0,entree_mean,8
3,2022-10-03,6.259249832921591,0,entree_mean,10
3,2022-10-04,6.259547119035098,0,entree_mean,7
3,2022-10-05,6.258724628470312,0,entree_mean,5
3,2022-10-06,6.259535163815853,0,entree_mean,13
3,2022-10-07,6.259377246030751,0,entree_mean,5
3,2022-10-08,6.259212595983456,0,entree_mean,14
3,2022-10-09,6.259439743052764,0,entree_mean,14
3,2022-10-10,6.259443422764653,0,entree_mean,2
3,2022-10-11,6.258617386526795,0,entree_mean,11
3,2022-10-12,6.2597555777911005,0,entree_mean,21
3,2022-10-13,6.258712869979064,0,entree_mean,7
3,2022-10-14,6.258572781112861,0,entree_mean,28
3,2022-10-15,6.258863337253126,0,entree_mean,14
3,2022-10-16,6.258073116570292,0,entree_mean,12
3,2022-10-17,6.258788952306042,0,entree_mean,8
3,2022-10-18,6.252450782634198,0,entree_mean,4
3,2022-10-19,6.258836600478388,0,entree_mean,11
3,2022-10-20,6.2587716750396165,0,entree_mean,14
3,2022-10-21,6.258007754434322,0,entree_mean,11
3,2022-10-22,6.255231516423741,0,entree_mean,4
3,2022-10-23,6.258264154969575,0,entree_mean,10
3,2022-10-24,6.260753254749594,0,entree_mean,5
3,2022-10-25,6.250935848313211,0,entree_mean,2
3,2022-10-26,6.2571820043078015,0,entree_mean,15
3,2022-10-27,6.255736620447113,0,entree_mean,15
3,2022-10-28,6.25881222463821,0,entree_mean,9
3,2022-10-29,6.25862077212859,0,entree_mean,6
3,2022-10-30,6.258220741958295,0,entree_mean,10
3,2022-10-31,6.259168358491662,0,entree_mean,14
3,2022-11-01,6.258018117013516,0,entree_mean,16
3,2022-11-02,6.2582256786103665,0,entree_mean,21
3,2022-11-03,6.256971784338265,0,entree_mean,6
3,2022-11-04,6.260637943863846,0,entree_mean,10
3,2022-11-05,6.260398981769421,0,entree_mean,6
3,2022-11-06,6.258626702268003,0,entree_mean,21
3,2022-11-07,6.258297732015027,0,entree_mean,5
3,2022-11-08,6.15202548141298,0,entree_mean,5
3,2022-11-09,6.259481271240665,0,entree_mean,6
3,2022-11-10,6.258871436559305,0,entree_mean,9
3,2022-11-11,6.258996369579916,0,entree_mean,11
3,2022-11-12,6.258912444584934,0,entree_mean,6
3,2022-11-13,6.2589321578025165,0,entree_mean,13
3,2022-11-14,6.260251785431568,0,entree_mean,13
3,2022-11-15,6.258882668399325,0,entree_mean,9
3,2022-11-16,6.258637423776173,0,entree_mean,10
3,2022-11-17,6.258491996072159,0,entree_mean,11
3,2022-11-18,6.261278662997169,0,entree_mean,8
3,2022-11-19,6.32217325779283,0,entree_mean,8
3,2022-11-20,6.259216738671967,0,entree_mean,13
3,2022-11-21,6.258739906109899,0,entree_mean,6
3,2022-11-22,6.259453800401957,0,entree_mean,13
3,2022-11-23,6.259931962552141,0,entree_mean,8
3,2022-11-24,6.257400083612746,0,entree_mean,15
3,2022-11-25,6.258968979566764,0,entree_mean,6
3,2022-11-26,6.258624683861099,0,entree_mean,16
3,2022-11-27,6.258849140141065,0,entree_mean,20
4,2022-10-04,8.222402565386611,0,entree_mean,32
4,2022-10-05,8.2436765074791,0,entree_mean,12
4,2022-10-06,8.250960039586966,0,entree_mean,8
4,2022-10-07,8.253543230429091,0,entree_mean,3
4,2022-10-08,8.1906153755741,0,entree_mean,11
4,2022-10-09,8.241909242739096,0,entree_mean,45
4,2022-10-11,8.17404088094128,0,entree_mean,19
4,2022-10-12,8.24190981142305,0,entree_mean,32
4,2022-10-13,8.192711114431809,0,entree_mean,13
4,2022-10-14,8.238259565681117,0,entree_mean,13
4,2022-10-15,8.216348458054963,0,entree_mean,23
4,2022-10-16,8.245755547990548,0,entree_mean,25
4,2022-10-18,8.236893470688395,0,entree_mean,2
4,2022-10-19,8.236522357760103,0,entree_mean,3
4,2022-10-20,8.233710534264103,0,entree_mean,10
4,2022-10-21,8.234490169207064,0,entree_mean,8
4,2022-10-22,8.242094331494952,0,entree_mean,17
4,2022-10-23,8.242642179618086,0,entree_mean,29
4,2022-10-25,8.244986964698738,0,entree_mean,17
4,2022-10-26,8.242599311119239,0,entree_mean,13
4,2022-10-27,8.240127388053741,0,entree_mean,9
4,2022-10-28,8.236991192417783,0,entree_mean,14
4,2022-10-29,8.241185868163255,0,entree_mean,17
4,2022-10-30,8.243523945329162,0,entree_mean,38
4,2022-11-01,8.22587745912592,0,entree_mean,40
4,2022-11-02,8.19668771201607,0,entree_mean,13
4,2022-11-03,8.240565386812106,0,entree_mean,3
4,2022-11-04,8.242904494731768,0,entree_mean,23
4,2022-11-05,8.246063179376154,0,entree_mean,15
4,2022-11-06,8.244268421424525,0,entree_mean,40
4,2022-11-08,8.199570807506412,0,entree_mean,15
4,2022-11-09,8.243303086277924,0,entree_mean,22
4,2022-11-10,8.201448106593427,0,entree_mean,16
4,2022-11-11,8.204225239808103,0,entree_mean,16
4,2022-11-12,8.243287041762006,0,entree_mean,9
4,2022-11-13,8.219513007526484,0,entree_mean,29
4,2022-11-15,8.24191414796221,0,entree_mean,22
4,2022-11-16,8.242580193456847,0,entree_mean,4
4,2022-11-17,8.240653416602761,0,entree_mean,24
4,2022-11-18,8.244842432568044,0,entree_mean,6
4,2022-11-19,8.240970568925041,0,entree_mean,20
4,2022-11-20,8.22550311590476,0,entree_mean,36
4,2022-11-22,8.239692002228708,0,entree_mean,18
4,2022-11-23,8.24216806717292,0,entree_mean,5
4,2022-11-24,8.241376066308305,0,entree_mean,17
4,2022-11-25,8.240220239357756,0,entree_mean,15
4,2022-11-26,8.362614132375743,0,entree_mean,32
4,2022-11-27,8.327512573414827,0,entree_mean,48
5,2022-10-03,26.42941176470594,0,entree_mean,11
5,2022-10-04,26.429411764705975,0,entree_mean,20
5,2022-10-05,26.42941176470601,0,entree_mean,2
5,2022-10-06,26.429411764705925,0,entree_mean,17
5,2022-10-07,26.42941176470587,0,entree_mean,17
5,2022-10-08,26.429411764705893,0,entree_mean,11
5,2022-10-09,26.429411764705975,0,entree_mean,29
5,2022-10-10,26.429411764705986,0,entree_mean,9
5,2022-10-11,26.429411764705915,0,entree_mean,9
5,2022-10-12,26.429411764705964,0,entree_mean,41
5,2022-10-13,26.429411764705968,0,entree_mean,10
5,2022-10-14,26.429411764705915,0,entree_mean,11
5,2022-10-15,26.429411764705875,0,entree_mean,9
5,2022-10-16,26.429411764705968,0,entree_mean,18
5,2022-10-17,26.429411764705893,0,entree_mean,11
5,2022-10-18,26.429411764705907,0,entree_mean,5
5,2022-10-20,26.429411764705904,0,entree_mean,11
5,2022-10-21,26.429411764705947,0,entree_mean,3
5,2022-10-22,26.429411764705932,0,entree_mean,9
5,2022-10-23,26.42941176470588,0,entree_mean,14
5,2022-10-24,26.429411764705964,0,entree_mean,12
5,2022-10-25,26.42941176470595,0,entree_mean,5
5,2022-10-26,26.429411764705982,0,entree_mean,1
5,2022-10-27,26.42941176470602,0,entree_mean,4
5,2022-10-28,26.429411764705893,0,entree_mean,17
5,2022-10-29,26.429411764705982,0,entree_mean,21
5,2022-10-30,26.429411764705904,0,entree_mean,17
5,2022-10-31,26.429411764705932,0,entree_mean,18
5,2022-11-01,26.429411764705897,0,entree_mean,20
5,2022-11-02,26.42941176470601,0,entree_mean,17
5,2022-11-03,26.429411764705854,0,entree_mean,6
5,2022-11-04,26.42941176470578,0,entree_mean,1
5,2022-11-05,26.429411764705847,0,entree_mean,9
5,2022-11-06,26.42941176470578,0,entree_mean,16
5,2022-11-07,26.429411764705968,0,entree_mean,8
5,2022-11-08,26.42941176470593,0,entree_mean,4
5,2022-11-09,26.429411764705957,0,entree_mean,4
5,2022-11-10,26.42941176470595,0,entree_mean,4
5,2022-11-11,26.4294117647061,0,entree_mean,5
5,2022-11-12,26.42941176470585,0,entree_mean,12
5,2022-11-13,26.429411764705936,0,entree_mean,15
5,2022-11-14,26.42941176470587,0,entree_mean,1
5,2022-11-15,26.429411764705847,0,entree_mean,3
5,2022-11-16,26.429411764705897,0,entree_mean,1
5,2022-11-17,26.429411764705858,0,entree_mean,5
5,2022-11-18,26.42941176470583,0,entree_mean,6
5,2022-11-19,26.429411764705925,0,entree_mean,11
5,2022-11-20,26.429411764705993,0,entree_mean,16
5,2022-11-21,26.429411764705925,0,entree_mean,10
5,2022-11-22,26.42941176470583,0,entree_mean,5
6,2022-10-03,5.768749999999997,0,entree_mean,5
6,2022-10-04,5.768749999999997,0,entree_mean,6
6,2022-10-05,5.7687500000000025,0,entree_mean,8
6,2022-10-06,5.768750000000014,0,entree_mean,3
6,2022-10-07,5.768750000000021,0,entree_mean,2
6,2022-10-08,5.768750000000006,0,entree_mean,4
6,2022-10-09,5.768750000000028,0,entree_mean,5
6,2022-10-10,5.768749999999993,0,entree_mean,11
6,2022-10-11,5.768750000000023,0,entree_mean,5
6,2022-10-12,5.768750000000047,0,entree_mean,2
6,2022-10-13,5.768750000000017,0,entree_mean,2
6,2022-10-14,5.768750000000003,0,entree_mean,12
6,2022-10-15,5.768750000000001,0,entree_mean,5
6,2022-10-16,5.768750000000033,0,entree_mean,5
6,2022-10-17,5.768750000000001,0,entree_mean,5
6,2022-10-18,5.76875000000002,0,entree_mean,8
6,2022-10-20,5.768750000000023,0,entree_mean,5
6,2022-10-21,5.76875,0,entree_mean,4
6,2022-10-22,5.7687499999999865,0,entree_mean,16
6,2022-10-23,5.768750000000014,0,entree_mean,3
6,2022-10-24,5.7687500000000265,0,entree_mean,2
6,2022-10-25,5.768750000000014,0,entree_mean,3
6,2022-10-26,5.768750000000026,0,entree_mean,2
6,2022-10-28,5.768750000000011,0,entree_mean,10
6,2022-10-29,5.768749999999998,0,entree_mean,1
6,2022-10-30,5.768749999999998,0,entree_mean,2
6,2022-10-31,5.768749999999997,0,entree_mean,5
6,2022-11-01,5.7687500000000025,0,entree_mean,4
6,2022-11-02,5.768749999999998,0,entree_mean,4
6,2022-11-03,5.768749999999994,0,entree_mean,11
6,2022-11-04,5.768749999999996,0,entree_mean,7
6,2022-11-05,5.76874999999999,0,entree_mean,6
6,2022-11-06,5.7687500000000025,0,entree_mean,20
6,2022-11-07,5.768749999999983,0,entree_mean,3
6,2022-11-08,5.768750000000006,0,entree_mean,5
6,2022-11-09,5.7687499999999865,0,entree_mean,3
6,2022-11-10,5.768749999999992,0,entree_mean,3
6,2022-11-11,5.768750000000005,0,entree_mean,2
6,2022-11-12,5.768750000000015,0,entree_mean,11
6,2022-11-13,5.768750000000006,0,entree_mean,7
6,2022-11-14,5.768749999999992,0,entree_mean,4
6,2022-11-15,5.76875,0,entree_mean,3
6,2022-11-16,5.768750000000003,0,entree_mean,5
6,2022-11-17,5.7687499999999945,0,entree_mean,10
6,2022-11-18,5.7687500000000025,0,entree_mean,4
6,2022-11-19,5.768750000000011,0,entree_mean,1
6,2022-11-20,5.768749999999987,0,entree_mean,9
6,2022-11-21,5.768749999999992,0,entree_mean,2
6,2022-11-22,5.768750000000009,0,entree_mean,4
6,2022-11-23,5.768750000000008,0,entree_mean,4
6,2022-11-24,5.768749999999985,0,entree_mean,8
6,2022-11-26,5.768750000000005,0,entree_mean,4
6,2022-11-27,5.7687500000000025,0,entree_mean,17
7,2022-11-22,14.449999999999966,0,entree_mean,9
7,2022-11-23,14.449999999999937,0,entree_mean,28
7,2022-11-24,14.449999999999905,0,entree_mean,30
7,2022-11-25,14.449999999999866,0,entree_mean,52
7,2022-11-26,14.449999999999863,0,entree_mean,54
7,2022-11-27,14.44999999999984,0,entree_mean,68
8,2022-10-03,10.76285714285693,0,entree_mean,5
8,2022-10-04,10.762857142857131,0,entree_mean,11
8,2022-10-05,10.762857142857223,0,entree_mean,19
8,2022-10-06,10.762857142857296,0,entree_mean,15
8,2022-10-07,10.7628571428572,0,entree_mean,7
8,2022-10-08,10.762857142857188,0,entree_mean,6
8,2022-10-09,10.762857142857186,0,entree_mean,15
8,2022-10-10,10.762857142857095,0,entree_mean,3
8,2022-10-11,10.762857142857158,0,entree_mean,11
8,2022-10-12,10.762857142857138,0,entree_mean,10
8,2022-10-13,10.762857142857191,0,entree_mean,12
8,2022-10-14,10.762857142856992,0,entree_mean,29
8,2022-10-15,10.762857142857177,0,entree_mean,19
8,2022-10-16,10.762857142857202,0,entree_mean,26
8,2022-10-17,10.76285714285713,0,entree_mean,2
8,2022-10-18,10.762857142857227,0,entree_mean,8
8,2022-10-19,10.76285714285718,0,entree_mean,11
8,2022-10-20,10.762857142857243,0,entree_mean,30
8,2022-10-21,10.762857142857284,0,entree_mean,20
8,2022-10-22,10.76285714285714,0,entree_mean,25
8,2022-10-23,10.762857142857145,0,entree_mean,22
8,2022-10-24,10.762857142857126,0,entree_mean,7
8,2022-10-25,10.762857142857028,0,entree_mean,3
8,2022-10-26,10.762857142857177,0,entree_mean,15
8,2022-10-27,10.762857142857138,0,entree_mean,14
8,2022-10-28,10.762857142857147,0,entree_mean,21
8,2022-10-29,10.76285714285722,0,entree_mean,19
8,2022-10-30,10.762857142857074,0,entree_mean,20
8,2022-10-31,10.762857142857147,0,entree_mean,17
8,2022-11-01,10.762857142857227,0,entree_mean,5
8,2022-11-02,10.762857142857092,0,entree_mean,14
8,2022-11-03,10.762857142857195,0,entree_mean,17
8,2022-11-04,10.762857142857147,0,entree_mean,23
8,2022-11-05,10.762857142857253,0,entree_mean,21
8,2022-11-06,10.762857142857088,0,entree_mean,23
8,2022-11-08,10.762857142857083,0,entree_mean,3
8,2022-11-09,10.762857142857055,0,entree_mean,4
8,2022-11-10,10.762857142857118,0,entree_mean,15
8,2022-11-11,10.762857142857154,0,entree_mean,20
8,2022-11-12,10.762857142857165,0,entree_mean,17
8,2022-11-13,10.762857142857126,0,entree_mean,20
8,2022-11-14,10.762857142856971,0,entree_mean,3
8,2022-11-15,10.762857142857198,0,entree_mean,7
8,2022-11-16,10.76285714285716,0,entree_mean,5
8,2022-11-17,10.762857142857145,0,entree_mean,9
8,2022-11-18,10.76285714285717,0,entree_mean,22
8,2022-11-19,10.762857142857161,0,entree_mean,17
8,2022-11-20,10.762857142857111,0,entree_mean,23
8,2022-11-21,10.762857142857131,0,entree_mean,11
8,2022-11-22,10.762857142857337,0,entree_mean,1
8,2022-11-23,10.762857142857118,0,entree_mean,7
8,2022-11-24,10.762857142857188,0,entree_mean,17
8,2022-11-25,10.76285714285713,0,entree_mean,16
8,2022-11-26,10.762857142857158,0,entree_mean,22
8,2022-11-27,10.762857142857076,0,entree_mean,40
9,2022-10-20,10.333333333333341,0,entree_mean,14
9,2022-10-21,10.33333333333332,0,entree_mean,18
9,2022-10-22,10.33333333333334,0,entree_mean,22
9,2022-10-23,10.333333333333375,0,entree_mean,19
9,2022-10-24,10.33333333333332,0,entree_mean,32
9,2022-10-25,10.333333333333364,0,entree_mean,32
9,2022-10-26,10.33333333333332,0,entree_mean,14
9,2022-10-27,10.33333333333334,0,entree_mean,16
9,2022-10-28,10.333333333333309,0,entree_mean,17
9,2022-10-29,10.33333333333333,0,entree_mean,20
9,2022-10-30,10.333333333333366,0,entree_mean,26
9,2022-10-31,10.333333333333375,0,entree_mean,19
9,2022-11-01,10.333333333333348,0,entree_mean,14
9,2022-11-02,10.333333333333348,0,entree_mean,28
9,2022-11-03,10.333333333333352,0,entree_mean,12
9,2022-11-04,10.333333333333316,0,entree_mean,40
9,2022-11-05,10.333333333333359,0,entree_mean,23
9,2022-11-06,10.33333333333335,0,entree_mean,32
9,2022-11-07,10.33333333333334,0,entree_mean,13
9,2022-11-08,10.333333333333362,0,entree_mean,11
9,2022-11-09,10.333333333333352,0,entree_mean,16
9,2022-11-10,10.333333333333366,0,entree_mean,24
9,2022-11-11,10.333333333333364,0,entree_mean,30
9,2022-11-12,10.33333333333335,0,entree_mean,13
9,2022-11-13,10.333333333333371,0,entree_mean,32
9,2022-11-14,10.3333333333333,0,entree_mean,25
9,2022-11-15,10.333333333333352,0,entree_mean,14
9,2022-11-16,10.33333333333335,0,entree_mean,29
9,2022-11-17,10.333333333333359,0,entree_mean,24
9,2022-11-18,10.333333333333325,0,entree_mean,38
9,2022-11-19,10.333333333333355,0,entree_mean,30
9,2022-11-20,10.333333333333295,0,entree_mean,36
9,2022-11-21,10.333333333333352,0,entree_mean,11
9,2022-11-22,10.333333333333373,0,entree_mean,11
9,2022-11-23,10.333333333333362,0,entree_mean,17
9,2022-11-24,10.333333333333337,0,entree_mean,28
9,2022-11-25,10.333333333333357,0,entree_mean,14
9,2022-11-26,10.333333333333364,0,entree_mean,34
9,2022-11-27,10.33333333333335,0,entree_mean,26
10,2022-10-03,13.342857142856761,0,entree_mean,2
10,2022-10-04,13.342857142857147,0,entree_mean,16
10,2022-10-05,13.342857142857122,0,entree_mean,21
10,2022-10-06,13.342857142857165,0,entree_mean,14
10,2022-10-07,13.342857142857214,0,entree_mean,6
10,2022-10-08,13.34285714285717,0,entree_mean,28
10,2022-10-10,13.342857142857111,0,entree_mean,10
10,2022-10-11,13.34285714285717,0,entree_mean,15
10,2022-10-12,13.34285714285713,0,entree_mean,17
10,2022-10-13,13.342857142857126,0,entree_mean,11
10,2022-10-14,13.342857142857138,0,entree_mean,17
10,2022-10-15,13.34285714285717,0,entree_mean,11
10,2022-10-17,13.34285714285721,0,entree_mean,6
10,2022-10-18,13.34285714285712,0,entree_mean,4
10,2022-10-19,13.342857142857135,0,entree_mean,21
10,2022-10-20,13.342857142857126,0,entree_mean,13
10,2022-10-21,13.342857142857158,0,entree_mean,7
10,2022-10-22,13.342857142857111,0,entree_mean,19
10,2022-10-24,13.342857142857094,0,entree_mean,5
10,2022-10-25,13.342857142857149,0,entree_mean,4
10,2022-10-26,13.342857142857131,0,entree_mean,10
10,2022-10-27,13.342857142857126,0,entree_mean,11
10,2022-10-28,13.342857142857167,0,entree_mean,14
10,2022-10-29,13.34285714285714,0,entree_mean,11
10,2022-10-31,13.34285714285713,0,entree_mean,22
10,2022-11-01,13.342857142857103,0,entree_mean,23
10,2022-11-02,13.342857142857138,0,entree_mean,10
10,2022-11-03,13.342857142857147,0,entree_mean,12
10,2022-11-04,13.34285714285712,0,entree_mean,13
10,2022-11-05,13.342857142857135,0,entree_mean,26
10,2022-11-07,13.34285714285713,0,entree_mean,12
10,2022-11-08,13.342857142857156,0,entree_mean,10
10,2022-11-09,13.342857142857117,0,entree_mean,11
10,2022-11-10,13.342857142857158,0,entree_mean,9
10,2022-11-11,13.342857142857152,0,entree_mean,36
10,2022-11-12,13.34285714285714,0,entree_mean,31
10,2022-11-14,13.342857142857158,0,entree_mean,10
10,2022-11-15,13.342857142857182,0,entree_mean,6
10,2022-11-16,13.342857142857197,0,entree_mean,6
10,2022-11-17,13.342857142857135,0,entree_mean,12
10,2022-11-18,13.342857142857135,0,entree_mean,15
10,2022-11-19,13.342857142857175,0,entree_mean,22
10,2022-11-21,13.342857142857152,0,entree_mean,8
10,2022-11-22,13.342857142857122,0,entree_mean,12
10,2022-11-23,13.342857142857147,0,entree_mean,13
10,2022-11-24,13.342857142857131,0,entree_mean,21
10,2022-11-25,13.342857142857111,0,entree_mean,44
10,2022-11-26,13.342857142857149,0,entree_mean,34
11,2022-10-03,8.239325417353168,0,entree_mean,26
11,2022-10-04,8.173807053331089,0,entree_mean,27
11,2022-10-05,8.206388595951603,0,entree_mean,29
11,2022-10-06,8.194397644042551,0,entree_mean,53
11,2022-10-07,8.256557881301989,0,entree_mean,22
11,2022-10-08,8.185388510303108,0,entree_mean,47
11,2022-10-09,8.164130548746776,0,entree_mean,49
11,2022-10-10,8.225101964242334,0,entree_mean,44
11,2022-10-11,8.20437287999773,0,entree_mean,33
11,2022-10-12,8.235050665396924,0,entree_mean,34
11,2022-10-13,8.201843169424468,0,entree_mean,24
11,2022-10-14,8.188153173684556,0,entree_mean,14
11,2022-10-15,8.207000267641146,0,entree_mean,31
11,2022-10-16,8.213973787509305,0,entree_mean,70
11,2022-10-17,8.186782513713434,0,entree_mean,28
11,2022-10-18,8.220320065114985,0,entree_mean,29
11,2022-10-19,8.186799881401255,0,entree_mean,30
11,2022-10-20,8.219807744304953,0,entree_mean,36
11,2022-10-21,8.157044931970276,0,entree_mean,20
11,2022-10-22,8.198003481765914,0,entree_mean,36
11,2022-10-23,8.175755176420523,0,entree_mean,26
11,2022-10-24,8.17744859584858,0,entree_mean,43
11,2022-10-25,8.2605781201849,0,entree_mean,39
11,2022-10-26,8.17160104591327,0,entree_mean,44
11,2022-10-27,8.146408966451585,0,entree_mean,33
11,2022-10-28,8.21447543361417,0,entree_mean,29
11,2022-10-29,8.217416348544978,0,entree_mean,26
11,2022-10-30,8.183916215195914,0,entree_mean,64
11,2022-10-31,8.383185691081342,0,entree_mean,34
11,2022-11-01,8.680917369634535,0,entree_mean,57
11,2022-11-02,8.668778408242794,0,entree_mean,30
11,2022-11-03,8.681588330857055,0,entree_mean,42
11,2022-11-04,8.60126965770985,0,entree_mean,36
11,2022-11-05,8.642172467420112,0,entree_mean,27
11,2022-11-06,8.685946764935458,0,entree_mean,34
11,2022-11-07,8.659444842690684,0,entree_mean,29
11,2022-11-08,8.620626316357608,0,entree_mean,27
11,2022-11-09,8.629208359441135,0,entree_mean,21
11,2022-11-10,8.64486422989661,0,entree_mean,33
11,2022-11-11,8.633952187140759,0,entree_mean,37
11,2022-11-12,8.710112005061701,0,entree_mean,38
11,2022-11-13,8.673802771323674,0,entree_mean,43
11,2022-11-14,8.715018828004219,0,entree_mean,44
11,2022-11-15,8.663492519664661,0,entree_mean,36
11,2022-11-16,8.620187878974301,0,entree_mean,12
11,2022-11-17,8.668615250904598,0,entree_mean,22
11,2022-11-18,8.610189216190392,0,entree_mean,11
11,2022-11-19,8.686795328607321,0,entree_mean,13
11,2022-11-20,8.646846181051096,0,entree_mean,36
11,2022-11-21,8.61428254289188,0,entree_mean,19
11,2022-11-22,8.590226922121124,0,entree_mean,11
11,2022-11-23,8.73217981918375,0,entree_mean,7
11,2022-11-24,8.728065499417033,0,entree_mean,25
11,2022-11-25,8.697917437660806,0,entree_mean,25
11,2022-11-26,8.731185416260022,0,entree_mean,14
11,2022-11-27,8.678513020236391,0,entree_mean,49
12,2022-10-04,3.866666666666662,0,entree_mean,3
12,2022-10-05,3.866666666666671,0,entree_mean,4
12,2022-10-06,3.8666666666666663,0,entree_mean,6
12,2022-10-07,3.8666666666666583,0,entree_mean,3
12,2022-10-08,3.8666666666666774,0,entree_mean,4
12,2022-10-09,3.8666666666666694,0,entree_mean,4
12,2022-10-11,3.866666666666662,0,entree_mean,2
12,2022-10-14,3.8666666666666765,0,entree_mean,13
12,2022-10-15,3.866666666666671,0,entree_mean,13
12,2022-10-16,3.866666666666674,0,entree_mean,20
12,2022-10-19,3.8666666666666782,0,entree_mean,7
12,2022-10-20,3.866666666666674,0,entree_mean,7
12,2022-10-22,3.8666666666666685,0,entree_mean,5
12,2022-10-23,3.8666666666666654,0,entree_mean,9
12,2022-10-25,3.866666666666686,0,entree_mean,3
12,2022-10-26,3.8666666666666876,0,entree_mean,3
12,2022-10-27,3.866666666666658,0,entree_mean,2
12,2022-10-28,3.866666666666667,0,entree_mean,2
12,2022-10-30,3.8666666666666654,0,entree_mean,7
12,2022-11-01,3.866666666666674,0,entree_mean,12
12,2022-11-03,3.8666666666666702,0,entree_mean,4
12,2022-11-04,3.866666666666679,0,entree_mean,3
12,2022-11-05,3.866666666666674,0,entree_mean,3
12,2022-11-09,3.8666666666666636,0,entree_mean,1
12,2022-11-10,3.866666666666667,0,entree_mean,11
12,2022-11-11,3.866666666666667,0,entree_mean,6
12,2022-11-13,3.8666666666666747,0,entree_mean,8
12,2022-11-15,3.8666666666666765,0,entree_mean,7
12,2022-11-18,3.866666666666667,0,entree_mean,7
12,2022-11-19,3.8666666666666774,0,entree_mean,7
12,2022-11-20,3.866666666666671,0,entree_mean,4
12,2022-11-23,3.866666666666674,0,entree_mean,4
12,2022-11-24,3.8666666666666782,0,entree_mean,4
12,2022-11-25,3.8666666666666702,0,entree_mean,5
12,2022-11-26,3.8666666666666645,0,entree_mean,3
13,2022-10-03,6.7425,0,entree_mean,7
13,2022-10-04,6.7425,0,entree_mean,13
13,2022-10-05,6.742500000000024,0,entree_mean,17
13,2022-10-06,6.742500000000009,0,entree_mean,28
13,2022-10-07,6.74250000000001,0,entree_mean,30
13,2022-10-08,6.742499999999984,0,entree_mean,37
13,2022-10-09,6.742499999999968,0,entree_mean,42
13,2022-10-11,6.742499999999998,0,entree_mean,26
13,2022-10-12,6.742499999999993,0,entree_mean,39
13,2022-10-13,6.742499999999932,0,entree_mean,26
13,2022-10-14,6.742499999999993,0,entree_mean,47
13,2022-10-15,6.742499999999972,0,entree_mean,31
13,2022-10-16,6.742499999999975,0,entree_mean,44
13,2022-10-18,6.7425,0,entree_mean,34
13,2022-10-19,6.742499999999991,0,entree_mean,7
13,2022-10-20,6.742499999999993,0,entree_mean,28
13,2022-10-21,6.742499999999978,0,entree_mean,6
13,2022-10-22,6.742499999999991,0,entree_mean,46
13,2022-10-23,6.742499999999978,0,entree_mean,49
13,2022-10-24,6.7424999999999935,0,entree_mean,8
13,2022-10-25,6.742500000000007,0,entree_mean,4
13,2022-10-26,6.742499999999938,0,entree_mean,8
13,2022-10-27,6.742500000000006,0,entree_mean,19
13,2022-10-28,6.742500000000017,0,entree_mean,26
13,2022-10-29,6.742500000000004,0,entree_mean,19
13,2022-10-30,6.742499999999994,0,entree_mean,87
13,2022-10-31,6.742499999999974,0,entree_mean,45
13,2022-11-01,6.742499999999993,0,entree_mean,27
13,2022-11-02,6.742499999999999,0,entree_mean,7
13,2022-11-03,6.742499999999989,0,entree_mean,12
13,2022-11-04,6.74249999999999,0,entree_mean,40
13,2022-11-05,6.742499999999991,0,entree_mean,56
13,2022-11-06,6.742499999999987,0,entree_mean,73
13,2022-11-07,6.742499999999978,0,entree_mean,12
13,2022-11-08,6.74250000000001,0,entree_mean,18
13,2022-11-09,6.742500000000013,0,entree_mean,15
13,2022-11-10,6.742499999999971,0,entree_mean,14
13,2022-11-11,6.742499999999983,0,entree_mean,47
13,2022-11-12,6.742500000000006,0,entree_mean,22
13,2022-11-13,6.742499999999981,0,entree_mean,39
13,2022-11-14,6.742499999999988,0,entree_mean,15
13,2022-11-15,6.7425,0,entree_mean,13
13,2022-11-16,6.742499999999997,0,entree_mean,12
13,2022-11-17,6.742499999999989,0,entree_mean,24
13,2022-11-18,6.7425000000000015,0,entree_mean,19
13,2022-11-19,6.742499999999982,0,entree_mean,45
13,2022-11-20,6.742499999999969,0,entree_mean,71
13,2022-11-22,6.742499999999969,0,entree_mean,7
13,2022-11-23,6.742499999999969,0,entree_mean,12
13,2022-11-24,6.742499999999969,0,entree_mean,26
13,2022-11-25,6.742499999999981,0,entree_mean,47
13,2022-11-26,6.742499999999998,0,entree_mean,36
13,2022-11-27,6.742500000000026,0,entree_mean,79
14,2022-10-04,5.678556779777247,0,entree_mean,4
14,2022-10-05,5.880370396156317,0,entree_mean,4
14,2022-10-06,5.879231302568617,0,entree_mean,2
14,2022-10-07,5.908508283859045,0,entree_mean,8
14,2022-10-09,5.764114649453985,0,entree_mean,10
14,2022-10-10,5.860192868542078,0,entree_mean,4
14,2022-10-11,5.73235476395059,0,entree_mean,2
14,2022-10-12,5.8070749667129204,0,entree_mean,8
14,2022-10-16,5.8456649692941545,0,entree_mean,4
14,2022-10-17,6.499999999999989,2,entree_mean,2
14,2022-10-19,5.825358404904407,0,entree_mean,1
14,2022-10-20,5.879231302568629,0,entree_mean,6
14,2022-10-21,5.817304232886266,0,entree_mean,7
14,2022-10-22,5.746468557740414,0,entree_mean,2
14,2022-10-23,7.000000000000018,1,entree_mean,3
14,2022-10-24,5.880045564097097,0,entree_mean,1
14,2022-10-25,5.866032886556914,0,entree_mean,2
14,2022-10-26,5.640835954766702,0,entree_mean,2
14,2022-10-27,5.667548847817648,0,entree_mean,8
14,2022-10-28,5.732354763950599,0,entree_mean,3
14,2022-10-30,5.030708714547796,0,entree_mean,14
14,2022-10-31,5.793069216098703,0,entree_mean,1
14,2022-11-01,5.32743231457792,0,entree_mean,3
14,2022-11-02,5.269434288872632,0,entree_mean,7
14,2022-11-03,5.86486927566512,0,entree_mean,6
14,2022-11-04,5.746468557740417,0,entree_mean,2
14,2022-11-05,5.815259646503567,0,entree_mean,10
14,2022-11-07,6.0052103312469285,0,entree_mean,3
14,2022-11-09,2.499999999999984,3,component_mean,1
14,2022-11-10,5.779032228621877,0,entree_mean,8
14,2022-11-11,5.375754151537147,0,entree_mean,4
14,2022-11-12,5.2003704923211425,0,entree_mean,6
14,2022-11-13,5.866723000825133,0,entree_mean,6
14,2022-11-14,5.805381735640552,0,entree_mean,6
14,2022-11-15,5.836882728212544,0,entree_mean,3
14,2022-11-16,5.8156931980699715,0,entree_mean,6
14,2022-11-17,5.889712150496334,0,entree_mean,7
14,2022-11-18,6.113820563884885,0,entree_mean,5
14,2022-11-20,5.828796554253663,0,entree_mean,3
14,2022-11-23,5.974460131978272,0,entree_mean,8
14,2022-11-25,6.111036527853498,0,entree_mean,5
14,2022-11-27,5.943463578954603,0,entree_mean,9
15,2022-10-03,8.64114998306025,0,entree_mean,3
15,2022-10-08,8.77807075446837,0,entree_mean,7
15,2022-10-09,8.633928796528208,0,entree_mean,8
15,2022-10-11,8.946327069333805,0,entree_mean,3
15,2022-10-12,8.703067427253133,0,entree_mean,17
15,2022-10-13,8.731531756587438,0,entree_mean,1
15,2022-10-14,8.67954615044285,0,entree_mean,4
15,2022-10-16,8.558421004567965,0,entree_mean,16
15,2022-10-18,8.602923670834167,0,entree_mean,2
15,2022-10-23,8.560870916914064,0,entree_mean,26
15,2022-10-24,8.561491812289614,0,entree_mean,3
15,2022-10-26,8.581068111654384,0,entree_mean,10
15,2022-10-27,8.582684693427115,0,entree_mean,3
15,2022-10-28,8.564605128618426,0,entree_mean,1
15,2022-10-30,8.555362202432011,0,entree_mean,18
15,2022-10-31,8.538927285615948,0,entree_mean,8
15,2022-11-01,8.564840385260668,0,entree_mean,19
15,2022-11-02,8.591288465317922,0,entree_mean,4
15,2022-11-04,8.549494989665375,0,entree_mean,13
15,2022-11-06,8.567016797206666,0,entree_mean,39
15,2022-11-07,8.522351327535251,0,entree_mean,6
15,2022-11-10,8.515753415454352,0,entree_mean,6
15,2022-11-11,8.553847386386959,0,entree_mean,1
15,2022-11-12,8.522296135956639,0,entree_mean,18
15,2022-11-13,8.55724998969337,0,entree_mean,3
15,2022-11-14,8.570459588577188,0,entree_mean,4
15,2022-11-16,8.558300145942153,0,entree_mean,1
15,2022-11-19,8.562063447942915,0,entree_mean,13
15,2022-11-20,8.560402737701503,0,entree_mean,28
15,2022-11-21,8.554181090065324,0,entree_mean,3
15,2022-11-22,8.562343618502364,0,entree_mean,3
15,2022-11-24,8.54549367928937,0,entree_mean,1
15,2022-11-26,8.566009193557532,0,entree_mean,16
15,2022-11-27,8.540655560932278,0,entree_mean,14
16,2022-10-04,7.158823529411812,0,entree_mean,3
16,2022-10-05,7.158823529411758,0,entree_mean,2
16,2022-10-06,7.158823529411783,0,entree_mean,5
16,2022-10-08,7.158823529411812,0,entree_mean,2
16,2022-10-09,7.158823529411782,0,entree_mean,7
16,2022-10-12,7.158823529411758,0,entree_mean,1
16,2022-10-13,7.158823529411791,0,entree_mean,4
16,2022-10-14,7.158823529411765,0,entree_mean,6
16,2022-10-15,7.158823529411734,0,entree_mean,2
16,2022-10-16,7.15882352941177,0,entree_mean,14
16,2022-10-17,7.158823529411643,0,entree_mean,2
16,2022-10-18,7.158823529411777,0,entree_mean,8
16,2022-10-19,7.158823529411788,0,entree_mean,11
16,2022-10-20,7.15882352941175,0,entree_mean,2
16,2022-10-21,7.15882352941179,0,entree_mean,7
16,2022-10-22,7.158823529411748,0,entree_mean,3
16,2022-10-23,7.158823529411786,0,entree_mean,9
16,2022-10-25,7.158823529411794,0,entree_mean,11
16,2022-10-26,7.158823529411782,0,entree_mean,9
16,2022-10-27,7.158823529411778,0,entree_mean,3
16,2022-10-28,7.1588235294117455,0,entree_mean,5
16,2022-10-29,7.15882352941179,0,entree_mean,7
16,2022-10-30,7.1588235294118014,0,entree_mean,16
16,2022-10-31,7.158823529411778,0,entree_mean,5
16,2022-11-01,7.158823529411766,0,entree_mean,19
16,2022-11-02,7.158823529411801,0,entree_mean,8
16,2022-11-03,7.158823529411772,0,entree_mean,4
16,2022-11-04,7.1588235294117775,0,entree_mean,9
16,2022-11-05,7.158823529411799,0,entree_mean,8
16,2022-11-06,7.1588235294117855,0,entree_mean,6
16,2022-11-07,7.158823529411784,0,entree_mean,3
16,2022-11-08,7.158823529411822,0,entree_mean,6
16,2022-11-09,7.1588235294117855,0,entree_mean,5
16,2022-11-10,7.1588235294118,0,entree_mean,9
16,2022-11-11,7.158823529411782,0,entree_mean,3
16,2022-11-12,7.1588235294117695,0,entree_mean,8
16,2022-11-13,7.158823529411773,0,entree_mean,14
16,2022-11-16,7.158823529411808,0,entree_mean,5
16,2022-11-17,7.158823529411781,0,entree_mean,9
16,2022-11-18,7.158823529411787,0,entree_mean,9
16,2022-11-19,7.1588235294117775,0,entree_mean,8
16,2022-11-20,7.158823529411818,0,entree_mean,3
16,2022-11-23,7.158823529411789,0,entree_mean,6
16,2022-11-24,7.158823529411802,0,entree_mean,2
16,2022-11-25,7.15882352941176,0,entree_mean,3
16,2022-11-26,7.1588235294117535,0,entree_mean,1
16,2022-11-27,7.158823529411764,0,entree_mean,4
17,2022-10-06,10.82607502091641,0,entree_mean,20
17,2022-10-07,10.608798967694586,0,entree_mean,20
17,2022-10-08,10.827973359177692,0,entree_mean,16
17,2022-10-09,10.818114957299157,0,entree_mean,17
17,2022-10-11,10.824977658162018,0,entree_mean,15
17,2022-10-12,10.810735771280452,0,entree_mean,16
17,2022-10-13,10.968574305116212,0,entree_mean,28
17,2022-10-14,10.821221778408312,0,entree_mean,19
17,2022-10-15,10.421896441805758,0,entree_mean,19
17,2022-10-16,10.934078112965244,0,entree_mean,16
17,2022-10-19,10.822044055025653,0,entree_mean,23
17,2022-10-20,10.826557300434335,0,entree_mean,7
17,2022-10-21,11.023488765522472,0,entree_mean,34
17,2022-10-22,10.904196713748012,0,entree_mean,24
17,2022-10-23,10.81257241491023,0,entree_mean,34
17,2022-10-24,10.833028007105327,0,entree_mean,13
17,2022-10-25,10.830513441974176,0,entree_mean,4
17,2022-10-26,10.807109895065857,0,entree_mean,11
17,2022-10-28,10.92605197586963,0,entree_mean,30
17,2022-10-29,10.629518591183908,0,entree_mean,20
17,2022-10-30,10.867397418226188,0,entree_mean,41
17,2022-11-01,10.829492248450219,0,entree_mean,41
17,2022-11-02,10.960333218328206,0,entree_mean,10
17,2022-11-03,10.099304212697323,0,entree_mean,11
17,2022-11-04,11.07366475011739,0,entree_mean,12
17,2022-11-05,10.804407230408415,0,entree_mean,15
17,2022-11-06,10.896925919166666,0,entree_mean,28
17,2022-11-08,10.82908520666622,0,entree_mean,20
17,2022-11-09,10.82325194942534,0,entree_mean,9
17,2022-11-10,10.787436286004258,0,entree_mean,6
17,2022-11-11,10.834985409477177,0,entree_mean,15
17,2022-11-12,10.81868017393732,0,entree_mean,24
17,2022-11-13,10.814646536600218,0,entree_mean,28
17,2022-11-15,10.826578374267099,0,entree_mean,12
17,2022-11-16,10.966118797853467,0,entree_mean,14
17,2022-11-17,10.825015328914603,0,entree_mean,16
17,2022-11-18,10.819402511023542,0,entree_mean,32
17,2022-11-19,10.928715977386883,0,entree_mean,17
17,2022-11-20,10.696272335068262,0,entree_mean,35
17,2022-11-22,10.829695456964224,0,entree_mean,5
17,2022-11-23,10.79820395837773,0,entree_mean,11
17,2022-11-24,10.812218280730235,0,entree_mean,10
17,2022-11-25,10.685111489406134,0,entree_mean,38
17,2022-11-26,10.815806040426642,0,entree_mean,23
17,2022-11-27,10.807891924961142,0,entree_mean,18
18,2022-10-11,14.889188751579585,0,entree_mean,3
18,2022-10-12,14.80209427420644,0,entree_mean,2
18,2022-10-13,14.681267858932824,0,entree_mean,2
18,2022-10-14,14.811731174674458,0,entree_mean,14
18,2022-10-18,14.788712155160756,0,entree_mean,1
18,2022-10-20,14.815488502562737,0,entree_mean,1
18,2022-10-21,14.8468195855724,0,entree_mean,4
18,2022-10-23,14.875363268695448,0,entree_mean,2
18,2022-10-27,14.889188751579889,0,entree_mean,2
18,2022-10-28,14.816081699174728,0,entree_mean,2
18,2022-10-29,14.824693221627202,0,entree_mean,10
18,2022-11-01,14.788712155160773,0,entree_mean,1
18,2022-11-03,14.771344192040592,0,entree_mean,6
18,2022-11-04,14.832674821868684,0,entree_mean,8
18,2022-11-05,14.838995932842154,0,entree_mean,4
18,2022-11-06,14.839786164511137,0,entree_mean,4
18,2022-11-08,16.4786689153109,0,entree_mean,11
18,2022-11-09,14.80974473512478,0,entree_mean,20
18,2022-11-10,14.821250116295634,0,entree_mean,14
18,2022-11-11,14.805841369787876,0,entree_mean,13
18,2022-11-12,14.792488520292496,0,entree_mean,18
18,2022-11-13,14.800143574113262,0,entree_mean,16
18,2022-11-15,14.667037864796137,0,entree_mean,7
18,2022-11-16,14.788712155160773,0,entree_mean,6
18,2022-11-17,14.849673081847424,0,entree_mean,14
18,2022-11-18,14.79763222291976,0,entree_mean,6
18,2022-11-19,14.796081301736335,0,entree_mean,3
18,2022-11-20,14.832987940332526,0,entree_mean,12
18,2022-11-22,14.811929730094079,0,entree_mean,9
18,2022-11-24,6.499999999999992,1,component_mean,1
18,2022-11-25,14.856850001634854,0,entree_mean,3
18,2022-11-26,14.818809576367707,0,entree_mean,5
18,2022-11-27,14.814332732254393,0,entree_mean,3
19,2022-10-03,5.763950000737955,0,entree_mean,15
19,2022-10-04,5.762730252409265,0,entree_mean,13
19,2022-10-05,5.76824195528965,0,entree_mean,4
19,2022-10-06,5.763024807351633,0,entree_mean,5
19,2022-10-07,5.760964673706289,0,entree_mean,1
19,2022-10-09,5.763166717004761,0,entree_mean,17
19,2022-10-10,5.763670297736431,0,entree_mean,8
19,2022-10-11,5.763570250232614,0,entree_mean,9
19,2022-10-12,5.763341030952933,0,entree_mean,23
19,2022-10-13,5.762865781926254,0,entree_mean,4
19,2022-10-14,5.762573902543496,0,entree_mean,2
19,2022-10-16,5.763033351045354,0,entree_mean,46
19,2022-10-17,5.761728239971812,0,entree_mean,8
19,2022-10-18,5.762937001891017,0,entree_mean,9
19,2022-10-19,5.762277848016165,0,entree_mean,12
19,2022-10-20,5.762252813749138,0,entree_mean,6
19,2022-10-21,5.8126841087833325,0,entree_mean,16
19,2022-10-23,5.763482894826654,0,entree_mean,15
19,2022-10-24,5.76157748429139,0,entree_mean,2
19,2022-10-25,5.762397472122479,0,entree_mean,11
19,2022-10-26,5.762586961148849,0,entree_mean,5
19,2022-10-27,5.762687766671304,0,entree_mean,9
19,2022-10-28,5.763230659408544,0,entree_mean,13
19,2022-10-30,5.763401220102998,0,entree_mean,16
19,2022-10-31,5.76319243859745,0,entree_mean,12
19,2022-11-01,5.762578093777938,0,entree_mean,33
19,2022-11-02,5.759952546511048,0,entree_mean,2
19,2022-11-03,5.7568625524862655,0,entree_mean,14
19,2022-11-04,5.754942220701281,0,entree_mean,13
19,2022-11-06,5.757882239918401,0,entree_mean,16
19,2022-11-07,5.76418025478222,0,entree_mean,13
19,2022-11-08,5.762597181464421,0,entree_mean,7
19,2022-11-09,5.762062429897504,0,entree_mean,10
19,2022-11-10,5.745973189787541,0,entree_mean,5
19,2022-11-11,5.761617001134346,0,entree_mean,6
19,2022-11-13,5.757619892653991,0,entree_mean,16
19,2022-11-14,5.754535373085841,0,entree_mean,10
19,2022-11-15,5.763480974611009,0,entree_mean,9
19,2022-11-16,5.757055354005835,0,entree_mean,12
19,2022-11-17,5.76381000800524,0,entree_mean,6
19,2022-11-18,5.762162943501662,0,entree_mean,7
19,2022-11-20,5.763194122632411,0,entree_mean,19
19,2022-11-21,5.755736254273606,0,entree_mean,8
19,2022-11-22,5.762358428910229,0,entree_mean,14
19,2022-11-23,5.7624328471688795,0,entree_mean,8
19,2022-11-24,5.7465171293669535,0,entree_mean,5
19,2022-11-25,5.764116532794604,0,entree_mean,5
19,2022-11-27,5.7633635313684035,0,entree_mean,24
20,2022-10-03,7.36732476176986,0,entree_mean,34
20,2022-10-04,7.3695878760953955,0,entree_mean,36
20,2022-10-05,7.484883353217167,0,entree_mean,25
20,2022-10-06,7.478420399855193,0,entree_mean,37
20,2022-10-07,7.537864088792975,0,entree_mean,21
20,2022-10-08,7.413366005433758,0,entree_mean,20
20,2022-10-09,7.5174360668409745,0,entree_mean,61
20,2022-10-10,7.5502743487698565,0,entree_mean,29
20,2022-10-11,7.538954143382896,0,entree_mean,21
20,2022-10-12,7.54605769329283,0,entree_mean,44
20,2022-10-13,7.538046612960064,0,entree_mean,25
20,2022-10-14,7.507556508594498,0,entree_mean,42
20,2022-10-15,7.516486912243209,0,entree_mean,68
20,2022-10-16,7.542416603515892,0,entree_mean,40
20,2022-10-17,7.537210602695664,0,entree_mean,15
20,2022-10-18,7.546413007168135,0,entree_mean,18
20,2022-10-19,7.550596762509436,0,entree_mean,25
20,2022-10-20,7.543359311525237,0,entree_mean,19
20,2022-10-21,7.5486632470162505,0,entree_mean,29
20,2022-10-22,7.5634196885887635,0,entree_mean,24
20,2022-10-23,7.54528473967801,0,entree_mean,50
20,2022-10-24,7.544151723144956,0,entree_mean,37
20,2022-10-25,7.544960143098533,0,entree_mean,22
20,2022-10-26,7.552805985172973,0,entree_mean,14
20,2022-10-27,7.53459994686923,0,entree_mean,21
20,2022-10-28,7.539362415986679,0,entree_mean,54
20,2022-10-29,7.551901751308764,0,entree_mean,80
20,2022-10-30,7.554740724946469,0,entree_mean,64
20,2022-10-31,7.53488301595629,0,entree_mean,31
20,2022-11-01,7.549349124662764,0,entree_mean,66
20,2022-11-02,7.541056699321697,0,entree_mean,25
20,2022-11-03,7.5490292235831005,0,entree_mean,41
20,2022-11-04,7.544212450498477,0,entree_mean,25
20,2022-11-05,7.546177318342995,0,entree_mean,43
20,2022-11-06,7.54448065998624,0,entree_mean,79
20,2022-11-07,7.5443993387295984,0,entree_mean,30
20,2022-11-08,7.580461930029477,0,entree_mean,20
20,2022-11-09,7.5680213575743975,0,entree_mean,39
20,2022-11-10,7.55269696131673,0,entree_mean,32
20,2022-11-11,7.546184280815909,0,entree_mean,44
20,2022-11-12,7.548084161908814,0,entree_mean,72
20,2022-11-13,7.548990051217097,0,entree_mean,68
20,2022-11-14,7.555577860276415,0,entree_mean,46
20,2022-11-15,7.5366800363873105,0,entree_mean,20
20,2022-11-16,7.5367447028343895,0,entree_mean,27
20,2022-11-17,7.542272815361385,0,entree_mean,26
20,2022-11-18,7.573531546424161,0,entree_mean,23
20,2022-11-19,7.553605011685543,0,entree_mean,53
20,2022-11-20,7.553535175442588,0,entree_mean,51
20,2022-11-21,7.554675945307672,0,entree_mean,35
20,2022-11-22,7.563674023909094,0,entree_mean,23
20,2022-11-23,7.543486860138276,0,entree_mean,23
20,2022-11-24,7.5375615859318925,0,entree_mean,34
20,2022-11-25,7.551198314435723,0,entree_mean,39
20,2022-11-26,7.549732395455507,0,entree_mean,92
20,2022-11-27,7.536779978698112,0,entree_mean,72
20,2022-11-28,7.535962783182274,0,entree_mean,4
21,2022-10-03,4.417058823529398,0,entree_mean,7
21,2022-10-04,4.417058823529421,0,entree_mean,8
21,2022-10-05,4.41705882352942,0,entree_mean,7
21,2022-10-06,4.417058823529418,0,entree_mean,7
21,2022-10-07,4.41705882352942,0,entree_mean,15
21,2022-10-08,4.417058823529409,0,entree_mean,28
21,2022-10-09,4.4170588235294135,0,entree_mean,22
21,2022-10-10,4.417058823529412,0,entree_mean,13
21,2022-10-11,4.417058823529418,0,entree_mean,9
21,2022-10-12,4.417058823529401,0,entree_mean,21
21,2022-10-13,4.4170588235294135,0,entree_mean,15
21,2022-10-14,4.4170588235294055,0,entree_mean,7
21,2022-10-15,4.417058823529421,0,entree_mean,5
21,2022-10-16,4.417058823529407,0,entree_mean,7
21,2022-10-17,4.417058823529414,0,entree_mean,7
21,2022-10-18,4.4170588235294135,0,entree_mean,4
21,2022-10-19,4.4170588235294135,0,entree_mean,11
21,2022-10-20,4.417058823529421,0,entree_mean,22
21,2022-10-21,4.417058823529415,0,entree_mean,11
21,2022-10-22,4.417058823529414,0,entree_mean,19
21,2022-10-23,4.417058823529408,0,entree_mean,20
21,2022-10-24,4.417058823529422,0,entree_mean,4
21,2022-10-25,4.4170588235294295,0,entree_mean,1
21,2022-10-26,4.417058823529429,0,entree_mean,7
21,2022-10-27,4.417058823529419,0,entree_mean,23
21,2022-10-28,4.417058823529418,0,entree_mean,9
21,2022-10-29,4.417058823529395,0,entree_mean,10
21,2022-10-30,4.417058823529412,0,entree_mean,24
21,2022-10-31,4.417058823529404,0,entree_mean,10
21,2022-11-01,4.417058823529419,0,entree_mean,24
21,2022-11-02,4.417058823529411,0,entree_mean,5
21,2022-11-03,4.417058823529415,0,entree_mean,11
21,2022-11-04,4.417058823529429,0,entree_mean,6
21,2022-11-05,4.4170588235294135,0,entree_mean,10
21,2022-11-06,4.417058823529422,0,entree_mean,16
21,2022-11-07,4.417058823529414,0,entree_mean,7
21,2022-11-08,4.4170588235294135,0,entree_mean,13
21,2022-11-09,4.4170588235294135,0,entree_mean,8
21,2022-11-10,4.417058823529422,0,entree_mean,9
21,2022-11-11,4.41705882352941,0,entree_mean,7
21,2022-11-12,4.417058823529404,0,entree_mean,11
21,2022-11-13,4.4170588235294135,0,entree_mean,17
21,2022-11-14,4.41705882352941,0,entree_mean,4
21,2022-11-15,4.417058823529414,0,entree_mean,15
21,2022-11-16,4.417058823529429,0,entree_mean,4
21,2022-11-17,4.417058823529419,0,entree_mean,15
21,2022-11-18,4.417058823529405,0,entree_mean,14
21,2022-11-19,4.417058823529418,0,entree_mean,14
21,2022-11-20,4.417058823529411,0,entree_mean,9
21,2022-11-21,4.417058823529415,0,entree_mean,17
21,2022-11-22,4.417058823529414,0,entree_mean,9
21,2022-11-23,4.417058823529406,0,entree_mean,2
21,2022-11-24,4.41705882352942,0,entree_mean,7
21,2022-11-25,4.417058823529421,0,entree_mean,7
21,2022-11-26,4.417058823529417,0,entree_mean,8
21,2022-11-27,4.41705882352942,0,entree_mean,37
22,2022-10-03,6.286193170527566,0,entree_mean,10
22,2022-10-05,6.257954933379895,0,entree_mean,19
22,2022-10-06,6.251048418916175,0,entree_mean,7
22,2022-10-07,6.252841930688192,0,entree_mean,20
22,2022-10-08,6.266108577966019,0,entree_mean,61
22,2022-10-09,6.237451486395513,0,entree_mean,85
22,2022-10-11,6.250253493310681,0,entree_mean,12
22,2022-10-12,6.236431705573724,0,entree_mean,17
22,2022-10-13,6.243444928338383,0,entree_mean,9
22,2022-10-14,6.260919594502031,0,entree_mean,17
22,2022-10-15,6.239637453799116,0,entree_mean,42
22,2022-10-16,6.241077109108921,0,entree_mean,42
22,2022-10-18,6.259106213831592,0,entree_mean,20
22,2022-10-19,6.279305280351912,0,entree_mean,10
22,2022-10-20,6.265252763052467,0,entree_mean,18
22,2022-10-21,6.30732465553382,0,entree_mean,9
22,2022-10-22,6.236397419578249,0,entree_mean,20
22,2022-10-23,6.229728824682114,0,entree_mean,28
22,2022-10-24,6.267437923865918,0,entree_mean,13
22,2022-10-26,6.220639165789254,0,entree_mean,11
22,2022-10-27,6.184774060954991,0,entree_mean,3
22,2022-10-28,6.29919366627792,0,entree_mean,9
22,2022-10-30,6.258772810561513,0,entree_mean,37
22,2022-10-31,6.285386424025317,0,entree_mean,15
22,2022-11-01,6.231515238735395,0,entree_mean,30
22,2022-11-02,6.199904710401148,0,entree_mean,11
22,2022-11-03,6.272405088620323,0,entree_mean,20
22,2022-11-04,6.251119898526814,0,entree_mean,17
22,2022-11-05,6.21158086885558,0,entree_mean,6
22,2022-11-06,6.272342750833062,0,entree_mean,32
22,2022-11-07,6.29494415074483,0,entree_mean,27
22,2022-11-08,6.236606865617342,0,entree_mean,15
22,2022-11-09,6.234737861796475,0,entree_mean,9
22,2022-11-10,6.242085861894057,0,entree_mean,13
22,2022-11-11,6.260124746447205,0,entree_mean,64
22,2022-11-12,6.252990298006091,0,entree_mean,41
22,2022-11-13,6.244347011463618,0,entree_mean,39
22,2022-11-14,6.2730618338442525,0,entree_mean,26
22,2022-11-15,7.189459078538081,0,entree_mean,2
22,2022-11-16,7.133305550067749,0,entree_mean,10
22,2022-11-17,7.337117652382055,0,entree_mean,3
22,2022-11-18,6.957922143684738,0,entree_mean,20
22,2022-11-19,6.992487362503148,0,entree_mean,14
22,2022-11-20,6.950611335492146,0,entree_mean,48
22,2022-11-21,6.999064507590457,0,entree_mean,9
22,2022-11-25,6.985229992070854,0,entree_mean,24
22,2022-11-26,6.90005319759957,0,entree_mean,31
22,2022-11-27,7.067969211696001,0,entree_mean,8
23,2022-10-03,10.722222222222241,0,entree_mean,4
23,2022-10-05,10.722222222222229,0,entree_mean,9
23,2022-10-06,10.722222222222346,0,entree_mean,4
23,2022-10-07,10.72222222222226,0,entree_mean,9
23,2022-10-09,10.72222222222217,0,entree_mean,5
23,2022-10-12,10.722222222222271,0,entree_mean,10
23,2022-10-13,10.72222222222221,0,entree_mean,2
23,2022-10-15,10.722222222222292,0,entree_mean,18
23,2022-10-16,10.722222222222172,0,entree_mean,2
23,2022-10-17,10.722222222222108,0,entree_mean,6
23,2022-10-19,10.722222222222324,0,entree_mean,8
23,2022-10-20,10.722222222222124,0,entree_mean,2
23,2022-10-21,10.72222222222225,0,entree_mean,4
23,2022-10-22,10.72222222222229,0,entree_mean,1
23,2022-10-23,10.722222222222214,0,entree_mean,6
23,2022-10-24,10.722222222222106,0,entree_mean,6
23,2022-10-26,10.72222222222221,0,entree_mean,6
23,2022-10-27,10.722222222222271,0,entree_mean,7
23,2022-10-29,10.72222222222218,0,entree_mean,2
23,2022-10-30,10.722222222222149,0,entree_mean,8
23,2022-10-31,10.722222222222108,0,entree_mean,5
23,2022-11-02,10.722222222221854,0,entree_mean,2
23,2022-11-03,10.722222222222141,0,entree_mean,2
23,2022-11-04,10.722222222222152,0,entree_mean,3
23,2022-11-05,10.72222222222234,0,entree_mean,1
23,2022-11-06,10.722222222222229,0,entree_mean,5
23,2022-11-07,10.722222222222289,0,entree_mean,1
23,2022-11-11,10.7222222222222,0,entree_mean,7
23,2022-11-12,10.722222222222282,0,entree_mean,21
23,2022-11-14,10.722222222222241,0,entree_mean,8
23,2022-11-16,10.722222222222301,0,entree_mean,1
23,2022-11-17,10.722222222222218,0,entree_mean,5
23,2022-11-18,10.722222222222197,0,entree_mean,3
23,2022-11-19,10.722222222222282,0,entree_mean,24
23,2022-11-20,10.722222222222138,0,entree_mean,4
23,2022-11-23,10.722222222222204,0,entree_mean,2
23,2022-11-24,10.72222222222219,0,entree_mean,3
23,2022-11-25,10.72222222222217,0,entree_mean,4
23,2022-11-26,10.722222222222225,0,entree_mean,10
23,2022-11-27,10.72222222222208,0,entree_mean,10
24,2022-10-03,6.072946608349894,0,entree_mean,20
24,2022-10-04,6.049721629716246,0,entree_mean,8
24,2022-10-05,6.033323485239148,0,entree_mean,19
24,2022-10-06,6.183200896482716,0,entree_mean,9
24,2022-10-08,5.882939289653916,0,entree_mean,11
24,2022-10-09,6.022737109958316,0,entree_mean,29
24,2022-10-10,6.103163501861101,0,entree_mean,13
24,2022-10-11,6.00818535476147,0,entree_mean,6
24,2022-10-12,5.998415562182913,0,entree_mean,21
24,2022-10-13,6.0858762968811835,0,entree_mean,14
24,2022-10-14,6.017110978171639,0,entree_mean,24
24,2022-10-15,6.221600128954874,0,entree_mean,17
24,2022-10-16,6.045286028800874,0,entree_mean,46
24,2022-10-17,6.106150771281947,0,entree_mean,1
24,2022-10-18,6.160715487758577,0,entree_mean,49
24,2022-10-19,6.5074458379785085,0,entree_mean,5
24,2022-10-20,6.4882211677975175,0,entree_mean,23
24,2022-10-21,6.410962957633189,0,entree_mean,29
24,2022-10-22,6.274191036243208,0,entree_mean,10
24,2022-10-23,6.426429924942466,0,entree_mean,19
24,2022-10-24,6.456043404698138,0,entree_mean,6
24,2022-10-25,6.48104202893695,0,entree_mean,22
24,2022-10-26,6.435026883394585,0,entree_mean,26
24,2022-10-27,6.405768277108612,0,entree_mean,14
24,2022-10-28,6.440949885756238,0,entree_mean,12
24,2022-10-29,6.426707336225703,0,entree_mean,19
24,2022-10-30,6.440095624535155,0,entree_mean,18
24,2022-10-31,6.497894255047277,0,entree_mean,11
24,2022-11-01,6.467170118264747,0,entree_mean,37
24,2022-11-03,6.422171902423232,0,entree_mean,25
24,2022-11-04,6.368029746075397,0,entree_mean,7
24,2022-11-05,6.521752802580522,0,entree_mean,24
24,2022-11-06,6.481540532801337,0,entree_mean,27
24,2022-11-07,6.480805773576982,0,entree_mean,15
24,2022-11-08,6.461785781676888,0,entree_mean,11
24,2022-11-09,6.4774682103132495,0,entree_mean,12
24,2022-11-10,6.448508200098777,0,entree_mean,3
24,2022-11-11,6.483122587760451,0,entree_mean,17
24,2022-11-12,6.497351064124554,0,entree_mean,26
24,2022-11-13,6.432883224227726,0,entree_mean,40
24,2022-11-14,6.471112043501757,0,entree_mean,19
24,2022-11-15,6.434574160506923,0,entree_mean,33
24,2022-11-16,6.4766984615832115,0,entree_mean,13
24,2022-11-17,6.449654216588061,0,entree_mean,27
24,2022-11-18,6.441900845950536,0,entree_mean,13
24,2022-11-19,6.462955591859695,0,entree_mean,23
24,2022-11-20,6.396050238843577,0,entree_mean,14
24,2022-11-21,6.4322828469416615,0,entree_mean,7
24,2022-11-22,6.495472318874888,0,entree_mean,19
24,2022-11-23,6.573614811664262,0,entree_mean,9
24,2022-11-24,5.875882525050954,0,entree_mean,10
24,2022-11-25,5.8439603556876305,0,entree_mean,32
24,2022-11-26,5.854767932163162,0,entree_mean,46
24,2022-11-27,5.942580650088753,0,entree_mean,54
25,2022-10-03,7.9652173913043365,0,entree_mean,9
25,2022-10-04,7.9652173913043365,0,entree_mean,5
25,2022-10-05,7.965217391304349,0,entree_mean,6
25,2022-10-06,7.965217391304356,0,entree_mean,11
25,2022-10-08,7.965217391304354,0,entree_mean,4
25,2022-10-09,7.965217391304363,0,entree_mean,9
25,2022-10-10,7.965217391304342,0,entree_mean,1
25,2022-10-11,7.9652173913043525,0,entree_mean,4
25,2022-10-12,7.965217391304344,0,entree_mean,9
25,2022-10-13,7.965217391304323,0,entree_mean,3
25,2022-10-14,7.96521739130434,0,entree_mean,4
25,2022-10-15,7.96521739130436,0,entree_mean,10
25,2022-10-16,7.96521739130437,0,entree_mean,4
25,2022-10-17,7.965217391304367,0,entree_mean,3
25,2022-10-18,7.965217391304363,0,entree_mean,3
25,2022-10-19,7.965217391304344,0,entree_mean,5
25,2022-10-20,7.9652173913043525,0,entree_mean,2
25,2022-10-21,7.965217391304381,0,entree_mean,6
25,2022-10-22,7.965217391304336,0,entree_mean,6
25,2022-10-23,7.965217391304342,0,entree_mean,6
25,2022-10-24,7.965217391304331,0,entree_mean,12
25,2022-10-25,7.965217391304335,0,entree_mean,11
25,2022-10-26,7.965217391304358,0,entree_mean,3
25,2022-10-27,7.965217391304363,0,entree_mean,6
25,2022-10-28,7.965217391304333,0,entree_mean,1
25,2022-10-29,7.965217391304344,0,entree_mean,6
25,2022-10-30,7.965217391304345,0,entree_mean,21
25,2022-10-31,7.965217391304388,0,entree_mean,5
25,2022-11-01,7.9652173913043685,0,entree_mean,3
25,2022-11-02,7.965217391304336,0,entree_mean,6
25,2022-11-03,7.965217391304351,0,entree_mean,2
25,2022-11-04,7.96521739130436,0,entree_mean,4
25,2022-11-05,7.9652173913043685,0,entree_mean,4
25,2022-11-06,7.965217391304374,0,entree_mean,14
25,2022-11-07,7.965217391304358,0,entree_mean,4
25,2022-11-08,7.965217391304351,0,entree_mean,13
25,2022-11-09,7.965217391304376,0,entree_mean,4
25,2022-11-10,7.965217391304361,0,entree_mean,2
25,2022-11-11,7.965217391304332,0,entree_mean,3
25,2022-11-12,7.965217391304345,0,entree_mean,2
25,2022-11-13,7.965217391304327,0,entree_mean,7
25,2022-11-14,7.965217391304345,0,entree_mean,9
25,2022-11-15,7.9652173913043525,0,entree_mean,2
25,2022-11-16,7.965217391304361,0,entree_mean,3
25,2022-11-17,7.965217391304329,0,entree_mean,5
25,2022-11-18,7.965217391304365,0,entree_mean,4
25,2022-11-19,7.9652173913043525,0,entree_mean,5
25,2022-11-20,7.965217391304344,0,entree_mean,11
25,2022-11-21,7.965217391304345,0,entree_mean,8
25,2022-11-22,7.9652173913043365,0,entree_mean,5
25,2022-11-23,7.965217391304358,0,entree_mean,1
25,2022-11-24,7.96521739130434,0,entree_mean,5
25,2022-11-25,7.965217391304344,0,entree_mean,10
25,2022-11-26,7.965217391304354,0,entree_mean,10
25,2022-11-27,7.965217391304345,0,entree_mean,7
26,2022-10-04,12.251469740932299,0,entree_mean,30
26,2022-10-05,12.250322771926934,0,entree_mean,11
26,2022-10-07,12.250039082746978,0,entree_mean,4
26,2022-10-08,12.250061448157497,0,entree_mean,43
26,2022-10-09,12.25013368711273,0,entree_mean,27
26,2022-10-11,12.252473303853703,0,entree_mean,18
26,2022-10-12,12.250114094974718,0,entree_mean,10
26,2022-10-13,12.25014416595228,0,entree_mean,16
26,2022-10-14,12.252924083089654,0,entree_mean,30
26,2022-10-15,12.250071515537105,0,entree_mean,7
26,2022-10-16,12.251593893621715,0,entree_mean,27
26,2022-10-18,12.250080516475553,0,entree_mean,4
26,2022-10-19,12.250060978955302,0,entree_mean,9
26,2022-10-20,12.25017891431101,0,entree_mean,6
26,2022-10-21,12.249949158493298,0,entree_mean,17
26,2022-10-22,12.250186496928139,0,entree_mean,15
26,2022-10-23,12.2502621847495,0,entree_mean,20
26,2022-10-25,12.250327122193246,0,entree_mean,15
26,2022-10-26,12.250317265632514,0,entree_mean,14
26,2022-10-27,12.249931568298884,0,entree_mean,6
26,2022-10-28,12.250319837352382,0,entree_mean,23
26,2022-10-29,12.250079929764414,0,entree_mean,18
26,2022-10-30,12.250223316836076,0,entree_mean,22
26,2022-11-01,12.250981000258696,0,entree_mean,37
26,2022-11-02,12.25343737422782,0,entree_mean,13
26,2022-11-03,12.250136146632956,0,entree_mean,18
26,2022-11-04,12.22967904310357,0,entree_mean,25
26,2022-11-05,12.251373075168999,0,entree_mean,29
26,2022-11-06,12.250089478783527,0,entree_mean,34
26,2022-11-08,12.250172436460987,0,entree_mean,15
26,2022-11-09,12.250173324484594,0,entree_mean,18
26,2022-11-10,12.250362857694444,0,entree_mean,29
26,2022-11-11,12.250187571655005,0,entree_mean,26
26,2022-11-12,12.250274291430612,0,entree_mean,17
26,2022-11-13,12.250330790481431,0,entree_mean,8
26,2022-11-15,12.251636918718503,0,entree_mean,27
26,2022-11-16,12.250095045532321,0,entree_mean,12
26,2022-11-17,12.250122851609373,0,entree_mean,11
26,2022-11-18,12.250101657607992,0,entree_mean,20
26,2022-11-19,12.251700781686488,0,entree_mean,26
26,2022-11-20,12.25007494292448,0,entree_mean,22
26,2022-11-22,12.252878405284411,0,entree_mean,15
26,2022-11-23,12.253527891948856,0,entree_mean,13
26,2022-11-24,12.250121630321136,0,entree_mean,29
26,2022-11-25,12.250076392134645,0,entree_mean,19
26,2022-11-26,12.250180640604363,0,entree_mean,22
26,2022-11-27,12.252348785393632,0,entree_mean,19
27,2022-10-03,13.452000000000066,0,entree_mean,4
27,2022-10-05,13.452000000000023,0,entree_mean,3
27,2022-10-06,13.452000000000043,0,entree_mean,4
27,2022-10-07,13.452000000000051,0,entree_mean,9
27,2022-10-08,13.451999999999991,0,entree_mean,6
27,2022-10-09,13.452000000000028,0,entree_mean,14
27,2022-10-10,13.452000000000028,0,entree_mean,12
27,2022-10-12,13.452000000000023,0,entree_mean,16
27,2022-10-13,13.452000000000114,0,entree_mean,2
27,2022-10-14,13.452000000000071,0,entree_mean,8
27,2022-10-15,13.451999999999998,0,entree_mean,15
27,2022-10-16,13.452000000000018,0,entree_mean,16
27,2022-10-17,13.452000000000014,0,entree_mean,3
27,2022-10-19,13.452000000000048,0,entree_mean,5
27,2022-10-20,13.452000000000092,0,entree_mean,1
27,2022-10-21,13.452,0,entree_mean,8
27,2022-10-22,13.452000000000048,0,entree_mean,18
27,2022-10-23,13.452000000000051,0,entree_mean,14
27,2022-10-24,13.451999999999982,0,entree_mean,3
27,2022-10-26,13.451999999999956,0,entree_mean,5
27,2022-10-27,13.452000000000039,0,entree_mean,2
27,2022-10-28,13.452,0,entree_mean,3
27,2022-10-29,13.452000000000018,0,entree_mean,2
27,2022-10-30,13.451999999999963,0,entree_mean,16
27,2022-10-31,13.452000000000021,0,entree_mean,13
27,2022-11-03,13.452000000000039,0,entree_mean,8
27,2022-11-05,13.452000000000043,0,entree_mean,18
27,2022-11-06,13.452000000000009,0,entree_mean,12
27,2022-11-07,13.451999999999991,0,entree_mean,7
27,2022-11-09,13.452000000000014,0,entree_mean,3
27,2022-11-10,13.451999999999973,0,entree_mean,5
27,2022-11-11,13.452000000000034,0,entree_mean,9
27,2022-11-12,13.452000000000005,0,entree_mean,8
27,2022-11-13,13.45200000000003,0,entree_mean,3
27,2022-11-14,13.452,0,entree_mean,6
27,2022-11-16,13.452000000000034,0,entree_mean,3
27,2022-11-17,13.451999999999913,0,entree_mean,2
27,2022-11-18,13.452000000000032,0,entree_mean,11
27,2022-11-19,13.452000000000034,0,entree_mean,6
27,2022-11-20,13.452000000000034,0,entree_mean,10
27,2022-11-21,13.452000000000009,0,entree_mean,3
27,2022-11-23,13.45199999999994,0,entree_mean,3
27,2022-11-24,13.452000000000027,0,entree_mean,7
27,2022-11-25,13.451999999999977,0,entree_mean,5
27,2022-11-26,13.451999999999982,0,entree_mean,7
27,2022-11-27,13.452000000000027,0,entree_mean,7
28,2022-10-03,8.545185591267588,0,entree_mean,4
28,2022-10-04,8.277970045617772,0,entree_mean,3
28,2022-10-05,8.573194207208777,0,entree_mean,2
28,2022-10-06,8.558773745667207,0,entree_mean,3
28,2022-10-07,8.561411136181151,0,entree_mean,8
28,2022-10-09,8.521436027859743,0,entree_mean,9
28,2022-10-10,8.42858120550418,0,entree_mean,3
28,2022-10-11,8.34781185558279,0,entree_mean,15
28,2022-10-12,9.104281100207473,0,entree_mean,4
28,2022-10-14,9.0483392095867,0,entree_mean,7
28,2022-10-15,8.874056419052842,0,entree_mean,7
28,2022-10-16,8.446211092457125,0,entree_mean,8
28,2022-10-20,8.503735571608125,0,entree_mean,8
28,2022-10-21,8.750131320440905,0,entree_mean,9
28,2022-10-22,8.5139769385366,0,entree_mean,5
28,2022-10-23,8.38920934875681,0,entree_mean,6
28,2022-10-24,8.503687202592172,0,entree_mean,1
28,2022-10-25,8.631523119648612,0,entree_mean,1
28,2022-10-29,8.520420415208404,0,entree_mean,3
28,2022-10-30,8.64403165424197,0,entree_mean,18
28,2022-11-01,8.445202545624655,0,entree_mean,8
28,2022-11-04,8.498317383160126,0,entree_mean,6
28,2022-11-06,8.569443153652998,0,entree_mean,7
28,2022-11-07,9.10396159580832,0,entree_mean,2
28,2022-11-10,9.19603479369013,0,entree_mean,6
28,2022-11-11,8.547866791140313,0,entree_mean,3
28,2022-11-12,8.656322565236774,0,entree_mean,10
28,2022-11-13,9.269815610357732,0,entree_mean,12
28,2022-11-17,9.374654295285861,0,entree_mean,5
28,2022-11-18,8.580890599516898,0,entree_mean,6
28,2022-11-19,8.69267046322407,0,entree_mean,2
28,2022-11-20,8.50932070658401,0,entree_mean,16
28,2022-11-21,8.496740965849167,0,entree_mean,9
28,2022-11-25,8.871193331166918,0,entree_mean,42
29,2022-10-03,6.0405143102862935,0,entree_mean,2
29,2022-10-04,6.035093461190004,0,entree_mean,2
29,2022-10-05,6.039218331894387,0,entree_mean,9
29,2022-10-07,6.030807473040713,0,entree_mean,4
29,2022-10-08,6.035330056029228,0,entree_mean,8
29,2022-10-09,6.016455908012597,0,entree_mean,17
29,2022-10-11,6.043559011994646,0,entree_mean,7
29,2022-10-12,6.03481790048644,0,entree_mean,5
29,2022-10-14,5.8262639468329365,0,entree_mean,2
29,2022-10-15,6.042183839275821,0,entree_mean,9
29,2022-10-16,6.0431467542795,0,entree_mean,8
29,2022-10-17,6.037857678606461,0,entree_mean,2
29,2022-10-18,6.049056789264178,0,entree_mean,2
29,2022-10-19,6.046058537372399,0,entree_mean,1
29,2022-10-20,6.046058537372429,0,entree_mean,2
29,2022-10-21,6.03497516724852,0,entree_mean,1
29,2022-10-22,6.032153379861881,0,entree_mean,5
29,2022-10-23,6.035905477931694,0,entree_mean,8
29,2022-10-24,5.955960246688078,0,entree_mean,6
29,2022-10-25,6.031813809840739,0,entree_mean,2
29,2022-10-26,6.028795755691361,0,entree_mean,2
29,2022-10-28,5.915085029091495,0,entree_mean,4
29,2022-10-29,6.058730357704769,0,entree_mean,1
29,2022-10-30,6.035439570825699,0,entree_mean,6
29,2022-10-31,6.0450586031933184,0,entree_mean,3
29,2022-11-01,6.084239569878998,0,entree_mean,6
29,2022-11-02,6.037842325208154,0,entree_mean,5
29,2022-11-03,6.044249188032149,0,entree_mean,7
29,2022-11-04,6.078473139253281,0,entree_mean,6
29,2022-11-05,6.044991995340315,0,entree_mean,5
29,2022-11-06,6.042501429725101,0,entree_mean,11
29,2022-11-08,6.225352375301465,0,entree_mean,1
29,2022-11-09,6.056874881673614,0,entree_mean,2
29,2022-11-10,6.037307986051708,0,entree_mean,12
29,2022-11-11,6.063685654648618,0,entree_mean,13
29,2022-11-12,6.065058538252362,0,entree_mean,8
29,2022-11-13,6.037763920685969,0,entree_mean,11
29,2022-11-14,6.03575267334321,0,entree_mean,2
29,2022-11-16,6.113372510536949,0,entree_mean,3
29,2022-11-17,6.040425000415254,0,entree_mean,4
29,2022-11-19,6.075795450326074,0,entree_mean,7
29,2022-11-20,6.041090150332593,0,entree_mean,6
29,2022-11-21,6.039131895198034,0,entree_mean,3
29,2022-11-22,6.037367592202759,0,entree_mean,2
29,2022-11-24,6.06112038835793,0,entree_mean,8
29,2022-11-25,6.043096733858993,0,entree_mean,4
29,2022-11-26,6.058730357704753,0,entree_mean,1
29,2022-11-27,6.041657663441991,0,entree_mean,5
30,2022-10-03,12.296740376193181,0,entree_mean,5
30,2022-10-06,12.61920347159298,0,entree_mean,4
30,2022-10-07,12.58046589310191,0,entree_mean,12
30,2022-10-08,12.485768919763336,0,entree_mean,8
30,2022-10-09,12.561373571179768,0,entree_mean,21
30,2022-10-10,12.575785649371829,0,entree_mean,7
30,2022-10-13,12.536681136441505,0,entree_mean,4
30,2022-10-14,12.558391421214614,0,entree_mean,25
30,2022-10-15,12.61864953902883,0,entree_mean,5
30,2022-10-16,12.537664704057724,0,entree_mean,11
30,2022-10-17,12.597889660603489,0,entree_mean,3
30,2022-10-20,12.564960478138968,0,entree_mean,6
30,2022-10-21,12.574659398794637,0,entree_mean,8
30,2022-10-22,12.614767138091969,0,entree_mean,12
30,2022-10-27,12.559125993230692,0,entree_mean,5
30,2022-10-28,12.412119165152351,0,entree_mean,5
30,2022-10-29,12.672368224330569,0,entree_mean,15
30,2022-10-30,12.659459743331537,0,entree_mean,13
30,2022-10-31,12.642213555477664,0,entree_mean,21
30,2022-11-03,12.686840615595575,0,entree_mean,3
30,2022-11-04,12.629463851839965,0,entree_mean,19
30,2022-11-05,12.663214821692758,0,entree_mean,17
30,2022-11-06,12.678192736996285,0,entree_mean,11
30,2022-11-07,12.618328781582742,0,entree_mean,2
30,2022-11-10,12.637273731059834,0,entree_mean,6
30,2022-11-11,12.673973128150223,0,entree_mean,20
30,2022-11-12,12.611787071945503,0,entree_mean,4
30,2022-11-13,12.627889838223954,0,entree_mean,11
30,2022-11-14,12.623758064764079,0,entree_mean,2
30,2022-11-17,12.602488124258967,0,entree_mean,7
30,2022-11-18,12.664754668932838,0,entree_mean,13
30,2022-11-19,12.689927860078587,0,entree_mean,13
30,2022-11-20,12.636405772245961,0,entree_mean,7
30,2022-11-24,12.663454516719735,0,entree_mean,9
30,2022-11-25,12.60223281712253,0,entree_mean,3
30,2022-11-26,12.648054940697453,0,entree_mean,17
30,2022-11-27,12.696685756029959,0,entree_mean,7
31,2022-10-03,4.781578947368438,0,entree_mean,6
31,2022-10-04,4.7815789473684305,0,entree_mean,9
31,2022-10-05,4.781578947368415,0,entree_mean,14
31,2022-10-06,4.781578947368428,0,entree_mean,14
31,2022-10-07,4.781578947368409,0,entree_mean,23
31,2022-10-08,4.7815789473684225,0,entree_mean,32
31,2022-10-09,4.7815789473684385,0,entree_mean,14
31,2022-10-10,4.781578947368415,0,entree_mean,14
31,2022-10-11,4.781578947368418,0,entree_mean,17
31,2022-10-12,4.78157894736842,0,entree_mean,15
31,2022-10-13,4.781578947368421,0,entree_mean,14
31,2022-10-14,4.781578947368429,0,entree_mean,48
31,2022-10-15,4.78157894736842,0,entree_mean,32
31,2022-10-16,4.78157894736842,0,entree_mean,41
31,2022-10-17,4.781578947368414,0,entree_mean,12
31,2022-10-18,4.781578947368424,0,entree_mean,12
31,2022-10-19,4.781578947368418,0,entree_mean,7
31,2022-10-20,4.781578947368412,0,entree_mean,6
31,2022-10-21,4.781578947368427,0,entree_mean,18
31,2022-10-22,4.781578947368416,0,entree_mean,31
31,2022-10-23,4.78157894736842,0,entree_mean,31
31,2022-10-24,4.781578947368422,0,entree_mean,24
31,2022-10-25,4.7815789473684225,0,entree_mean,11
31,2022-10-26,4.781578947368418,0,entree_mean,19
31,2022-10-27,4.7815789473684305,0,entree_mean,10
31,2022-10-28,4.781578947368423,0,entree_mean,18
31,2022-10-29,4.781578947368415,0,entree_mean,13
31,2022-10-30,4.7815789473684225,0,entree_mean,30
31,2022-10-31,4.781578947368422,0,entree_mean,22
31,2022-11-01,4.781578947368422,0,entree_mean,30
31,2022-11-02,4.781578947368419,0,entree_mean,14
31,2022-11-03,4.78157894736842,0,entree_mean,3
31,2022-11-04,4.781578947368425,0,entree_mean,34
31,2022-11-05,4.781578947368424,0,entree_mean,20
31,2022-11-06,4.781578947368406,0,entree_mean,61
31,2022-11-07,4.781578947368402,0,entree_mean,10
31,2022-11-08,4.781578947368423,0,entree_mean,15
31,2022-11-09,4.781578947368401,0,entree_mean,14
31,2022-11-10,4.781578947368412,0,entree_mean,7
31,2022-11-11,4.781578947368416,0,entree_mean,35
31,2022-11-12,4.781578947368428,0,entree_mean,39
31,2022-11-13,4.781578947368429,0,entree_mean,28
31,2022-11-14,4.781578947368417,0,entree_mean,9
31,2022-11-15,4.781578947368433,0,entree_mean,6
31,2022-11-16,4.781578947368419,0,entree_mean,9
31,2022-11-17,4.781578947368436,0,entree_mean,5
31,2022-11-18,4.781578947368415,0,entree_mean,18
31,2022-11-19,4.781578947368418,0,entree_mean,34
31,2022-11-20,4.781578947368426,0,entree_mean,23
31,2022-11-21,4.781578947368417,0,entree_mean,10
31,2022-11-22,4.781578947368414,0,entree_mean,7
31,2022-11-23,4.781578947368415,0,entree_mean,14
31,2022-11-24,4.781578947368425,0,entree_mean,21
31,2022-11-25,4.781578947368414,0,entree_mean,20
31,2022-11-26,4.781578947368433,0,entree_mean,43
31,2022-11-27,4.781578947368418,0,entree_mean,30
32,2022-10-03,7.826666666666664,0,entree_mean,10
32,2022-10-04,7.826666666666675,0,entree_mean,2
32,2022-10-05,7.82666666666668,0,entree_mean,6
32,2022-10-06,7.826666666666666,0,entree_mean,4
32,2022-10-07,7.826666666666657,0,entree_mean,3
32,2022-10-08,7.826666666666663,0,entree_mean,7
32,2022-10-10,7.826666666666717,0,entree_mean,21
32,2022-10-11,7.826666666666652,0,entree_mean,4
32,2022-10-12,7.826666666666675,0,entree_mean,13
32,2022-10-13,7.82666666666667,0,entree_mean,14
32,2022-10-14,7.826666666666632,0,entree_mean,20
32,2022-10-15,7.82666666666665,0,entree_mean,2
32,2022-10-17,7.826666666666685,0,entree_mean,22
32,2022-10-18,7.826666666666682,0,entree_mean,8
32,2022-10-19,7.826666666666682,0,entree_mean,12
32,2022-10-20,7.826666666666687,0,entree_mean,9
32,2022-10-21,7.826666666666661,0,entree_mean,13
32,2022-10-24,7.826666666666644,0,entree_mean,11
32,2022-10-25,7.826666666666677,0,entree_mean,4
32,2022-10-26,7.826666666666697,0,entree_mean,9
32,2022-10-27,7.826666666666679,0,entree_mean,3
32,2022-10-28,7.826666666666668,0,entree_mean,4
32,2022-10-29,7.826666666666662,0,entree_mean,17
32,2022-11-01,7.82666666666666,0,entree_mean,4
32,2022-11-02,7.826666666666662,0,entree_mean,9
32,2022-11-04,7.826666666666658,0,entree_mean,6
32,2022-11-05,7.826666666666675,0,entree_mean,7
32,2022-11-06,7.82666666666667,0,entree_mean,6
32,2022-11-07,7.826666666666649,0,entree_mean,9
32,2022-11-09,7.826666666666713,0,entree_mean,6
32,2022-11-10,7.82666666666668,0,entree_mean,17
32,2022-11-11,7.826666666666655,0,entree_mean,14
32,2022-11-12,7.82666666666668,0,entree_mean,5
32,2022-11-14,7.82666666666667,0,entree_mean,1
32,2022-11-16,7.826666666666653,0,entree_mean,4
32,2022-11-17,7.826666666666666,0,entree_mean,18
32,2022-11-18,7.826666666666657,0,entree_mean,3
32,2022-11-19,7.826666666666697,0,entree_mean,17
32,2022-11-20,7.826666666666673,0,entree_mean,5
32,2022-11-21,7.826666666666654,0,entree_mean,10
32,2022-11-23,7.826666666666682,0,entree_mean,8
32,2022-11-24,7.826666666666682,0,entree_mean,10
32,2022-11-25,7.82666666666668,0,entree_mean,8
32,2022-11-26,7.826666666666679,0,entree_mean,6
32,2022-11-27,7.826666666666661,0,entree_mean,4
33,2022-10-03,9.569999999999972,0,entree_mean,16
33,2022-10-04,9.569999999999947,0,entree_mean,4
33,2022-10-05,9.56999999999997,0,entree_mean,14
33,2022-10-06,9.57,0,entree_mean,7
33,2022-10-07,9.570000000000014,0,entree_mean,12
33,2022-10-08,9.570000000000006,0,entree_mean,10
33,2022-10-09,9.569999999999974,0,entree_mean,13
33,2022-10-10,9.569999999999986,0,entree_mean,16
33,2022-10-11,9.569999999999974,0,entree_mean,13
33,2022-10-12,9.569999999999958,0,entree_mean,25
33,2022-10-13,9.569999999999993,0,entree_mean,3
33,2022-10-14,9.569999999999995,0,entree_mean,12
33,2022-10-15,9.569999999999993,0,entree_mean,16
33,2022-10-16,9.56999999999996,0,entree_mean,9
33,2022-10-17,9.570000000000014,0,entree_mean,7
33,2022-10-18,9.569999999999984,0,entree_mean,9
33,2022-10-19,9.569999999999995,0,entree_mean,10
33,2022-10-20,9.569999999999983,0,entree_mean,6
33,2022-10-21,9.56999999999997,0,entree_mean,6
33,2022-10-22,9.569999999999974,0,entree_mean,18
33,2022-10-23,9.569999999999991,0,entree_mean,18
33,2022-10-24,9.569999999999961,0,entree_mean,15
33,2022-10-25,9.569999999999968,0,entree_mean,9
33,2022-10-26,9.56999999999997,0,entree_mean,17
33,2022-10-27,9.569999999999995,0,entree_mean,5
33,2022-10-28,9.569999999999974,0,entree_mean,12
33,2022-10-29,9.570000000000002,0,entree_mean,16
33,2022-10-30,9.570000000000006,0,entree_mean,10
33,2022-10-31,9.569999999999986,0,entree_mean,8
33,2022-11-01,9.569999999999984,0,entree_mean,14
33,2022-11-02,9.569999999999993,0,entree_mean,4
33,2022-11-03,9.570000000000029,0,entree_mean,4
33,2022-11-04,9.569999999999983,0,entree_mean,3
33,2022-11-05,9.569999999999984,0,entree_mean,4
33,2022-11-06,9.569999999999983,0,entree_mean,22
33,2022-11-07,9.570000000000002,0,entree_mean,16
33,2022-11-08,9.569999999999995,0,entree_mean,6
33,2022-11-09,9.569999999999979,0,entree_mean,12
33,2022-11-10,9.569999999999997,0,entree_mean,7
33,2022-11-11,9.569999999999997,0,entree_mean,7
33,2022-11-12,9.570000000000016,0,entree_mean,13
33,2022-11-13,9.56999999999997,0,entree_mean,22
33,2022-11-14,9.570000000000007,0,entree_mean,17
33,2022-11-15,9.569999999999993,0,entree_mean,16
33,2022-11-16,9.570000000000011,0,entree_mean,8
33,2022-11-17,9.569999999999997,0,entree_mean,11
33,2022-11-18,9.56999999999998,0,entree_mean,3
33,2022-11-19,9.569999999999995,0,entree_mean,13
33,2022-11-20,9.56999999999998,0,entree_mean,13
33,2022-11-21,9.56999999999997,0,entree_mean,15
33,2022-11-22,9.569999999999984,0,entree_mean,10
33,2022-11-23,9.569999999999979,0,entree_mean,15
33,2022-11-24,9.569999999999991,0,entree_mean,16
33,2022-11-25,9.56999999999996,0,entree_mean,2
33,2022-11-26,9.569999999999975,0,entree_mean,12
33,2022-11-27,9.569999999999983,0,entree_mean,18
34,2022-10-03,3.8333333333333255,0,entree_mean,29
34,2022-10-04,3.833333333333318,0,entree_mean,5
34,2022-10-05,3.8333333333333264,0,entree_mean,28
34,2022-10-06,3.833333333333321,0,entree_mean,31
34,2022-10-07,3.833333333333325,0,entree_mean,19
34,2022-10-08,3.833333333333322,0,entree_mean,48
34,2022-10-09,3.8333333333333264,0,entree_mean,63
34,2022-10-10,3.8333333333333273,0,entree_mean,11
34,2022-10-11,3.8333333333333313,0,entree_mean,24
34,2022-10-12,3.833333333333325,0,entree_mean,60
34,2022-10-13,3.8333333333333206,0,entree_mean,17
34,2022-10-14,3.8333333333333193,0,entree_mean,18
34,2022-10-15,3.8333333333333206,0,entree_mean,31
34,2022-10-16,3.8333333333333153,0,entree_mean,79
34,2022-10-17,3.833333333333332,0,entree_mean,20
34,2022-10-18,3.8333333333333237,0,entree_mean,13
34,2022-10-19,3.83333333333333,0,entree_mean,21
34,2022-10-20,3.833333333333329,0,entree_mean,20
34,2022-10-21,3.8333333333333273,0,entree_mean,9
34,2022-10-22,3.8333333333333273,0,entree_mean,36
34,2022-10-23,3.8333333333333233,0,entree_mean,58
34,2022-10-24,3.83333333333333,0,entree_mean,35
34,2022-10-25,3.8333333333333264,0,entree_mean,29
34,2022-10-26,3.833333333333328,0,entree_mean,16
34,2022-10-27,3.8333333333333273,0,entree_mean,35
34,2022-10-28,3.8333333333333246,0,entree_mean,35
34,2022-10-29,3.8333333333333184,0,entree_mean,16
34,2022-10-30,3.8333333333333255,0,entree_mean,66
34,2022-10-31,3.83333333333333,0,entree_mean,58
34,2022-11-01,3.833333333333328,0,entree_mean,27
34,2022-11-02,3.833333333333323,0,entree_mean,26
34,2022-11-03,3.833333333333325,0,entree_mean,22
34,2022-11-04,3.833333333333329,0,entree_mean,32
34,2022-11-05,3.833333333333335,0,entree_mean,20
34,2022-11-06,3.8333333333333313,0,entree_mean,47
34,2022-11-07,3.8333333333333255,0,entree_mean,27
34,2022-11-08,3.833333333333328,0,entree_mean,22
34,2022-11-09,3.833333333333329,0,entree_mean,34
34,2022-11-10,3.833333333333332,0,entree_mean,28
34,2022-11-11,3.8333333333333255,0,entree_mean,12
34,2022-11-12,3.8333333333333215,0,entree_mean,35
34,2022-11-13,3.833333333333324,0,entree_mean,32
34,2022-11-14,3.833333333333333,0,entree_mean,34
34,2022-11-15,3.8333333333333357,0,entree_mean,27
34,2022-11-16,3.833333333333323,0,entree_mean,17
34,2022-11-17,3.8333333333333366,0,entree_mean,7
34,2022-11-18,3.833333333333332,0,entree_mean,30
34,2022-11-19,3.8333333333333246,0,entree_mean,55
34,2022-11-20,3.8333333333333255,0,entree_mean,68
34,2022-11-21,3.833333333333328,0,entree_mean,54
34,2022-11-22,3.83333333333333,0,entree_mean,31
34,2022-11-23,3.8333333333333255,0,entree_mean,17
34,2022-11-24,3.833333333333329,0,entree_mean,38
34,2022-11-25,3.833333333333332,0,entree_mean,32
34,2022-11-26,3.833333333333328,0,entree_mean,47
34,2022-11-27,3.8333333333333246,0,entree_mean,50
35,2022-10-04,7.385714285714266,0,entree_mean,3
35,2022-10-05,7.385714285714282,0,entree_mean,15
35,2022-10-07,7.385714285714233,0,entree_mean,3
35,2022-10-08,7.385714285714281,0,entree_mean,16
35,2022-10-11,7.385714285714292,0,entree_mean,15
35,2022-10-13,7.3857142857142755,0,entree_mean,10
35,2022-10-14,7.385714285714285,0,entree_mean,18
35,2022-10-15,7.385714285714291,0,entree_mean,2
35,2022-10-18,7.385714285714274,0,entree_mean,11
35,2022-10-19,7.385714285714272,0,entree_mean,3
35,2022-10-20,7.385714285714281,0,entree_mean,7
35,2022-10-21,7.385714285714289,0,entree_mean,9
35,2022-10-22,7.385714285714277,0,entree_mean,20
35,2022-10-25,7.3857142857142986,0,entree_mean,2
35,2022-10-27,7.385714285714297,0,entree_mean,7
35,2022-10-28,7.385714285714292,0,entree_mean,20
35,2022-10-29,7.385714285714266,0,entree_mean,13
35,2022-11-01,7.3857142857142755,0,entree_mean,7
35,2022-11-02,7.385714285714293,0,entree_mean,12
35,2022-11-03,7.385714285714285,0,entree_mean,6
35,2022-11-04,7.3857142857143065,0,entree_mean,23
35,2022-11-05,7.385714285714297,0,entree_mean,27
35,2022-11-08,7.385714285714282,0,entree_mean,2
35,2022-11-09,7.3857142857142755,0,entree_mean,4
35,2022-11-11,7.385714285714287,0,entree_mean,12
35,2022-11-12,7.385714285714282,0,entree_mean,26
35,2022-11-15,7.385714285714282,0,entree_mean,3
35,2022-11-16,7.385714285714302,0,entree_mean,9
35,2022-11-17,7.385714285714289,0,entree_mean,22
35,2022-11-18,7.385714285714291,0,entree_mean,21
35,2022-11-19,7.385714285714287,0,entree_mean,7
35,2022-11-22,7.385714285714291,0,entree_mean,2
35,2022-11-23,7.385714285714305,0,entree_mean,3
35,2022-11-24,7.385714285714269,0,entree_mean,6
35,2022-11-25,7.385714285714263,0,entree_mean,23
35,2022-11-26,7.385714285714277,0,entree_mean,18
36,2022-10-03,10.812103284261722,0,entree_mean,32
36,2022-10-04,10.712604480823305,0,entree_mean,34
36,2022-10-05,10.619977028569098,0,entree_mean,41
36,2022-10-06,10.819334558057662,0,entree_mean,18
36,2022-10-07,10.556684716437186,0,entree_mean,38
36,2022-10-08,10.63108813003955,0,entree_mean,31
36,2022-10-09,10.522828832689642,0,entree_mean,13
36,2022-10-10,10.513208005877031,0,entree_mean,8
36,2022-10-11,10.532708366581659,0,entree_mean,18
36,2022-10-12,10.554856317698334,0,entree_mean,18
36,2022-10-13,10.95744221516959,0,entree_mean,11
36,2022-10-14,10.689523005287842,0,entree_mean,22
36,2022-10-15,10.653761180808045,0,entree_mean,18
36,2022-10-16,10.550571865489886,0,entree_mean,32
36,2022-10-17,10.521507644603131,0,entree_mean,14
36,2022-10-18,10.596773948764016,0,entree_mean,13
36,2022-10-19,11.1309851622672,0,entree_mean,9
36,2022-10-20,9.738503744829186,0,entree_mean,10
36,2022-10-21,10.154842989610382,0,entree_mean,11
36,2022-10-22,10.06636183282223,0,entree_mean,24
36,2022-10-23,10.1557875553766,0,entree_mean,15
36,2022-10-24,10.117225794651176,0,entree_mean,14
36,2022-10-25,10.17325084838157,0,entree_mean,17
36,2022-10-26,10.211487611054324,0,entree_mean,11
36,2022-10-27,10.07512319928344,0,entree_mean,6
36,2022-10-28,10.067498083219434,0,entree_mean,23
36,2022-10-29,10.124266932089991,0,entree_mean,11
36,2022-10-30,9.90325735993094,0,entree_mean,26
36,2022-10-31,10.096715676660843,0,entree_mean,30
36,2022-11-01,9.984273939752534,0,entree_mean,20
36,2022-11-02,9.990387176888804,0,entree_mean,31
36,2022-11-03,10.16037860778269,0,entree_mean,7
36,2022-11-04,10.146587949863434,0,entree_mean,14
36,2022-11-05,10.018371558027003,0,entree_mean,23
36,2022-11-06,10.090184542731274,0,entree_mean,28
36,2022-11-07,9.906040589885961,0,entree_mean,9
36,2022-11-08,10.147978282531527,0,entree_mean,9
36,2022-11-09,9.795889305250443,0,entree_mean,8
36,2022-11-10,10.102997402250617,0,entree_mean,7
36,2022-11-11,10.027069594996323,0,entree_mean,19
36,2022-11-12,10.081173223182937,0,entree_mean,23
36,2022-11-13,10.011886406521116,0,entree_mean,50
36,2022-11-14,10.133237208590241,0,entree_mean,5
36,2022-11-15,10.141237593135525,0,entree_mean,20
36,2022-11-16,10.137790896319803,0,entree_mean,7
36,2022-11-17,10.002381783599638,0,entree_mean,13
36,2022-11-18,10.14051258929469,0,entree_mean,16
36,2022-11-19,10.25951303575625,0,entree_mean,22
36,2022-11-20,10.118385912938866,0,entree_mean,15
36,2022-11-21,10.437036265709645,0,entree_mean,2
36,2022-11-22,10.307557332109825,0,entree_mean,14
36,2022-11-23,10.176088346870285,0,entree_mean,7
36,2022-11-24,10.441871282849613,0,entree_mean,8
36,2022-11-25,10.142334432640085,0,entree_mean,16
36,2022-11-26,10.342222576471581,0,entree_mean,25
36,2022-11-27,10.30306444657643,0,entree_mean,16
37,2022-10-03,9.449619168051383,0,entree_mean,13
37,2022-10-04,9.31259070407149,0,entree_mean,11
37,2022-10-05,9.408349055763066,0,entree_mean,13
37,2022-10-06,9.413651395964793,0,entree_mean,4
37,2022-10-07,9.339513324775753,0,entree_mean,12
37,2022-10-08,9.267620904719488,0,entree_mean,3
37,2022-10-09,9.354638301655847,0,entree_mean,14
37,2022-10-10,9.383405160670158,0,entree_mean,11
37,2022-10-11,9.449969519511663,0,entree_mean,9
37,2022-10-12,9.47867027746338,0,entree_mean,11
37,2022-10-13,9.552164149000088,0,entree_mean,1
37,2022-10-14,9.412829319135975,0,entree_mean,2
37,2022-10-15,9.294368126498702,0,entree_mean,11
37,2022-10-16,9.476067407007175,0,entree_mean,14
37,2022-10-17,9.44161465545404,0,entree_mean,17
37,2022-10-18,10.027921585224961,0,entree_mean,7
37,2022-10-19,9.44628819547652,0,entree_mean,2
37,2022-10-20,9.468825902554743,0,entree_mean,6
37,2022-10-22,9.928191529722989,0,entree_mean,7
37,2022-10-23,9.458801747457267,0,entree_mean,10
37,2022-10-24,9.462292102426208,0,entree_mean,11
37,2022-10-25,9.431224670663543,0,entree_mean,4
37,2022-10-26,9.479162292870543,0,entree_mean,12
37,2022-10-27,9.33716005946362,0,entree_mean,14
37,2022-10-28,10.061194156553222,0,entree_mean,12
37,2022-10-29,9.424193258767673,0,entree_mean,2
37,2022-10-30,9.47349132627449,0,entree_mean,9
37,2022-10-31,9.5246527281122,0,entree_mean,10
37,2022-11-01,9.374653434203966,0,entree_mean,32
37,2022-11-02,9.456476227266746,0,entree_mean,12
37,2022-11-03,9.528728141258924,0,entree_mean,5
37,2022-11-04,9.43319016933586,0,entree_mean,12
37,2022-11-05,9.469541762580699,0,entree_mean,6
37,2022-11-06,9.465150958318864,0,entree_mean,11
37,2022-11-07,9.331876721714517,0,entree_mean,12
37,2022-11-08,9.447877099470945,0,entree_mean,9
37,2022-11-09,9.47796891137226,0,entree_mean,4
37,2022-11-10,9.434195445420366,0,entree_mean,5
37,2022-11-11,9.365990304827449,0,entree_mean,9
37,2022-11-12,10.76576912074627,0,entree_mean,3
37,2022-11-13,9.49740685777855,0,entree_mean,22
37,2022-11-14,9.4171979112901,0,entree_mean,8
37,2022-11-15,9.459196580732218,0,entree_mean,7
37,2022-11-16,9.52915223241007,0,entree_mean,12
37,2022-11-17,9.49302091746172,0,entree_mean,3
37,2022-11-18,9.460893436116212,0,entree_mean,4
37,2022-11-19,9.627903505812123,0,entree_mean,16
37,2022-11-20,9.389145454115074,0,entree_mean,27
37,2022-11-21,9.467986490721099,0,entree_mean,9
37,2022-11-22,9.42867428336533,0,entree_mean,11
37,2022-11-23,9.452245089365267,0,entree_mean,6
37,2022-11-24,9.434195445420437,0,entree_mean,4
37,2022-11-25,9.441274891798614,0,entree_mean,2
37,2022-11-27,9.475630761350454,0,entree_mean,5
38,2022-10-04,20.47492909647089,0,entree_mean,3
38,2022-10-05,20.50228778889894,0,entree_mean,2
38,2022-10-06,20.540701159770418,0,entree_mean,3
38,2022-10-07,20.508369985983737,0,entree_mean,14
38,2022-10-08,20.49567616796727,0,entree_mean,14
38,2022-10-09,20.472309584083604,0,entree_mean,21
38,2022-10-10,20.527775729050603,0,entree_mean,2
38,2022-10-11,20.5204719189127,0,entree_mean,8
38,2022-10-12,20.529670296697027,0,entree_mean,6
38,2022-10-13,20.53924619235728,0,entree_mean,1
38,2022-10-16,20.422527003112553,0,entree_mean,8
38,2022-10-17,20.49990656740607,0,entree_mean,1
38,2022-10-18,20.52235953472156,0,entree_mean,7
38,2022-10-20,20.515920745205978,0,entree_mean,5
38,2022-10-21,20.539246192357297,0,entree_mean,1
38,2022-10-22,20.523358925881716,0,entree_mean,5
38,2022-10-23,20.519268540044706,0,entree_mean,8
38,2022-10-24,20.51771784035705,0,entree_mean,4
38,2022-10-25,20.498564826166515,0,entree_mean,2
38,2022-10-27,20.54108578247851,0,entree_mean,3
38,2022-10-28,20.51640752420455,0,entree_mean,5
38,2022-10-29,20.539372370749586,0,entree_mean,2
38,2022-10-30,20.438516642999733,0,entree_mean,12
38,2022-11-01,20.511127890804733,0,entree_mean,13
38,2022-11-04,20.511094046864883,0,entree_mean,3
38,2022-11-05,20.478368213360714,0,entree_mean,5
38,2022-11-06,20.290175086234143,0,entree_mean,4
38,2022-11-07,20.544765457022162,0,entree_mean,1
38,2022-11-08,20.521724088524614,0,entree_mean,4
38,2022-11-09,20.488499243803087,0,entree_mean,4
38,2022-11-10,20.512600572205248,0,entree_mean,6
38,2022-11-11,20.498564826166493,0,entree_mean,1
38,2022-11-12,20.539214926808178,0,entree_mean,7
38,2022-11-13,20.502394133266634,0,entree_mean,15
38,2022-11-14,20.524752435478483,0,entree_mean,7
38,2022-11-17,20.83717928859722,0,entree_mean,3
38,2022-11-19,20.70795433608692,0,entree_mean,1
38,2022-11-20,20.731372608010577,0,entree_mean,1
38,2022-11-21,21.12941862601662,0,entree_mean,10
38,2022-11-22,20.548981890610538,0,entree_mean,2
38,2022-11-25,20.73137260801071,0,entree_mean,6
38,2022-11-26,20.684562517571607,0,entree_mean,5
39,2022-10-03,13.059281175790394,0,entree_mean,3
39,2022-10-04,13.057536214517105,0,entree_mean,3
39,2022-10-06,13.074485967048338,0,entree_mean,4
39,2022-10-07,13.149828746989007,0,entree_mean,7
39,2022-10-08,13.162108935792201,0,entree_mean,2
39,2022-10-09,13.121687597791794,0,entree_mean,10
39,2022-10-10,13.12980097092507,0,entree_mean,7
39,2022-10-11,13.08731400255659,0,entree_mean,3
39,2022-10-12,13.098338849557777,0,entree_mean,10
39,2022-10-13,13.051433842519852,0,entree_mean,4
39,2022-10-14,13.09410120704522,0,entree_mean,5
39,2022-10-15,13.092551561009063,0,entree_mean,7
39,2022-10-16,13.062908623187253,0,entree_mean,5
39,2022-10-17,13.102436044705673,0,entree_mean,3
39,2022-10-18,12.972464514384049,0,entree_mean,1
39,2022-10-21,13.108433492611258,0,entree_mean,11
39,2022-10-22,13.065024376657677,0,entree_mean,4
39,2022-10-23,13.064992425714411,0,entree_mean,6
39,2022-10-24,13.069889755528276,0,entree_mean,6
39,2022-10-27,13.109934079164177,0,entree_mean,5
39,2022-10-28,13.103931844245835,0,entree_mean,8
39,2022-10-29,13.100214537056933,0,entree_mean,7
39,2022-10-30,13.159996620208197,0,entree_mean,4
39,2022-10-31,13.13200755945138,0,entree_mean,9
39,2022-11-01,13.090356314931443,0,entree_mean,3
39,2022-11-03,13.032668749639098,0,entree_mean,2
39,2022-11-04,13.10393796266097,0,entree_mean,10
39,2022-11-05,13.080921637025915,0,entree_mean,10
39,2022-11-06,13.087108057081846,0,entree_mean,4
39,2022-11-07,14.900000000000084,1,entree_mean,1
39,2022-11-10,13.101220802401523,0,entree_mean,4
39,2022-11-11,13.08105174088716,0,entree_mean,15
39,2022-11-12,13.11759864693641,0,entree_mean,13
39,2022-11-13,13.109565121027794,0,entree_mean,16
39,2022-11-14,13.115524380894374,0,entree_mean,8
39,2022-11-15,13.120500139941669,0,entree_mean,4
39,2022-11-17,13.1335596464009,0,entree_mean,5
39,2022-11-18,13.661789827202256,0,entree_mean,5
39,2022-11-19,13.28253932652245,0,entree_mean,11
39,2022-11-20,13.200270459713398,0,entree_mean,1
39,2022-11-21,13.421117161009912,0,entree_mean,3
39,2022-11-22,13.687420869747672,0,entree_mean,2
39,2022-11-24,13.3782315984727,0,entree_mean,3
39,2022-11-25,14.183422684938002,0,entree_mean,4
39,2022-11-26,13.196279393502733,0,entree_mean,3
39,2022-11-27,13.112582506660774,0,entree_mean,6
40,2022-10-03,9.9870070492947,0,entree_mean,3
40,2022-10-04,10.159085254925916,0,entree_mean,22
40,2022-10-05,10.719839573323812,0,entree_mean,24
40,2022-10-06,11.194845671806325,0,entree_mean,11
40,2022-10-07,10.179163872249672,0,entree_mean,47
40,2022-10-08,10.376834941661127,0,entree_mean,48
40,2022-10-09,10.176062516933376,0,entree_mean,62
40,2022-10-10,9.937253391181352,0,entree_mean,28
40,2022-10-11,10.109335151672328,0,entree_mean,18
40,2022-10-12,10.210276546389473,0,entree_mean,53
40,2022-10-13,9.833343022963216,0,entree_mean,20
40,2022-10-14,10.260847163607448,0,entree_mean,40
40,2022-10-15,10.217897180406927,0,entree_mean,30
40,2022-10-16,10.15460598138927,0,entree_mean,42
40,2022-10-17,9.834820049107217,0,entree_mean,23
40,2022-10-18,9.924218581085798,0,entree_mean,6
40,2022-10-19,10.598905896579694,0,entree_mean,26
40,2022-10-20,10.547664177774845,0,entree_mean,17
40,2022-10-21,9.871062563883774,0,entree_mean,16
40,2022-10-22,10.30939307632119,0,entree_mean,44
40,2022-10-23,10.74897851709282,0,entree_mean,46
40,2022-10-24,10.053521740738445,0,entree_mean,10
40,2022-10-25,9.989048405923803,0,entree_mean,17
40,2022-10-26,10.1406721082696,0,entree_mean,7
40,2022-10-27,10.104115493361745,0,entree_mean,18
40,2022-10-28,10.37327504640089,0,entree_mean,38
40,2022-10-29,9.829232924849563,0,entree_mean,29
40,2022-10-30,10.270845037080392,0,entree_mean,37
40,2022-10-31,10.230765301107702,0,entree_mean,42
40,2022-11-01,10.305752590469233,0,entree_mean,25
40,2022-11-02,9.882845525383283,0,entree_mean,16
40,2022-11-03,8.439893760012081,0,entree_mean,10
40,2022-11-04,7.778713629735783,0,entree_mean,8
40,2022-11-05,8.539565606491818,0,entree_mean,41
40,2022-11-06,8.456711625461217,0,entree_mean,44
40,2022-11-07,8.570757058229404,0,entree_mean,12
40,2022-11-08,8.103125304581052,0,entree_mean,20
40,2022-11-09,8.369267431863669,0,entree_mean,28
40,2022-11-10,8.49531453301679,0,entree_mean,13
40,2022-11-11,8.282094650533688,0,entree_mean,37
40,2022-11-12,8.209592263692805,0,entree_mean,29
40,2022-11-13,8.264633567993386,0,entree_mean,45
40,2022-11-14,8.258056623065201,0,entree_mean,34
40,2022-11-15,8.436913164332193,0,entree_mean,27
40,2022-11-16,8.430433217574368,0,entree_mean,31
40,2022-11-17,8.678767650426478,0,entree_mean,28
40,2022-11-18,7.98385801795706,0,entree_mean,17
40,2022-11-19,8.275663075186348,0,entree_mean,32
40,2022-11-20,8.676024878053571,0,entree_mean,28
40,2022-11-21,8.442254608052318,0,entree_mean,18
40,2022-11-22,8.2127473961166,0,entree_mean,15
40,2022-11-23,9.048120209481084,0,entree_mean,9
40,2022-11-24,8.218235636140289,0,entree_mean,15
40,2022-11-25,8.284469298448968,0,entree_mean,32
40,2022-11-26,8.439681036377825,0,entree_mean,32
40,2022-11-27,8.480996752455185,0,entree_mean,36
41,2022-10-03,4.623529411764702,0,entree_mean,10
41,2022-10-04,4.623529411764695,0,entree_mean,17
41,2022-10-05,4.623529411764716,0,entree_mean,5
41,2022-10-06,4.6235294117647,0,entree_mean,4
41,2022-10-07,4.623529411764699,0,entree_mean,9
41,2022-10-08,4.623529411764714,0,entree_mean,17
41,2022-10-09,4.623529411764696,0,entree_mean,41
41,2022-10-10,4.623529411764693,0,entree_mean,6
41,2022-10-11,4.623529411764693,0,entree_mean,8
41,2022-10-12,4.623529411764704,0,entree_mean,13
41,2022-10-13,4.6235294117647,0,entree_mean,3
41,2022-10-14,4.623529411764704,0,entree_mean,4
41,2022-10-15,4.623529411764701,0,entree_mean,24
41,2022-10-16,4.6235294117647046,0,entree_mean,22
41,2022-10-17,4.623529411764697,0,entree_mean,3
41,2022-10-18,4.623529411764699,0,entree_mean,11
41,2022-10-19,4.623529411764732,0,entree_mean,8
41,2022-10-21,4.623529411764708,0,entree_mean,6
41,2022-10-22,4.623529411764688,0,entree_mean,10
41,2022-10-23,4.62352941176472,0,entree_mean,12
41,2022-10-24,4.6235294117647,0,entree_mean,6
41,2022-10-25,4.623529411764709,0,entree_mean,4
41,2022-10-26,4.623529411764715,0,entree_mean,7
41,2022-10-27,4.623529411764701,0,entree_mean,1
41,2022-10-28,4.623529411764706,0,entree_mean,5
41,2022-10-29,4.623529411764713,0,entree_mean,11
41,2022-10-30,4.623529411764706,0,entree_mean,10
41,2022-10-31,4.623529411764709,0,entree_mean,8
41,2022-11-01,4.623529411764699,0,entree_mean,17
41,2022-11-02,4.62352941176469,0,entree_mean,3
41,2022-11-03,4.6235294117647,0,entree_mean,10
41,2022-11-04,4.623529411764701,0,entree_mean,13
41,2022-11-05,4.623529411764702,0,entree_mean,17
41,2022-11-06,4.6235294117646974,0,entree_mean,4
41,2022-11-08,4.623529411764699,0,entree_mean,5
41,2022-11-09,4.62352941176472,0,entree_mean,13
41,2022-11-11,4.623529411764713,0,entree_mean,13
41,2022-11-12,4.623529411764706,0,entree_mean,35
41,2022-11-13,4.623529411764716,0,entree_mean,17
41,2022-11-14,4.623529411764708,0,entree_mean,5
41,2022-11-15,4.623529411764714,0,entree_mean,9
41,2022-11-16,4.62352941176471,0,entree_mean,13
41,2022-11-17,4.623529411764707,0,entree_mean,4
41,2022-11-18,4.623529411764711,0,entree_mean,3
41,2022-11-19,4.623529411764702,0,entree_mean,9
41,2022-11-20,4.623529411764704,0,entree_mean,28
41,2022-11-21,4.623529411764713,0,entree_mean,6
41,2022-11-22,4.623529411764706,0,entree_mean,3
41,2022-11-24,4.62352941176471,0,entree_mean,9
41,2022-11-25,4.623529411764708,0,entree_mean,9
41,2022-11-26,4.623529411764699,0,entree_mean,4
41,2022-11-27,4.6235294117647,0,entree_mean,15
42,2022-10-04,5.468421052631537,0,entree_mean,2
42,2022-10-06,5.468421052631563,0,entree_mean,7
42,2022-10-07,5.468421052631573,0,entree_mean,9
42,2022-10-08,5.468421052631586,0,entree_mean,2
42,2022-10-11,5.468421052631563,0,entree_mean,5
42,2022-10-12,5.468421052631557,0,entree_mean,2
42,2022-10-14,5.468421052631563,0,entree_mean,15
42,2022-10-15,5.46842105263157,0,entree_mean,8
42,2022-10-16,5.468421052631562,0,entree_mean,25
42,2022-10-18,5.468421052631561,0,entree_mean,5
42,2022-10-20,5.468421052631626,0,entree_mean,4
42,2022-10-22,5.46842105263158,0,entree_mean,2
42,2022-10-23,5.468421052631572,0,entree_mean,13
42,2022-10-25,5.4684210526315695,0,entree_mean,10
42,2022-10-27,5.468421052631563,0,entree_mean,4
42,2022-10-28,5.468421052631557,0,entree_mean,8
42,2022-10-29,5.468421052631574,0,entree_mean,6
42,2022-11-01,5.468421052631583,0,entree_mean,10
42,2022-11-02,5.468421052631547,0,entree_mean,17
42,2022-11-03,5.468421052631562,0,entree_mean,15
42,2022-11-04,5.468421052631569,0,entree_mean,11
42,2022-11-06,5.468421052631579,0,entree_mean,12
42,2022-11-09,5.46842105263157,0,entree_mean,5
42,2022-11-10,5.468421052631572,0,entree_mean,2
42,2022-11-11,5.4684210526315775,0,entree_mean,6
42,2022-11-12,5.468421052631566,0,entree_mean,6
42,2022-11-13,5.46842105263158,0,entree_mean,10
42,2022-11-15,5.468421052631569,0,entree_mean,10
42,2022-11-17,5.468421052631566,0,entree_mean,7
42,2022-11-18,5.46842105263159,0,entree_mean,6
42,2022-11-19,5.46842105263158,0,entree_mean,17
42,2022-11-20,5.468421052631596,0,entree_mean,9
42,2022-11-22,5.468421052631572,0,entree_mean,2
42,2022-11-23,5.468421052631569,0,entree_mean,15
42,2022-11-24,5.4684210526315775,0,entree_mean,8
42,2022-11-25,5.468421052631576,0,entree_mean,5
42,2022-11-26,5.468421052631557,0,entree_mean,2
43,2022-10-18,11.500000000000044,0,entree_mean,18
43,2022-10-19,11.500000000000057,0,entree_mean,11
43,2022-10-21,11.500000000000032,0,entree_mean,31
43,2022-10-22,11.500000000000103,0,entree_mean,6
43,2022-10-23,11.500000000000062,0,entree_mean,3
43,2022-10-29,11.50000000000004,0,entree_mean,12
43,2022-10-30,11.500000000000028,0,entree_mean,12
43,2022-11-01,11.499999999999993,0,entree_mean,9
43,2022-11-02,11.500000000000037,0,entree_mean,7
43,2022-11-03,11.500000000000057,0,entree_mean,3
43,2022-11-04,11.500000000000014,0,entree_mean,7
43,2022-11-09,11.500000000000021,0,entree_mean,6
43,2022-11-11,11.500000000000057,0,entree_mean,11
43,2022-11-13,11.500000000000068,0,entree_mean,7
43,2022-11-17,11.500000000000055,0,entree_mean,3
43,2022-11-18,11.500000000000021,0,entree_mean,2
43,2022-11-19,11.50000000000007,0,entree_mean,7
43,2022-11-20,11.500000000000005,0,entree_mean,9
43,2022-11-23,11.500000000000018,0,entree_mean,6
43,2022-11-24,11.50000000000007,0,entree_mean,6
43,2022-11-25,11.500000000000052,0,entree_mean,8
43,2022-11-26,11.500000000000039,0,entree_mean,4
43,2022-11-27,11.50000000000005,0,entree_mean,29
44,2022-10-03,7.454716981132059,0,entree_mean,1
44,2022-10-04,7.4547169811320515,0,entree_mean,8
44,2022-10-05,7.454716981132078,0,entree_mean,5
44,2022-10-06,7.454716981132089,0,entree_mean,8
44,2022-10-07,7.454716981132039,0,entree_mean,5
44,2022-10-08,7.454716981132067,0,entree_mean,5
44,2022-10-09,7.454716981132059,0,entree_mean,10
44,2022-10-11,7.454716981132082,0,entree_mean,6
44,2022-10-12,7.454716981132074,0,entree_mean,9
44,2022-10-13,7.4547169811321,0,entree_mean,3
44,2022-10-14,7.454716981132068,0,entree_mean,7
44,2022-10-15,7.4547169811320915,0,entree_mean,5
44,2022-10-16,7.454716981132065,0,entree_mean,2
44,2022-10-17,7.45471698113207,0,entree_mean,7
44,2022-10-18,7.454716981132072,0,entree_mean,3
44,2022-10-19,7.454716981132058,0,entree_mean,5
44,2022-10-20,7.454716981132059,0,entree_mean,3
44,2022-10-21,7.45471698113204,0,entree_mean,3
44,2022-10-22,7.454716981132042,0,entree_mean,5
44,2022-10-23,7.4547169811320355,0,entree_mean,5
44,2022-10-25,7.454716981132095,0,entree_mean,2
44,2022-10-26,7.454716981132074,0,entree_mean,5
44,2022-10-27,7.454716981132055,0,entree_mean,4
44,2022-10-28,7.45471698113207,0,entree_mean,5
44,2022-10-29,7.454716981132062,0,entree_mean,7
44,2022-10-30,7.454716981132045,0,entree_mean,12
44,2022-10-31,7.454716981132078,0,entree_mean,2
44,2022-11-01,7.4547169811320515,0,entree_mean,4
44,2022-11-03,7.454716981132062,0,entree_mean,4
44,2022-11-04,7.454716981132089,0,entree_mean,2
44,2022-11-05,7.4547169811320835,0,entree_mean,2
44,2022-11-06,7.4547169811320755,0,entree_mean,5
44,2022-11-07,7.454716981132082,0,entree_mean,2
44,2022-11-08,7.454716981132064,0,entree_mean,2
44,2022-11-09,7.45471698113204,0,entree_mean,2
44,2022-11-10,7.454716981132039,0,entree_mean,2
44,2022-11-11,7.4547169811320835,0,entree_mean,7
44,2022-11-12,7.454716981132065,0,entree_mean,9
44,2022-11-13,7.454716981132054,0,entree_mean,17
44,2022-11-15,7.454716981132062,0,entree_mean,4
44,2022-11-16,7.454716981132074,0,entree_mean,7
44,2022-11-17,7.4547169811320915,0,entree_mean,8
44,2022-11-18,7.454716981132078,0,entree_mean,6
44,2022-11-19,7.4547169811320515,0,entree_mean,19
44,2022-11-20,7.454716981132072,0,entree_mean,7
44,2022-11-21,7.454716981132053,0,entree_mean,6
44,2022-11-22,7.454716981132064,0,entree_mean,8
44,2022-11-23,7.454716981132101,0,entree_mean,1
44,2022-11-24,7.454716981132055,0,entree_mean,2
44,2022-11-25,7.454716981132065,0,entree_mean,5
44,2022-11-27,7.454716981132078,0,entree_mean,4
45,2022-10-03,10.487500000000004,0,entree_mean,6
45,2022-10-04,10.487500000000027,0,entree_mean,4
45,2022-10-05,10.487499999999999,0,entree_mean,1
45,2022-10-06,10.48750000000002,0,entree_mean,8
45,2022-10-07,10.487500000000026,0,entree_mean,22
45,2022-10-08,10.487500000000047,0,entree_mean,6
45,2022-10-09,10.487500000000042,0,entree_mean,20
45,2022-10-10,10.487500000000043,0,entree_mean,4
45,2022-10-11,10.48749999999998,0,entree_mean,5
45,2022-10-12,10.48749999999999,0,entree_mean,13
45,2022-10-13,10.487499999999976,0,entree_mean,13
45,2022-10-14,10.48749999999997,0,entree_mean,11
45,2022-10-15,10.487499999999986,0,entree_mean,15
45,2022-10-16,10.48750000000001,0,entree_mean,21
45,2022-10-17,10.48750000000005,0,entree_mean,3
45,2022-10-18,10.487499999999999,0,entree_mean,2
45,2022-10-19,10.487500000000002,0,entree_mean,6
45,2022-10-20,10.487500000000004,0,entree_mean,5
45,2022-10-21,10.487500000000026,0,entree_mean,22
45,2022-10-22,10.48750000000004,0,entree_mean,39
45,2022-10-23,10.487500000000002,0,entree_mean,24
45,2022-10-24,10.487499999999967,0,entree_mean,2
45,2022-10-25,10.487499999999958,0,entree_mean,2
45,2022-10-26,10.487499999999986,0,entree_mean,4
45,2022-10-27,10.487500000000047,0,entree_mean,9
45,2022-10-28,10.487499999999955,0,entree_mean,15
45,2022-10-29,10.487500000000006,0,entree_mean,15
45,2022-10-30,10.487500000000002,0,entree_mean,17
45,2022-10-31,10.48750000000001,0,entree_mean,5
45,2022-11-01,10.487500000000002,0,entree_mean,16
45,2022-11-02,10.48750000000003,0,entree_mean,4
45,2022-11-03,10.487499999999997,0,entree_mean,8
45,2022-11-04,10.487500000000022,0,entree_mean,11
45,2022-11-05,10.487500000000006,0,entree_mean,17
45,2022-11-06,10.487499999999995,0,entree_mean,25
45,2022-11-07,10.48750000000001,0,entree_mean,6
45,2022-11-09,10.487500000000013,0,entree_mean,5
45,2022-11-10,10.487500000000026,0,entree_mean,7
45,2022-11-11,10.487500000000013,0,entree_mean,23
45,2022-11-12,10.487500000000026,0,entree_mean,15
45,2022-11-13,10.48750000000001,0,entree_mean,14
45,2022-11-14,10.487499999999981,0,entree_mean,1
45,2022-11-16,10.487500000000018,0,entree_mean,4
45,2022-11-17,10.487500000000036,0,entree_mean,4
45,2022-11-18,10.487500000000027,0,entree_mean,16
45,2022-11-19,10.487500000000022,0,entree_mean,10
45,2022-11-20,10.487499999999997,0,entree_mean,11
45,2022-11-21,10.487500000000022,0,entree_mean,2
45,2022-11-23,10.487499999999992,0,entree_mean,4
45,2022-11-24,10.487499999999992,0,entree_mean,3
45,2022-11-25,10.487500000000034,0,entree_mean,23
45,2022-11-26,10.487499999999995,0,entree_mean,15
45,2022-11-27,10.487500000000011,0,entree_mean,21
46,2022-10-03,2.0999999999999925,0,entree_mean,15
46,2022-10-05,2.100000000000001,0,entree_mean,7
46,2022-10-06,2.099999999999996,0,entree_mean,10
46,2022-10-07,2.099999999999994,0,entree_mean,20
46,2022-10-08,2.0999999999999917,0,entree_mean,6
46,2022-10-09,2.0999999999999903,0,entree_mean,16
46,2022-10-10,2.0999999999999903,0,entree_mean,6
46,2022-10-12,2.09999999999999,0,entree_mean,32
46,2022-10-13,2.099999999999995,0,entree_mean,4
46,2022-10-14,2.099999999999993,0,entree_mean,7
46,2022-10-15,2.0999999999999948,0,entree_mean,15
46,2022-10-16,2.099999999999991,0,entree_mean,20
46,2022-10-17,2.099999999999999,0,entree_mean,3
46,2022-10-19,2.099999999999996,0,entree_mean,2
46,2022-10-21,2.0999999999999925,0,entree_mean,8
46,2022-10-22,2.099999999999996,0,entree_mean,10
46,2022-10-23,2.0999999999999908,0,entree_mean,31
46,2022-10-24,2.099999999999993,0,entree_mean,14
46,2022-10-26,2.099999999999994,0,entree_mean,6
46,2022-10-27,2.099999999999992,0,entree_mean,9
46,2022-10-28,2.0999999999999934,0,entree_mean,4
46,2022-10-29,2.099999999999992,0,entree_mean,4
46,2022-10-30,2.0999999999999894,0,entree_mean,34
46,2022-10-31,2.0999999999999948,0,entree_mean,21
46,2022-11-02,2.099999999999994,0,entree_mean,13
46,2022-11-03,2.099999999999992,0,entree_mean,18
46,2022-11-04,2.0999999999999943,0,entree_mean,23
46,2022-11-05,2.0999999999999925,0,entree_mean,18
46,2022-11-06,2.0999999999999956,0,entree_mean,19
46,2022-11-07,2.0999999999999956,0,entree_mean,27
46,2022-11-09,2.0999999999999956,0,entree_mean,12
46,2022-11-10,2.0999999999999956,0,entree_mean,10
46,2022-11-11,2.099999999999992,0,entree_mean,9
46,2022-11-12,2.1000000000000045,0,entree_mean,36
46,2022-11-13,2.0999999999999934,0,entree_mean,22
46,2022-11-14,2.099999999999997,0,entree_mean,8
46,2022-11-17,2.0999999999999943,0,entree_mean,9
46,2022-11-18,2.099999999999996,0,entree_mean,7
46,2022-11-19,2.0999999999999956,0,entree_mean,16
46,2022-11-20,2.0999999999999908,0,entree_mean,14
46,2022-11-21,2.099999999999997,0,entree_mean,17
46,2022-11-24,2.0999999999999903,0,entree_mean,7
46,2022-11-25,2.0999999999999868,0,entree_mean,7
46,2022-11-26,2.0999999999999943,0,entree_mean,23
46,2022-11-27,2.099999999999991,0,entree_mean,6
47,2022-10-04,11.283783783783841,0,entree_mean,4
47,2022-10-05,11.283783783783772,0,entree_mean,2
47,2022-10-06,11.283783783783823,0,entree_mean,3
47,2022-10-07,11.283783783783772,0,entree_mean,13
47,2022-10-08,11.283783783783772,0,entree_mean,7
47,2022-10-09,11.283783783783791,0,entree_mean,24
47,2022-10-11,11.283783783783797,0,entree_mean,12
47,2022-10-12,11.283783783783882,0,entree_mean,11
47,2022-10-13,11.283783783783793,0,entree_mean,3
47,2022-10-14,11.283783783783786,0,entree_mean,6
47,2022-10-15,11.283783783783852,0,entree_mean,11
47,2022-10-16,11.283783783783822,0,entree_mean,10
47,2022-10-21,11.283783783783823,0,entree_mean,20
47,2022-10-22,11.283783783783761,0,entree_mean,25
47,2022-10-23,11.283783783783754,0,entree_mean,28
47,2022-10-25,11.2837837837838,0,entree_mean,3
47,2022-10-26,11.28378378378378,0,entree_mean,3
47,2022-10-28,11.283783783783758,0,entree_mean,11
47,2022-10-29,11.283783783783742,0,entree_mean,2
47,2022-10-30,11.283783783783752,0,entree_mean,12
47,2022-10-31,11.283783783783791,0,entree_mean,35
47,2022-11-01,11.28378378378375,0,entree_mean,17
47,2022-11-03,11.283783783783772,0,entree_mean,1
47,2022-11-05,11.283783783783822,0,entree_mean,11
47,2022-11-06,11.283783783783841,0,entree_mean,31
47,2022-11-09,11.28378378378387,0,entree_mean,7
47,2022-11-10,11.283783783783791,0,entree_mean,4
47,2022-11-11,11.283783783783782,0,entree_mean,29
47,2022-11-12,11.2837837837838,0,entree_mean,10
47,2022-11-13,11.283783783783814,0,entree_mean,11
47,2022-11-15,11.2837837837838,0,entree_mean,5
47,2022-11-16,11.283783783783806,0,entree_mean,4
47,2022-11-17,11.283783783783788,0,entree_mean,2
47,2022-11-18,11.283783783783774,0,entree_mean,6
47,2022-11-19,11.283783783783779,0,entree_mean,12
47,2022-11-20,11.28378378378389,0,entree_mean,15
47,2022-11-22,11.283783783783797,0,entree_mean,4
47,2022-11-23,11.283783783783818,0,entree_mean,11
47,2022-11-24,11.283783783783797,0,entree_mean,6
47,2022-11-25,11.28378378378381,0,entree_mean,17
47,2022-11-26,11.283783783783784,0,entree_mean,11
47,2022-11-27,11.283783783783804,0,entree_mean,11
48,2022-10-03,6.1999999999999975,0,entree_mean,9
48,2022-10-04,6.199999999999973,0,entree_mean,12
48,2022-10-05,6.20000000000002,0,entree_mean,5
48,2022-10-06,6.200000000000022,0,entree_mean,2
48,2022-10-07,6.199999999999941,0,entree_mean,3
48,2022-10-08,6.200000000000013,0,entree_mean,20
48,2022-10-09,6.19999999999999,0,entree_mean,23
48,2022-10-10,6.199999999999999,0,entree_mean,3
48,2022-10-11,6.199999999999979,0,entree_mean,29
48,2022-10-12,6.19999999999999,0,entree_mean,21
48,2022-10-13,6.199999999999984,0,entree_mean,12
48,2022-10-14,6.2,0,entree_mean,13
48,2022-10-15,6.200000000000013,0,entree_mean,27
48,2022-10-16,6.200000000000013,0,entree_mean,25
48,2022-10-17,6.199999999999988,0,entree_mean,8
48,2022-10-19,6.200000000000033,0,entree_mean,4
48,2022-10-20,6.199999999999989,0,entree_mean,10
48,2022-10-21,6.199999999999987,0,entree_mean,26
48,2022-10-22,6.199999999999991,0,entree_mean,25
48,2022-10-23,6.200000000000005,0,entree_mean,22
48,2022-10-25,6.19999999999996,0,entree_mean,14
48,2022-10-26,6.1999999999999735,0,entree_mean,15
48,2022-10-27,6.200000000000013,0,entree_mean,2
48,2022-10-28,6.2000000000000375,0,entree_mean,21
48,2022-10-29,6.1999999999999975,0,entree_mean,31
48,2022-10-30,6.1999999999999735,0,entree_mean,26
48,2022-10-31,6.199999999999976,0,entree_mean,26
48,2022-11-01,6.199999999999976,0,entree_mean,29
48,2022-11-02,6.1999999999999895,0,entree_mean,17
48,2022-11-03,6.199999999999953,0,entree_mean,6
48,2022-11-04,6.20000000000002,0,entree_mean,25
48,2022-11-05,6.199999999999985,0,entree_mean,23
48,2022-11-06,6.200000000000008,0,entree_mean,29
48,2022-11-08,6.199999999999984,0,entree_mean,4
48,2022-11-09,6.199999999999964,0,entree_mean,2
48,2022-11-10,6.200000000000003,0,entree_mean,8
48,2022-11-11,6.199999999999996,0,entree_mean,23
48,2022-11-12,6.1999999999999895,0,entree_mean,23
48,2022-11-13,6.199999999999984,0,entree_mean,41
48,2022-11-14,6.1999999999999895,0,entree_mean,3
48,2022-11-15,6.199999999999971,0,entree_mean,1
48,2022-11-16,6.199999999999987,0,entree_mean,7
48,2022-11-17,6.2000000000000055,0,entree_mean,8
48,2022-11-18,6.200000000000021,0,entree_mean,18
48,2022-11-19,6.199999999999986,0,entree_mean,8
48,2022-11-20,6.199999999999999,0,entree_mean,29
48,2022-11-22,6.199999999999972,0,entree_mean,9
48,2022-11-23,6.1999999999999975,0,entree_mean,8
48,2022-11-24,6.199999999999935,0,entree_mean,4
48,2022-11-25,6.199999999999975,0,entree_mean,26
48,2022-11-26,6.199999999999993,0,entree_mean,28
48,2022-11-27,6.200000000000091,0,entree_mean,45
49,2022-10-03,9.985664155640238,0,entree_mean,34
49,2022-10-04,9.954463795403582,0,entree_mean,65
49,2022-10-05,9.98252786834284,0,entree_mean,61
49,2022-10-06,9.981362654299577,0,entree_mean,72
49,2022-10-07,9.967432461156505,0,entree_mean,68
49,2022-10-08,10.001356441756839,0,entree_mean,226
49,2022-10-09,9.967767134700152,0,entree_mean,64
49,2022-10-10,9.96721432282672,0,entree_mean,228
49,2022-10-11,9.979451629118852,0,entree_mean,52
49,2022-10-12,9.968590767182578,0,entree_mean,76
49,2022-10-13,9.998720776244474,0,entree_mean,251
49,2022-10-14,9.986671922604176,0,entree_mean,39
49,2022-10-15,9.968513599003787,0,entree_mean,31
49,2022-10-16,9.971203183342881,0,entree_mean,72
49,2022-10-17,9.9784334451615,0,entree_mean,33
49,2022-10-18,9.98962085254159,0,entree_mean,80
49,2022-10-19,9.959861370293158,0,entree_mean,49
49,2022-10-20,9.967023947302806,0,entree_mean,51
49,2022-10-21,9.980273452252174,0,entree_mean,43
49,2022-10-22,9.976230307986414,0,entree_mean,20
49,2022-10-23,9.952355370460454,0,entree_mean,42
49,2022-10-24,9.983737555094422,0,entree_mean,28
49,2022-10-25,9.97941107945147,0,entree_mean,32
49,2022-10-26,9.990086592120647,0,entree_mean,37
49,2022-10-27,9.972606968559418,0,entree_mean,26
49,2022-10-28,9.943015867190438,0,entree_mean,26
49,2022-10-29,9.975212865455326,0,entree_mean,37
49,2022-10-30,9.987544721614421,0,entree_mean,39
49,2022-10-31,9.979592504871748,0,entree_mean,35
49,2022-11-01,9.976218564715083,0,entree_mean,70
49,2022-11-02,9.969649349411647,0,entree_mean,29
49,2022-11-03,9.982500647027798,0,entree_mean,10
49,2022-11-04,9.944344552988643,0,entree_mean,26
49,2022-11-05,9.959816369197057,0,entree_mean,16
49,2022-11-06,9.978411599982575,0,entree_mean,39
49,2022-11-07,10.249721046791953,0,entree_mean,17
49,2022-11-08,10.246591705206777,0,entree_mean,30
49,2022-11-09,10.246208660536224,0,entree_mean,36
49,2022-11-10,10.269939945718937,0,entree_mean,55
49,2022-11-11,10.197195767210584,0,entree_mean,52
49,2022-11-12,10.175737430657435,0,entree_mean,29
49,2022-11-13,10.172111698749616,0,entree_mean,75
49,2022-11-14,10.162547744574546,0,entree_mean,49
49,2022-11-15,10.16637555184595,0,entree_mean,41
49,2022-11-16,10.200890568602686,0,entree_mean,47
49,2022-11-17,10.173477787538571,0,entree_mean,52
49,2022-11-18,10.18749914328623,0,entree_mean,49
49,2022-11-19,10.184532278117238,0,entree_mean,45
49,2022-11-20,10.17304472944187,0,entree_mean,49
49,2022-11-21,10.169622036768645,0,entree_mean,16
49,2022-11-22,10.17805301569431,0,entree_mean,16
49,2022-11-23,10.140952024174458,0,entree_mean,24
49,2022-11-24,10.160220968830647,0,entree_mean,52
49,2022-11-25,10.134916997172894,0,entree_mean,73
49,2022-11-26,10.14140490284757,0,entree_mean,49
49,2022-11-27,10.136637591996115,0,entree_mean,80
50,2022-10-03,14.911022350123323,0,entree_mean,7
50,2022-10-04,14.251000052271797,0,entree_mean,2
50,2022-10-07,14.510258009779877,0,entree_mean,4
50,2022-10-08,14.966565106980369,0,entree_mean,2
50,2022-10-09,14.919932350467853,0,entree_mean,18
50,2022-10-10,14.804210693161457,0,entree_mean,6
50,2022-10-12,14.992178131357107,0,entree_mean,7
50,2022-10-13,14.923689138006685,0,entree_mean,5
50,2022-10-15,14.91702511754785,0,entree_mean,9
50,2022-10-16,14.467175942799322,0,entree_mean,3
50,2022-10-17,14.558283929096762,0,entree_mean,2
50,2022-10-20,14.510004097191324,0,entree_mean,5
50,2022-10-21,14.783470052502135,0,entree_mean,6
50,2022-10-22,14.983326698484587,0,entree_mean,4
50,2022-10-23,14.901217027911,0,entree_mean,6
50,2022-10-25,14.862682638289709,0,entree_mean,3
50,2022-10-26,14.605577004511838,0,entree_mean,2
50,2022-10-30,14.85006754487502,0,entree_mean,4
50,2022-11-01,14.692065128153143,0,entree_mean,4
50,2022-11-02,14.442338480469747,0,entree_mean,3
50,2022-11-03,15.581259405109066,0,entree_mean,2
50,2022-11-05,15.424151167386812,0,entree_mean,4
50,2022-11-07,15.486602840980353,0,entree_mean,2
50,2022-11-08,15.490830559277185,0,entree_mean,9
50,2022-11-09,15.48963744560748,0,entree_mean,5
50,2022-11-10,15.402182727365021,0,entree_mean,8
50,2022-11-11,15.40418752373313,0,entree_mean,11
50,2022-11-12,15.171060808912774,0,entree_mean,1
50,2022-11-13,15.477172976284235,0,entree_mean,28
50,2022-11-14,15.45651920105541,0,entree_mean,14
50,2022-11-16,15.486602840980357,0,entree_mean,4
50,2022-11-17,15.466650689494571,0,entree_mean,9
50,2022-11-18,15.495560540214523,0,entree_mean,12
50,2022-11-19,15.486602840980344,0,entree_mean,4
50,2022-11-20,15.498051166201186,0,entree_mean,38
50,2022-11-21,15.669374862533642,0,entree_mean,10
50,2022-11-22,15.23162433756747,0,entree_mean,4
50,2022-11-23,15.17106080891285,0,entree_mean,1
50,2022-11-25,15.362385757708083,0,entree_mean,3
50,2022-11-26,15.546507452328752,0,entree_mean,10
50,2022-11-27,15.500985042790711,0,entree_mean,13
