restaurant_id,product_name,product_key,category,size,component_id,anchor,n_obs
1,Agua,agua,drink,0.13330757341576505,0,entree_mean,7
1,"Amstel 0,33L","amstel 0,33l",drink,0.22217928902627493,0,entree_mean,5
1,Calzoni classico,calzoni classico,entree,0.9598145285935074,0,entree_mean,6
1,Calzoni diavola,calzoni diavola,entree,0.9598145285935006,0,entree_mean,2
1,Calzoni noci,calzoni noci,appetizer,1.1464451313755615,0,entree_mean,1
1,Calzoni ortolano,calzoni ortolano,entree,1.0486862442040379,0,entree_mean,1
1,Coca cola,coca cola,drink,0.17774343122101982,0,entree_mean,14
1,Coca cola Zero,coca cola zero,drink,0.17774343122101946,0,entree_mean,16
1,Combo tiramisu',combo tiramisu',dessert,1.3241885625965961,0,entree_mean,13
1,Fanta Limón,fanta limón,drink,0.17774343122101896,0,entree_mean,2
1,Fanta Naranja,fanta naranja,drink,0.17774343122101943,0,entree_mean,3
1,Menu' para 2,menu' para 2,uncertain,2.0351622874806785,0,entree_mean,22
1,Mundial en pareja,mundial en pareja,uncertain,2.2129057187017223,0,entree_mean,2
1,Mundial entre amigos,mundial entre amigos,uncertain,4.612442040185454,0,entree_mean,1
1,Nestea Limon,nestea limon,drink,0.17774343122101882,0,entree_mean,2
1,Pizza 4 formaggi (30 Cm.),pizza 4 formaggi (30 cm.),entree,0.8798299845440481,0,entree_mean,33
1,Pizza 4 stagioni (30 Cm.),pizza 4 stagioni (30 cm.),entree,1.0664605873261168,0,entree_mean,8
1,Pizza al tonno (30 Cm.),pizza al tonno (30 cm.),entree,0.96870170015456,0,entree_mean,6
1,Pizza amatriciana (30 Cm.),pizza amatriciana (30 cm.),entree,0.8798299845440457,0,entree_mean,11
1,Pizza Barbacoa (30 Cm.),pizza barbacoa (30 cm.),entree,0.8798299845440476,0,entree_mean,13
1,Pizza boscaiola (30 Cm.),pizza boscaiola (30 cm.),entree,0.9687017001545566,0,entree_mean,10
1,Pizza carbonara (30 Cm.),pizza carbonara (30 cm.),entree,0.9687017001545578,0,entree_mean,14
1,Pizza carnívora (30 Cm.),pizza carnívora (30 cm.),entree,1.0664605873261226,0,entree_mean,13
1,Pizza con crudo (30 Cm.),pizza con crudo (30 cm.),entree,0.879829984544055,0,entree_mean,4
1,Pizza con funghi prosciutto (30 Cm.),pizza con funghi prosciutto (30 cm.),entree,0.968701700154557,0,entree_mean,16
1,Pizza con nutella,pizza con nutella,dessert,0.7554095826893316,0,entree_mean,5
1,Pizza con pepperoni (30 Cm.),pizza con pepperoni (30 cm.),entree,0.8798299845440481,0,entree_mean,90
1,Pizza cotto (30 Cm.),pizza cotto (30 cm.),uncertain,0.8798299845440539,0,entree_mean,59
1,Pizza cremosa (30 Cm.),pizza cremosa (30 cm.),entree,1.0575734157650636,0,entree_mean,3
1,Pizza Focaccia (30 Cm.),pizza focaccia (30 cm.),uncertain,0.5332302936630571,0,entree_mean,2
1,Pizza Gustosa (30 Cm.),pizza gustosa (30 cm.),uncertain,1.2886398763523919,0,entree_mean,3
1,Pizza Margherita (30 Cm.),pizza margherita (30 cm.),entree,0.7909582689335417,0,entree_mean,62
1,Pizza montagnola (30 Cm.),pizza montagnola (30 cm.),entree,1.0575734157650682,0,entree_mean,13
1,Pizza napoletana (30 Cm.),pizza napoletana (30 cm.),entree,0.9687017001545588,0,entree_mean,10
1,Pizza parmigiana (30 Cm.),pizza parmigiana (30 cm.),entree,0.9687017001545566,0,entree_mean,21
1,Pizza Saporita (30 Cm.),pizza saporita (30 cm.),entree,1.3775115919629175,0,entree_mean,1
1,Pizza Stenfia (30 Cm.),pizza stenfia (30 cm.),entree,1.2886398763523925,0,entree_mean,5
1,Pizza tartufata (30 Cm.),pizza tartufata (30 cm.),uncertain,0.9687017001545553,0,entree_mean,54
1,Pizza Tricolore (30 Cm.),pizza tricolore (30 cm.),entree,1.1464451313755768,0,entree_mean,6
1,Pizza vegana (30 Cm.),pizza vegana (30 cm.),uncertain,1.0575734157650656,0,entree_mean,6
1,Pizza verdure (30 Cm.),pizza verdure (30 cm.),entree,0.9687017001545578,0,entree_mean,4
1,Tiramisú,tiramisú,dessert,0.44435857805254886,0,entree_mean,8
2,Agua (1 lt.),agua (1 lt.),drink,0.20350221276117658,0,entree_mean,2
2,Agua (500 ml.),agua (500 ml.),drink,0.13952388379552705,0,entree_mean,2
2,Arancino 4 quesos,arancino 4 quesos,side,0.37425584314573984,0,entree_mean,7
2,Arancino boloñesa,arancino boloñesa,uncertain,0.36814176787694547,0,entree_mean,7
2,Arancino york y queso,arancino york y queso,appetizer,0.37383607920807177,0,entree_mean,10
2,Botes,botes,uncertain,0.20794300052415984,0,entree_mean,1
2,Cerveza (1 lt.),cerveza (1 lt.),drink,0.34624581885269523,0,entree_mean,3
2,Coca-Cola Sabor Original botella 2L.,coca-cola sabor original botella 2l.,drink,0.33837426140047594,0,entree_mean,11
2,Crepes de nutella,crepes de nutella,dessert,0.3830599730400047,0,entree_mean,14
2,Lasaña de boloñesa,lasaña de boloñesa,entree,0.6677151119248075,0,entree_mean,1
2,Menú 1,menú 1,uncertain,1.385722606312287,0,entree_mean,18
2,Menú 2,menú 2,uncertain,2.911377810381976,0,entree_mean,1
2,Muffin con corazòn de chocolate,muffin con corazòn de chocolate,dessert,0.387979108133824,0,entree_mean,2
2,Nuggets (6 uds.),nuggets (6 uds.),appetizer,0.41279074773017266,0,entree_mean,17
2,Palito de queso (6 uds.),palito de queso (6 uds.),appetizer,0.47868546328981254,0,entree_mean,19
2,Patatas frita,patatas frita,side,0.34698884335607943,0,entree_mean,6
2,Patatas raciòn grande,patatas raciòn grande,side,0.3402029602509392,0,entree_mean,11
2,Patatas raciòn pequeña,patatas raciòn pequeña,side,0.20433009847387773,0,entree_mean,13
2,Pizza 4 gusti,pizza 4 gusti,entree,1.1085298863162822,0,entree_mean,2
2,Pizza amatriciana,pizza amatriciana,entree,1.1799245766541564,0,entree_mean,1
2,Pizza barbacoa,pizza barbacoa,entree,1.0437955052329624,0,entree_mean,11
2,Pizza cabonara,pizza cabonara,uncertain,1.1108676084642295,0,entree_mean,11
2,Pizza carbonara,pizza carbonara,uncertain,1.116972688729998,0,entree_mean,3
2,Pizza carbonara a la romana,pizza carbonara a la romana,entree,1.1846219208659146,0,entree_mean,2
2,Pizza casa nostra,pizza casa nostra,entree,1.1161441029778916,0,entree_mean,4
2,Pizza diavola,pizza diavola,entree,0.9758164965233972,0,entree_mean,19
2,Pizza elisa,pizza elisa,entree,1.0419859408804786,0,entree_mean,5
2,Pizza formaggi,pizza formaggi,entree,0.9747261882458536,0,entree_mean,7
2,Pizza funghi,pizza funghi,entree,0.8993481884527658,0,entree_mean,2
2,Pizza golosa,pizza golosa,entree,0.5995914800242721,0,entree_mean,6
2,Pizza gustosa,pizza gustosa,entree,1.0459538997948403,0,entree_mean,3
2,Pizza mafia,pizza mafia,uncertain,1.1108747183796763,0,entree_mean,3
2,Pizza mare e monti,pizza mare e monti,uncertain,1.0392297539298805,0,entree_mean,1
2,Pizza marguetita,pizza marguetita,entree,0.8852744298541617,0,entree_mean,22
2,Pizza mediterránea,pizza mediterránea,uncertain,1.1106511172902984,0,entree_mean,2
2,Pizza new york,pizza new york,uncertain,1.0446992450804524,0,entree_mean,4
2,Pizza palermo,pizza palermo,entree,1.0424069503906062,0,entree_mean,3
2,Pizza parmigiana,pizza parmigiana,entree,0.9718029262310773,0,entree_mean,4
2,Pizza patatosa,pizza patatosa,uncertain,1.1121219064020016,0,entree_mean,6
2,Pizza pesto,pizza pesto,entree,1.0418003820030965,0,entree_mean,7
2,Pizza pizzicosa,pizza pizzicosa,uncertain,1.0495951182146603,0,entree_mean,3
2,Pizza prosciutto,pizza prosciutto,entree,0.9105468520109816,0,entree_mean,13
2,Pizza prosciutto e fungui,pizza prosciutto e fungui,entree,0.9739165214207196,0,entree_mean,30
2,Pizza quattro gormaggi,pizza quattro gormaggi,entree,0.9875736044144099,0,entree_mean,4
2,Pizza rústica,pizza rústica,entree,1.0650650766538665,0,entree_mean,11
2,Pizza saccense,pizza saccense,uncertain,0.8864858301305032,0,entree_mean,3
2,Pizza siciliana,pizza siciliana,uncertain,0.98299133991195,0,entree_mean,3
2,Pizza special,pizza special,entree,1.1105304602803157,0,entree_mean,5
2,Pizza tonno,pizza tonno,entree,1.0430084813705252,0,entree_mean,7
2,Pizza toscana,pizza toscana,entree,1.0408292531904528,0,entree_mean,4
2,Pizza tricolore,pizza tricolore,entree,1.1117727470319716,0,entree_mean,9
2,Pizza tropical,pizza tropical,entree,0.9744295956201866,0,entree_mean,8
2,Pizza vegetariana,pizza vegetariana,entree,0.9109800426101807,0,entree_mean,5
2,Pizza verona,pizza verona,entree,1.1133988216809736,0,entree_mean,7
2,Pizza wurstel,pizza wurstel,entree,0.9785105573428535,0,entree_mean,5
3,Agua (1.5 lt.),agua (1.5 lt.),drink,0.2396602045456172,0,entree_mean,8
3,Agua (500 ml.),agua (500 ml.),drink,0.1597922329209079,0,entree_mean,3
3,Alitas De Pollo (6 uds.),alitas de pollo (6 uds.),appetizer,0.719005175297515,0,entree_mean,8
3,Aquarius Naranja lata 330ml.,aquarius naranja lata 330ml.,entree,0.23965190752872598,0,entree_mean,6
3,Aros De Cebolla Y Patatas Fritas,aros de cebolla y patatas fritas,side,0.5602325517224838,0,entree_mean,11
3,Calamares A La Romana,calamares a la romana,appetizer,0.8787810976818518,0,entree_mean,3
3,Coca-Cola Sabor Original botella 2L.,coca-cola sabor original botella 2l.,drink,0.39948513965946575,0,entree_mean,15
3,Coca-Cola Sabor Original lata 330ml.,coca-cola sabor original lata 330ml.,entree,0.23968488112044337,0,entree_mean,15
3,Dulce Tiramisú,dulce tiramisú,dessert,0.47931215556986567,0,entree_mean,3
3,Ensalada Italiana,ensalada italiana,side,0.7189959683945808,0,entree_mean,2
3,Ensalada Valenciana,ensalada valenciana,side,0.7189153894644251,0,entree_mean,2
3,Fanta Naranja botella 2L.,fanta naranja botella 2l.,drink,0.39947456363095596,0,entree_mean,1
3,Fanta Naranja lata 330ml.,fanta naranja lata 330ml.,entree,0.2396550765458602,0,entree_mean,4
3,Fingers De Queso (4  uds.),fingers de queso (4 uds.),appetizer,0.718954525440204,0,entree_mean,14
3,Hamburguesa Pollo (Doble),hamburguesa pollo (doble),entree,0.7988670994363609,0,entree_mean,1
3,Hamburguesa Pollo (Normal),hamburguesa pollo (normal),entree,0.558414046621038,0,entree_mean,8
3,Hamburguesa Ternera (Doble),hamburguesa ternera (doble),entree,0.798854709508106,0,entree_mean,4
3,Hamburguesa Ternera (Normal),hamburguesa ternera (normal),entree,0.5592368598095764,0,entree_mean,5
3,Kebab Barbacoa (Grande),kebab barbacoa (grande),entree,1.0385580049619423,0,entree_mean,4
3,Kebab Con Queso Y Pollo (Grande),kebab con queso y pollo (grande),entree,0.9586013053128039,0,entree_mean,4
3,Kebab  Con Queso Y Pollo (Normal),kebab con queso y pollo (normal),uncertain,0.7989160307939069,0,entree_mean,6
3,Kebab Con Queso Y Ternera (Grande),kebab con queso y ternera (grande),entree,0.9585764262369294,0,entree_mean,7
3,Kebab Con Queso Y Ternera (Normal),kebab con queso y ternera (normal),entree,0.7988647250042038,0,entree_mean,4
3,Kebab De Barbacoa (Normal),kebab de barbacoa (normal),entree,0.9586658164974199,0,entree_mean,2
3,Kebab De Pollo (Normal),kebab de pollo (normal),entree,0.7589869124279934,0,entree_mean,7
3,Kebab De Ternera (Normal),kebab de ternera (normal),entree,0.7189086062551564,0,entree_mean,6
3,Kebab Especial De La Casa (Grande),kebab especial de la casa (grande),entree,1.1184056923073038,0,entree_mean,17
3,Kebab Especial De La Casa (Normal),kebab especial de la casa (normal),uncertain,0.9586517648849073,0,entree_mean,15
3,Kebab Mixto (Grande),kebab mixto (grande),entree,0.9587203118445818,0,entree_mean,14
3,Kebab Mixto (Normal),kebab mixto (normal),entree,0.7589214095343046,0,entree_mean,9
3,Kebab Mixto Pollo (Grande),kebab mixto pollo (grande),entree,0.9587177188387124,0,entree_mean,3
3,Kebab Mixto Y Ternera (Grande),kebab mixto y ternera (grande),entree,0.9586158208105465,0,entree_mean,2
3,Kebab Pollo (Grande),kebab pollo (grande),entree,0.9586845079592115,0,entree_mean,5
3,Kebab Ternera (Grande),kebab ternera (grande),entree,0.9586488629704748,0,entree_mean,12
3,Menú 1 (Grande),menú 1 (grande),uncertain,1.2378378619730597,0,entree_mean,58
3,Menú 1 (Normal),menú 1 (normal),uncertain,1.0786244890705596,0,entree_mean,54
3,Menú 11,menú 11,uncertain,2.882564406303695,0,entree_mean,7
3,Menú 12,menú 12,uncertain,1.1587057672307373,0,entree_mean,2
3,Menú 2 (Normal),menú 2 (normal),uncertain,1.0383269008966443,0,entree_mean,2
3,Menú 3,menú 3,uncertain,1.358088263200798,0,entree_mean,8
3,Menú 5,menú 5,uncertain,0.7989202388242499,0,entree_mean,5
3,Menú 6,menú 6,uncertain,1.756160968425734,0,entree_mean,16
3,Menú 7,menú 7,uncertain,1.1168144909852855,0,entree_mean,7
3,Menú 8,menú 8,uncertain,2.7138845382659684,0,entree_mean,1
3,Menú 9,menú 9,uncertain,2.8744346395081193,0,entree_mean,2
3,Monster (500 ml.),monster (500 ml.),drink,0.319561447231551,0,entree_mean,5
3,Nuggets De Pollo (6 uds.),nuggets de pollo (6 uds.),appetizer,0.7190380094113633,0,entree_mean,11
3,Oferta 1,oferta 1,uncertain,0.7194093790197696,0,entree_mean,30
3,Oferta 2,oferta 2,uncertain,1.1182770343674389,0,entree_mean,8
3,Oferta 3,oferta 3,uncertain,0.637394472980265,0,entree_mean,4
3,Oferta 4,oferta 4,uncertain,0.8787127660949091,0,entree_mean,4
3,Patatas Bravas,patatas bravas,side,0.47933118113538226,0,entree_mean,10
3,Patatas Con Carne Asada (Grande),patatas con carne asada (grande),side,0.6870336984994606,0,entree_mean,11
3,Patatas Con Carne Asada (Pequeña),patatas con carne asada (pequeña),side,0.4788523534285392,0,entree_mean,11
3,Patatas Con Carne Y Queso Al Horno,patatas con carne y queso al horno,side,0.8787360908464241,0,entree_mean,5
3,Patatas Con Carne Y Queso Gratinado,patatas con carne y queso gratinado,side,0.8786858253108946,0,entree_mean,7
3,Patatas Dilex On Ajoaceite,patatas dilex on ajoaceite,side,0.5195799574439555,0,entree_mean,2
3,Patatas Fritas,patatas fritas,side,0.4793298392037725,0,entree_mean,20
3,Pizza 4 Estaciones (Familiar),pizza 4 estaciones (familiar),entree,1.75599140321028,0,entree_mean,1
3,Pizza 4 Estaciones (Mediana),pizza 4 estaciones (mediana),entree,1.1966935256428113,0,entree_mean,1
3,Pizza 4 Quesos (Familiar),pizza 4 quesos (familiar),entree,1.7559823347624293,0,entree_mean,2
3,Pizza 4 Quesos (Mediana),pizza 4 quesos (mediana),appetizer,1.1966879614721433,0,entree_mean,3
3,Pizza Americana (Mediana),pizza americana (mediana),entree,1.1967126878347836,0,entree_mean,1
3,Pizza Atún Y Cebolla (Familiar),pizza atún y cebolla (familiar),uncertain,1.7560685781661338,0,entree_mean,1
3,Pizza Atún Y Cebolla (Mediana),pizza atún y cebolla (mediana),entree,1.196608392749878,0,entree_mean,2
3,Pizza Barbacoa (Mediana),pizza barbacoa (mediana),entree,1.1967584722515878,0,entree_mean,1
3,Pizza Carbonara (Familiar),pizza carbonara (familiar),entree,1.7563817054440598,0,entree_mean,1
3,Pizza Carbonara (Mediana),pizza carbonara (mediana),entree,1.1968645440058954,0,entree_mean,1
3,Pizza Diávolo (Mediana),pizza diávolo (mediana),entree,1.196702914955673,0,entree_mean,1
3,Pizza Hawaiana (Mediana),pizza hawaiana (mediana),entree,1.197930261330971,0,entree_mean,1
3,Pizza Jamón Y Queso (Familiar),pizza jamón y queso (familiar),uncertain,1.756787516290054,0,entree_mean,1
3,Pizza Jamón Y Queso (Mediana),pizza jamón y queso (mediana),entree,1.1967114811094248,0,entree_mean,2
3,Pizza Kebab (Familiar),pizza kebab (familiar),uncertain,1.7563369363083219,0,entree_mean,3
3,Pizza Kebab (Mediana),pizza kebab (mediana),entree,1.1966384599807611,0,entree_mean,5
3,Pizza Margarita (Familiar),pizza margarita (familiar),uncertain,1.4363112046932918,0,entree_mean,4
3,Pizza Margarita (Mediana),pizza margarita (mediana),entree,1.036870414389862,0,entree_mean,4
3,Pizza Vegetal (Mediana),pizza vegetal (mediana),entree,1.1966445973351252,0,entree_mean,1
3,Plato De Carne Con Ensalada y Arroz,plato de carne con ensalada y arroz,entree,1.1966992188264785,0,entree_mean,1
3,Plato De Carne Con Ensalada Y Patatas,plato de carne con ensalada y patatas,entree,1.0368857814179417,0,entree_mean,5
3,Plato De Carne Y Patatas,plato de carne y patatas,entree,1.1966831032203464,0,entree_mean,11
3,Tapa De Falafel (1 ud.),tapa de falafel (1 ud.),appetizer,0.07988601258407774,0,entree_mean,7
3,Tapa De Samosa Vegetal,tapa de samosa vegetal,appetizer,0.23967945825488254,0,entree_mean,5
3,Tarta De Chocolate,tarta de chocolate,dessert,0.47862808126685996,0,entree_mean,7
4,Albóndigas,albóndigas,entree,0.9458397933343208,0,entree_mean,16
4,Alubias,alubias,uncertain,0.837184163305794,0,entree_mean,1
4,Arros Amb Fesols I Naps,arros amb fesols i naps,side,1.1969538916227094,0,entree_mean,5
4,Arroz Al Horno,arroz al horno,side,0.958603242318344,0,entree_mean,55
4,Arroz De Pimientos,arroz de pimientos,side,0.857093800971169,0,entree_mean,3
4,Arroz Del Senyoret,arroz del senyoret,side,1.0306060492924571,0,entree_mean,30
4,Bacalao A La Vizcaína,bacalao a la vizcaína,entree,1.0501390437407427,0,entree_mean,5
4,Berenjena Rellena De Carne,berenjena rellena de carne,entree,0.8741916468416073,0,entree_mean,15
4,Berenjena Rellena De Verdura,berenjena rellena de verdura,entree,0.8730149291117248,0,entree_mean,7
4,Bravas,bravas,appetizer,0.5818637118552706,0,entree_mean,20
4,Buñuelo De Bacalao,buñuelo de bacalao,appetizer,0.16989651962936841,0,entree_mean,23
4,Calamares,calamares,appetizer,1.0304370083825534,0,entree_mean,20
4,Caldo,caldo,uncertain,0.5471942573582949,0,entree_mean,12
4,Canelones De Espinacas Con Queso De Cabra,canelones de espinacas con queso de cabra,entree,0.9472027800991959,0,entree_mean,6
4,Canelones De Pollo,canelones de pollo,entree,0.9444895255608272,0,entree_mean,18
4,Carrilleras,carrilleras,entree,1.2494678351433939,0,entree_mean,17
4,Chipirones Encebollados (200 grs.),chipirones encebollados (200 grs.),entree,1.1528851498119408,0,entree_mean,15
4,Coca de calabaza con base de chocolate Belga rac.,coca de calabaza con base de chocolate belga rac.,dessert,0.7276919699420048,0,entree_mean,15
4,Coliflor Gratinada,coliflor gratinada,side,0.9502230605876263,0,entree_mean,2
4,Croquetas,croquetas,appetizer,0.18209262495638473,0,entree_mean,94
4,Cruasanes de mantequilla,cruasanes de mantequilla,appetizer,0.1578005163685721,0,entree_mean,23
4,Ensalada César,ensalada césar,appetizer,0.9576314899742947,0,entree_mean,8
4,Ensalada De Espinacas,ensalada de espinacas,appetizer,0.9577633778747949,0,entree_mean,9
4,Ensalada De Garbanzos,ensalada de garbanzos,side,0.9448677807036995,0,entree_mean,5
4,Ensalada De Quinoa,ensalada de quinoa,side,0.9575634013185401,0,entree_mean,13
4,Ensalada Murciana,ensalada murciana,side,0.9461118441667876,0,entree_mean,2
4,Ensalada Pasta Al Pesto,ensalada pasta al pesto,side,0.9588039856690567,0,entree_mean,32
4,Ensalada Taboulé De Cuscús,ensalada taboulé de cuscús,side,0.9593788791504944,0,entree_mean,5
4,Ensalada Tartar De Salmon,ensalada tartar de salmon,appetizer,1.2022944802366609,0,entree_mean,2
4,Ensalada Tomate Valenciano,ensalada tomate valenciano,side,0.9591545112622359,0,entree_mean,9
4,Ensaladilla Rusa,ensaladilla rusa,side,1.0789751873641322,0,entree_mean,31
4,Esgarraet,esgarraet,appetizer,0.9113951938515881,0,entree_mean,8
4,Espinacas Salteadas,espinacas salteadas,side,0.9482226998598935,0,entree_mean,3
4,Fideua,fideua,entree,1.0442589436687038,0,entree_mean,32
4,Gazpacho Manchego,gazpacho manchego,entree,1.064780282303991,0,entree_mean,11
4,Guisantes Con Jamón,guisantes con jamón,side,0.9458005020450561,0,entree_mean,4
4,Judías Verdes,judías verdes,side,0.9108901054961354,0,entree_mean,2
4,Lentejas,lentejas,uncertain,0.837043355160217,0,entree_mean,6
4,Lágrimas De Pollo,lágrimas de pollo,appetizer,0.8972793557681172,0,entree_mean,17
4,Macarrones Al Horno,macarrones al horno,side,0.9100433831915986,0,entree_mean,34
4,Manitas De Cerdo (Media),manitas de cerdo (media),entree,0.6070290505620635,0,entree_mean,12
4,Merluza Con Verduras Asadas,merluza con verduras asadas,entree,1.0450350523938692,0,entree_mean,4
4,Morro,morro,uncertain,0.8367474606026721,0,entree_mean,17
4,Paella De Arroz Negro,paella de arroz negro,entree,1.0462906977730961,0,entree_mean,1
4,Paella De Costillas Con Alcachofas,paella de costillas con alcachofas,entree,1.0324701763774657,0,entree_mean,7
4,Paella De Verduras,paella de verduras,entree,0.9599111127082265,0,entree_mean,4
4,Paella Valenciana,paella valenciana,entree,0.958062148032109,0,entree_mean,56
4,Pechuga Rellena,pechuga rellena,entree,0.9942261260062837,0,entree_mean,9
4,Pollo asado (con manzana) 1/4,pollo asado (con manzana) 1/4,entree,0.9590164064155465,0,entree_mean,10
4,Pollo asado (con patatas) 1/4,pollo asado (con patatas) 1/4,entree,0.961052687287152,0,entree_mean,9
4,Potaje De Garbanzos,potaje de garbanzos,entree,0.9461972879231487,0,entree_mean,2
4,Puchero Valenciano,puchero valenciano,entree,1.2018813136495856,0,entree_mean,11
4,Rabo De Toro,rabo de toro,entree,1.2013663547920241,0,entree_mean,9
4,Roast Beef,roast beef,uncertain,1.2040847304242173,0,entree_mean,4
4,Rossejat Torrentí En Cazuela,rossejat torrentí en cazuela,entree,0.9451769549323814,0,entree_mean,9
4,Saquitos De Calabacín,saquitos de calabacín,appetizer,0.9481604579825204,0,entree_mean,15
4,Sepia De Callo (200 grs.),sepia de callo (200 grs.),appetizer,1.1846967012754572,0,entree_mean,5
4,Solomillo En Salsa De Vino Blanco,solomillo en salsa de vino blanco,entree,0.9960147015305985,0,entree_mean,8
4,Tarta de queso rac.,tarta de queso rac.,dessert,0.7272795304297903,0,entree_mean,14
4,Tarta tatin rac.,tarta tatin rac.,dessert,0.7278502414996243,0,entree_mean,18
4,Titaina,titaina,uncertain,0.945515637323171,0,entree_mean,8
4,Tortilla De Patatas Con Cebolla,tortilla de patatas con cebolla,appetizer,0.9107272812491887,0,entree_mean,19
4,Tortilla De Patatas Sin Cebolla,tortilla de patatas sin cebolla,side,0.9119158398625347,0,entree_mean,15
5,18/70 LA RUBIA,18/70 la rubia,drink,0.09080792343645669,0,entree_mean,2
5,AGUA PARA LLEVAR,agua para llevar,drink,0.07567326953038088,0,entree_mean,2
5,ALCACHOFAS A LA  BRASA,alcachofas a la brasa,side,0.5637658580013332,0,entree_mean,30
5,ARROZ DEL SEÑORET (2P),arroz del señoret (2p),side,1.354551524593807,0,entree_mean,3
5,ARROZ MELOSO DE CAMPO,arroz meloso de campo,side,0.5864678388604452,0,entree_mean,6
5,ARROZ MELOSO MARINERO,arroz meloso marinero,entree,0.5864678388604508,0,entree_mean,34
5,BACALAO AL HORNO,bacalao al horno,entree,0.6621411083908308,0,entree_mean,6
5,BOGAVANTE GRATINADO,bogavante gratinado,entree,0.9080792343645689,0,entree_mean,3
5,BOTE AMSTEL,bote amstel,drink,0.06432227910082419,0,entree_mean,2
5,BOTE DE COCA COLA,bote de coca cola,drink,0.0832405964834183,0,entree_mean,6
5,BOTE DE COLA ZERO,bote de cola zero,drink,0.08324059648341844,0,entree_mean,13
5,BROWNIE CHOCO,brownie choco,dessert,0.24593812597373738,0,entree_mean,4
5,BURGUER DE ATÚN ROJO,burguer de atún rojo,entree,0.5864678388604493,0,entree_mean,4
5,BUÑUELITOS DE BACALAO,buñuelitos de bacalao,appetizer,0.3594480302693087,0,entree_mean,17
5,CACHOPO ASTURIANO,cachopo asturiano,appetizer,0.6772757622969092,0,entree_mean,37
5,CALAMAR A LA ROMANA,calamar a la romana,appetizer,0.4351212997996886,0,entree_mean,29
5,CANELÓN DE PATO,canelón de pato,entree,0.6734920988203841,0,entree_mean,7
5,CARRILLERA IBÉRICA,carrillera ibérica,entree,0.6621411083908312,0,entree_mean,3
5,CHULETÓN  PM DELIVERY,chuletón pm delivery,entree,1.7404851991987547,0,entree_mean,6
5,COLECCIÓN DE TOMATES,colección de tomates,side,0.5107945693300678,0,entree_mean,12
5,EL ALCAZAR,el alcazar,uncertain,0.09080792343645704,0,entree_mean,1
5,EL BESO (T),el beso (t),uncertain,0.43512129979968645,0,entree_mean,3
5,ENSALADA CÉSAR,ensalada césar,side,0.5107945693300686,0,entree_mean,28
5,ENSALADILLA RUSA,ensaladilla rusa,side,0.3556643667927895,0,entree_mean,7
5,ENTRECOT VACA P. VASCO,entrecot vaca p. vasco,entree,0.7378143779212064,0,entree_mean,26
5,EXCELLENS,excellens,uncertain,0.5107945693300742,0,entree_mean,1
5,fideuá de marisco (2p),fideuá de marisco (2p),entree,1.4756287558424273,0,entree_mean,4
5,FIDEUÁ NEGRA,fideuá negra,entree,1.4756287558424221,0,entree_mean,1
5,HUEVOS ROTOS CON PATATAS,huevos rotos con patatas,entree,0.47295793456487545,0,entree_mean,9
5,JAMÓN DE BELLOTA,jamón de bellota,uncertain,0.7151123970621001,0,entree_mean,8
5,LA CAMIONETA,la camioneta,uncertain,0.4540396171822832,0,entree_mean,1
5,LEMON PIE DE MERENGUE,lemon pie de merengue,dessert,0.24593812597373693,0,entree_mean,7
5,MARQUES CACERES,marques caceres,uncertain,0.4540396171822838,0,entree_mean,1
5,MELOSO DE BOGAVANTE (2P),meloso de bogavante (2p),entree,1.8842644113064788,0,entree_mean,4
5,MENÚ PUERTA DEL MAR,menú puerta del mar,uncertain,0.9383485421766975,0,entree_mean,84
5,MILHOJAS DE MANZANA,milhojas de manzana,dessert,0.24593812597373704,0,entree_mean,7
5,OSTRA FRANCESA 4UD,ostra francesa 4ud,appetizer,0.6394391275317105,0,entree_mean,3
5,PAELLA DE MARISCO (2P),paella de marisco (2p),entree,1.4756287558424181,0,entree_mean,3
5,PAELLA DE VERDURAS (2P),paella de verduras (2p),entree,1.2032049855330524,0,entree_mean,1
5,PAELLA VALENCIANA (2P),paella valenciana (2p),entree,1.2788782550634292,0,entree_mean,13
5,PULPO,pulpo,appetizer,0.548631204095262,0,entree_mean,1
5,PUNTILLA CON HABITAS,puntilla con habitas,entree,0.4994435789005108,0,entree_mean,9
5,SALMÓN A LA BRASA,salmón a la brasa,entree,0.6772757622969076,0,entree_mean,17
5,SURTIDO DE CROQUETAS,surtido de croquetas,appetizer,0.3745826841753843,0,entree_mean,26
5,TARTA QUESO Y CHOCO,tarta queso y choco,dessert,0.26107277987981337,0,entree_mean,4
5,TARTAR DE SALMÓN,tartar de salmón,appetizer,0.5070109058535496,0,entree_mean,6
5,TATAKI DE ATÚN,tataki de atún,appetizer,0.5070109058535502,0,entree_mean,9
5,TEMPURA DE BERENJENA,tempura de berenjena,appetizer,0.3594480302693084,0,entree_mean,22
5,TOMATE CON BONITO,tomate con bonito,uncertain,0.47674159804139554,0,entree_mean,8
5,VEGA REAL,vega real,uncertain,0.4540396171822826,0,entree_mean,1
6,Alitas De Pollo (6 Uds.),alitas de pollo (6 uds.),appetizer,0.6587215601300079,0,entree_mean,24
6,Box De Mixto (Pequeño),box de mixto (pequeño),uncertain,0.5200433369447452,0,entree_mean,6
6,Box De Pollo  (Grande),box de pollo (grande),entree,0.6933911159263345,0,entree_mean,9
6,Box De Ternera Pequeño),box de ternera pequeño),uncertain,0.5200433369447454,0,entree_mean,4
6,Box Mixto (Grande),box mixto (grande),uncertain,0.693391115926324,0,entree_mean,14
6,Capslon De Pollo Con Queso Fundido,capslon de pollo con queso fundido,entree,1.2134344528710783,0,entree_mean,8
6,Capslon Mixto Con Queso Fundido,capslon mixto con queso fundido,appetizer,1.213434452871066,0,entree_mean,3
6,Dürüm De Pollo,dürüm de pollo,entree,0.832069339111593,0,entree_mean,2
6,Dürüm De Ternera,dürüm de ternera,entree,0.7800650054171198,0,entree_mean,9
6,Dürüm Falafel,dürüm falafel,entree,0.6933911159263277,0,entree_mean,2
6,Dürüm Mixto,dürüm mixto,entree,0.7800650054171191,0,entree_mean,14
6,Dürüm Rollo Con Patatas Dentro,dürüm rollo con patatas dentro,uncertain,0.9014084507042207,0,entree_mean,2
6,Dürüm Solo Carne De Pollo,dürüm solo carne de pollo,entree,0.9534127843986975,0,entree_mean,5
6,Dürüm Solo Carne De Ternera,dürüm solo carne de ternera,entree,0.9014084507042254,0,entree_mean,10
6,Dürüm Solo Carne Mixto,dürüm solo carne mixto,entree,0.9014084507042253,0,entree_mean,1
6,Hamburguesa De Ternera,hamburguesa de ternera,entree,0.658721560130008,0,entree_mean,1
6,Menú Alitas De Pollo (6 Uds.),menú alitas de pollo (6 uds.),appetizer,1.005417118093172,0,entree_mean,1
6,Menú Dürüm Con Patatas Dentro,menú dürüm con patatas dentro,entree,1.2134344528710699,0,entree_mean,10
6,Menú Dürüm De Pollo,menú dürüm de pollo,entree,1.1267605633802829,0,entree_mean,10
6,Menú Dürüm De Ternera,menú dürüm de ternera,entree,1.0920910075839652,0,entree_mean,11
6,Menú Dürüm Falafel,menú dürüm falafel,entree,1.040086673889491,0,entree_mean,1
6,Menú Dürüm Mixto,menú dürüm mixto,uncertain,1.0920910075839605,0,entree_mean,19
6,Menú Dürüm Solo Carne De Pollo,menú dürüm solo carne de pollo,entree,1.2654387865655479,0,entree_mean,1
6,Menú Dürüm Solo Carne De Ternera,menú dürüm solo carne de ternera,uncertain,1.2134344528710752,0,entree_mean,3
6,Menú Dürüm Solo Carne Mixto,menú dürüm solo carne mixto,entree,1.21343445287107,0,entree_mean,16
6,Menú Hamburguesa De Pollo,menú hamburguesa de pollo,entree,0.9534127843986996,0,entree_mean,2
6,Menú Hamburguesa Especial,menú hamburguesa especial,entree,1.0400866738894918,0,entree_mean,1
6,Menú Pan Pita De Pollo,menú pan pita de pollo,entree,1.0054171180931788,0,entree_mean,2
6,Menú Pan Pita De Ternera,menú pan pita de ternera,entree,0.9707475622968595,0,entree_mean,3
6,Menú Pan Pita Mixto,menú pan pita mixto,entree,0.9707475622968579,0,entree_mean,20
6,Menú Pan Pita Solo Carne De Pollo,menú pan pita solo carne de pollo,uncertain,1.1787648970747544,0,entree_mean,1
6,Menú Pan Pita Solo Carne De Ternera,menú pan pita solo carne de ternera,uncertain,1.1440953412784383,0,entree_mean,5
6,Menú Pan Pita Solo Carne Mixto,menú pan pita solo carne mixto,uncertain,1.1440953412784378,0,entree_mean,7
6,Menú Pizza Turca De Ternera,menú pizza turca de ternera,uncertain,1.3001083423618565,0,entree_mean,1
6,Menú Pizza Turca Mixta,menú pizza turca mixta,uncertain,1.3001083423618611,0,entree_mean,3
6,Menú Pizza Turca Solo Carne De Ternera,menú pizza turca solo carne de ternera,entree,1.4734561213434427,0,entree_mean,1
6,Menú Plato Kebab De Pollo,menú plato kebab de pollo,entree,1.3001083423618633,0,entree_mean,1
6,Menú Plato Kebab Especial,menú plato kebab especial,entree,1.3174431202600139,0,entree_mean,4
6,Nuggets De Pollo (6 Uds.),nuggets de pollo (6 uds.),appetizer,0.5720476706392191,0,entree_mean,9
6,Pan Pita De Pollo,pan pita de pollo,uncertain,0.6933911159263279,0,entree_mean,3
6,Pan Pita De Ternera,pan pita de ternera,entree,0.62405200433369,0,entree_mean,1
6,Pan Pita Mixto,pan pita mixto,side,0.6240520043336938,0,entree_mean,7
6,Pan Pita Solo Carne De Ternera,pan pita solo carne de ternera,entree,0.7973997833152737,0,entree_mean,3
6,Pan Pita Solo Carne Mixto,pan pita solo carne mixto,entree,0.7973997833152747,0,entree_mean,2
6,Pizza Falafel,pizza falafel,entree,0.8667388949079088,0,entree_mean,1
6,Pizza Solo Carne Mixta,pizza solo carne mixta,uncertain,1.0400866738894885,0,entree_mean,1
6,Pizza Turca De Pollo,pizza turca de pollo,entree,1.0054171180931744,0,entree_mean,1
6,Pizza Turca Mixta,pizza turca mixta,uncertain,0.9534127843986991,0,entree_mean,2
6,Plato Kebab De Pollo,plato kebab de pollo,entree,1.17876489707475,0,entree_mean,2
6,Plato Kebab De Ternera,plato kebab de ternera,entree,1.1267605633802877,0,entree_mean,1
6,Plato Kebab Especial,plato kebab especial,entree,1.2134344528710799,0,entree_mean,1
6,Ración Arroz,ración arroz,side,0.4333694474539546,0,entree_mean,1
6,Ración Falafel,ración falafel,appetizer,0.5200433369447465,0,entree_mean,4
6,Tapa De Patatas Fritas,tapa de patatas fritas,side,0.4333694474539535,0,entree_mean,15
6,Tapa De Patatas Gajo,tapa de patatas gajo,side,0.5200433369447458,0,entree_mean,11
7,3 Croquetas de pollo rustido al cacao servidas con salsa mayo-hoisin.,3 croquetas de pollo rustido al cacao servidas con salsa mayo-hoisin.,appetizer,0.5674740484429129,0,entree_mean,2
7,Agua,agua,drink,0.1522491349480981,0,entree_mean,1
7,Americano,americano,drink,0.12110726643598495,0,entree_mean,1
7,Bagel & Bacon-Aguacate,bagel & bacon-aguacate,uncertain,1.1038062283737125,0,entree_mean,13
7,Bagel & Salmón-Aguacate,bagel & salmón-aguacate,appetizer,1.1730103806228362,0,entree_mean,4
7,Bagel-Pizza,bagel-pizza,uncertain,1.1730103806228394,0,entree_mean,1
7,Brunch Soho,brunch soho,uncertain,1.06920415224912,0,entree_mean,1
7,Café con Leche,café con leche,drink,0.1730103806228391,0,entree_mean,8
7,Café Cortado,café cortado,drink,0.13148788927335806,0,entree_mean,2
7,Capuccino,capuccino,drink,0.23529411764706037,0,entree_mean,2
7,Carrot Cake,carrot cake,dessert,0.37024221453287404,0,entree_mean,7
7,Cheese Cake,cheese cake,dessert,0.3391003460207669,0,entree_mean,2
7,Cheese Cake de Nutella,cheese cake de nutella,dessert,0.3391003460207675,0,entree_mean,2
7,Crispy Hazelnut,crispy hazelnut,dessert,0.37024221453287426,0,entree_mean,2
7,Detox,detox,uncertain,0.3010380622837373,0,entree_mean,1
7,Fanta Naranja,fanta naranja,drink,0.17301038062283902,0,entree_mean,3
7,Forever Young,forever young,uncertain,0.3010380622837381,0,entree_mean,1
7,French Toast & Plátano,french toast & plátano,dessert,1.0692041522491476,0,entree_mean,2
7,"French Toast con Bacon, Crema de Queso y Sirope de Cítricos Casero","french toast con bacon, crema de queso y sirope de cítricos casero",dessert,0.5882352941176515,0,entree_mean,2
7,French Toast con Fruta y Crema de Queso,french toast con fruta y crema de queso,dessert,0.5882352941176522,0,entree_mean,4
7,French Toast de Horchata con Fruta y Crema de Queso,french toast de horchata con fruta y crema de queso,dessert,0.6574394463667752,0,entree_mean,1
7,Gofre & Chocolate,gofre & chocolate,dessert,1.0692041522491347,0,entree_mean,1
7,Gofre & Huevo-Bacon,gofre & huevo-bacon,dessert,1.0692041522491404,0,entree_mean,4
7,Gofre & Pollo Frito,gofre & pollo frito,uncertain,1.1384083044982771,0,entree_mean,9
7,"Gofre casero con Bacon, Crema de Queso y Sirope","gofre casero con bacon, crema de queso y sirope",dessert,0.588235294117639,0,entree_mean,1
7,Gofre Casero con Chocolate y Nata,gofre casero con chocolate y nata,dessert,0.5882352941176522,0,entree_mean,3
7,Gofre Casero con Fruta y Crema de Queso,gofre casero con fruta y crema de queso,dessert,0.5882352941176492,0,entree_mean,2
7,Huevos Benedict & Aguacate,huevos benedict & aguacate,entree,1.0692041522491462,0,entree_mean,6
7,Huevos Benedict & Bacon,huevos benedict & bacon,entree,1.0692041522491396,0,entree_mean,13
7,Huevos Benedict & Salmón,huevos benedict & salmón,entree,1.0692041522491367,0,entree_mean,15
7,Limonada Casera,limonada casera,drink,0.23183391003460319,0,entree_mean,5
7,London Brunch,london brunch,uncertain,1.0692041522491371,0,entree_mean,14
7,Menú mediodía Bastard,menú mediodía bastard,uncertain,0.8961937716263003,0,entree_mean,10
7,Patatas Bravas Caseras,patatas bravas caseras,side,0.6885813148788855,0,entree_mean,1
7,Patatas Trufadas,patatas trufadas,side,0.688581314878892,0,entree_mean,1
7,Plum Cake de Limón,plum cake de limón,dessert,0.2698961937716294,0,entree_mean,2
7,Plum Cake de Nutella,plum cake de nutella,dessert,0.26989619377162904,0,entree_mean,4
7,Pollo de corral rebozado,pollo de corral rebozado,entree,0.6885813148788873,0,entree_mean,1
7,Power C,power c,drink,0.30103806228373864,0,entree_mean,2
7,Red Velvet,red velvet,dessert,0.37024221453287687,0,entree_mean,7
7,Roll de Canela (producción diaria limitada),roll de canela (producción diaria limitada),dessert,0.23529411764706012,0,entree_mean,4
7,Roll de Galleta Lotus (producción diaria limitada),roll de galleta lotus (producción diaria limitada),dessert,0.26989619377162766,0,entree_mean,10
7,Roll de Nutella,roll de nutella,dessert,0.26989619377162677,0,entree_mean,9
7,Roll de Pistacho (producción diaria limitada),roll de pistacho (producción diaria limitada),dessert,0.2698961937716294,0,entree_mean,4
7,Shakshuka Verde Brunch,shakshuka verde brunch,entree,1.1038062283736907,0,entree_mean,1
7,Tortitas & Frutas,tortitas & frutas,dessert,1.069204152249149,0,entree_mean,3
7,Tortitas & Huevo-Bacon,tortitas & huevo-bacon,uncertain,1.0692041522491171,0,entree_mean,1
7,"Tortitas con Bacon, Crema de Queso y Sirope de Cítricos Casero","tortitas con bacon, crema de queso y sirope de cítricos casero",appetizer,0.5882352941176552,0,entree_mean,2
7,Tortitas con Chocolate y Nata,tortitas con chocolate y nata,dessert,0.5882352941176515,0,entree_mean,5
7,Tortitas con Fruta y Crema de Queso,tortitas con fruta y crema de queso,dessert,0.5882352941176499,0,entree_mean,4
7,Tortitas Té Matcha & Frutas,tortitas té matcha & frutas,dessert,1.1384083044982556,0,entree_mean,1
7,"Tosta de Aguacate, Huevo Pochado, Mostaza, Lima y Bacon","tosta de aguacate, huevo pochado, mostaza, lima y bacon",uncertain,0.5155709342560584,0,entree_mean,13
7,Tosta de Huevo Revuelto y Salmón Ahumado,tosta de huevo revuelto y salmón ahumado,appetizer,0.5155709342560597,0,entree_mean,3
7,"Tosta de Tomate, Crujiente de Jamón Serrano y Huevo","tosta de tomate, crujiente de jamón serrano y huevo",appetizer,0.5155709342560599,0,entree_mean,3
7,Vegan Brunch,vegan brunch,uncertain,1.1038062283737113,0,entree_mean,3
7,Vegana de Chocolate,vegana de chocolate,dessert,0.37024221453287826,0,entree_mean,2
7,Zumo de Naranja Natural,zumo de naranja natural,drink,0.23183391003460355,0,entree_mean,10
8,Agua 50 cl,agua 50 cl,drink,0.18582426333952826,0,entree_mean,4
8,Amstel,amstel,drink,0.1858242633395278,0,entree_mean,6
8,Aquarius (330Ml.),aquarius (330ml.),drink,0.23228032917441063,0,entree_mean,2
8,Arancinis Sicilianos,arancinis sicilianos,appetizer,0.7432970533581148,0,entree_mean,4
8,Birra Peroni,birra peroni,drink,0.3716485266790566,0,entree_mean,4
8,Botella De Vino Blanco Italiano,botella de vino blanco italiano,drink,1.4865941067162154,0,entree_mean,2
8,Botella De Vino Tinto Italiano,botella de vino tinto italiano,drink,1.4865941067162232,0,entree_mean,2
8,Bruschetta,bruschetta,appetizer,0.7897531191929731,0,entree_mean,1
8,Calzone 5 Quesos,calzone 5 quesos,entree,1.114945580037163,0,entree_mean,4
8,Calzone Prosciutto e Funghi,calzone prosciutto e funghi,entree,1.0220334483673996,0,entree_mean,4
8,Calzone Vegetariano,calzone vegetariano,entree,1.0220334483673852,0,entree_mean,2
8,Capresse especial,capresse especial,appetizer,1.0684895142022832,0,entree_mean,2
8,Coca-Cola Sabor Original lata 330ml.,coca-cola sabor original lata 330ml.,entree,0.23228032917441013,0,entree_mean,16
8,Coca-Cola Zero Azúcar lata 330ml.,coca-cola zero azúcar lata 330ml.,entree,0.23228032917440858,0,entree_mean,15
8,Combo Pepperoni Especial,combo pepperoni especial,uncertain,1.8117865675603897,0,entree_mean,2
8,Croquetas de Gorgonzola y cebolla caramelizada,croquetas de gorgonzola y cebolla caramelizada,appetizer,0.7432970533581049,0,entree_mean,8
8,Croquetas de Jamon Serrano,croquetas de jamon serrano,appetizer,0.7432970533581039,0,entree_mean,8
8,Croquetas de Trufa y Setas,croquetas de trufa y setas,appetizer,0.7432970533581073,0,entree_mean,8
8,Dulce Encanto,dulce encanto,dessert,0.7897531191930084,0,entree_mean,1
8,Dulce Tormento,dulce tormento,dessert,1.0220334483674005,0,entree_mean,2
8,Ensalada César De Pollo,ensalada césar de pollo,side,0.7897531191929694,0,entree_mean,1
8,Fanta Limón lata 330ml.,fanta limón lata 330ml.,drink,0.23228032917441002,0,entree_mean,4
8,Fanta Naranja lata 330ml.,fanta naranja lata 330ml.,entree,0.2322803291744092,0,entree_mean,5
8,Helado Ben & Jerry's Cookie Dough (100 ml.),helado ben & jerry's cookie dough (100 ml.),dessert,0.3716485266790556,0,entree_mean,2
8,Helado Ben & Jerry's Peanut Butter Cup (100 ml.),helado ben & jerry's peanut butter cup (100 ml.),dessert,0.37164852667905957,0,entree_mean,3
8,Margherita 2.0,margherita 2.0,entree,1.3750995487125237,0,entree_mean,3
8,Mixtos Fritos,mixtos fritos,side,0.8362091850278658,0,entree_mean,12
8,Montanara,montanara,entree,0.6968409875232222,0,entree_mean,2
8,Montanara 5 Quesos,montanara 5 quesos,appetizer,0.7432970533581168,0,entree_mean,3
8,Montanara Vegana,montanara vegana,entree,0.7897531191929821,0,entree_mean,1
8,Nestea Té Negro Limón lata 330ml.,nestea té negro limón lata 330ml.,entree,0.2322803291744092,0,entree_mean,2
8,Patatine della casa,patatine della casa,unclassified,0.7432970533581122,0,entree_mean,4
8,Pizza 5 Quesos,pizza 5 quesos,entree,1.1149455800371726,0,entree_mean,26
8,Pizza Amatriciana,pizza amatriciana,entree,1.2821874170427179,0,entree_mean,1
8,Pizza Andrea,pizza andrea,uncertain,1.0684895142022766,0,entree_mean,8
8,Pizza Benicalap,pizza benicalap,uncertain,1.1149455800371606,0,entree_mean,8
8,Pizza Cabramelizada,pizza cabramelizada,entree,1.0406158747013627,0,entree_mean,1
8,Pizza Carne BBQ,pizza carne bbq,entree,1.1149455800371642,0,entree_mean,13
8,Pizza Carnivora,pizza carnivora,entree,0.9755773825325189,0,entree_mean,155
8,Pizza Caterina,pizza caterina,entree,1.1892752853729887,0,entree_mean,8
8,Pizza Cesar,pizza cesar,entree,1.375099548712496,0,entree_mean,2
8,Pizza Cheddar y Bacon,pizza cheddar y bacon,entree,1.0963631537032144,0,entree_mean,2
8,Pizza della Casa,pizza della casa,entree,1.4401380408813396,0,entree_mean,12
8,Pizza Diavola,pizza diavola,entree,1.0220334483673996,0,entree_mean,6
8,Pizza Dolce Salato,pizza dolce salato,uncertain,1.2821874170427354,0,entree_mean,5
8,Pizza Erasmo,pizza erasmo,unclassified,1.1149455800371586,0,entree_mean,6
8,Pizza Fondeu,pizza fondeu,entree,1.2078577117069464,0,entree_mean,3
8,Pizza Gennariello,pizza gennariello,entree,1.0220334483674014,0,entree_mean,4
8,Pizza Genovese,pizza genovese,entree,1.0684895142022675,0,entree_mean,6
8,Pizza Hawaiana,pizza hawaiana,uncertain,1.022033448367401,0,entree_mean,6
8,Pizza Ibérica,pizza ibérica,entree,1.1149455800371706,0,entree_mean,3
8,Pizza La Patron,pizza la patron,uncertain,1.1892752853729627,0,entree_mean,13
8,Pizza Margherita,pizza margherita,entree,0.8362091850278754,0,entree_mean,45
8,Pizza Marinera,pizza marinera,uncertain,0.8826652508627327,0,entree_mean,1
8,Pizza Mortadella al pesto,pizza mortadella al pesto,entree,1.2078577117069373,0,entree_mean,3
8,Pizza Pepperoni,pizza pepperoni,uncertain,0.9755773825325125,0,entree_mean,34
8,Pizza Pescara,pizza pescara,entree,1.3472259092115908,0,entree_mean,3
8,Pizza Pollo BBQ,pizza pollo bbq,entree,1.0684895142022703,0,entree_mean,5
8,Pizza Prosciutto,pizza prosciutto,entree,0.975577382532525,0,entree_mean,11
8,Pizza Prosciutto e Funghi,pizza prosciutto e funghi,entree,1.0220334483674087,0,entree_mean,206
8,Pizza Rossana,pizza rossana,uncertain,1.57950623838597,0,entree_mean,2
8,Pizza Salami,pizza salami,entree,0.9755773825325199,0,entree_mean,5
8,Pizza Serrana,pizza serrana,entree,1.1614016458720473,0,entree_mean,14
8,Pizza Tonno,pizza tonno,entree,1.0684895142022888,0,entree_mean,9
8,Pizza Trevigiana,pizza trevigiana,entree,1.3007698433766588,0,entree_mean,1
8,Pizza Veganisima,pizza veganisima,uncertain,1.0406158747013563,0,entree_mean,4
8,Pizza Vegetariana,pizza vegetariana,entree,1.0220334483673987,0,entree_mean,11
8,Pizzella de Kinder,pizzella de kinder,side,0.8362091850278796,0,entree_mean,4
8,Pizzella de Lotus,pizzella de lotus,side,0.9755773825325138,0,entree_mean,6
8,Pizzella de Milka,pizzella de milka,dessert,0.9291213166976138,0,entree_mean,1
8,Pizzella de Pistacho,pizzella de pistacho,dessert,0.9755773825325167,0,entree_mean,2
8,Pizzella Nutella,pizzella nutella,dessert,0.8362091850278702,0,entree_mean,5
8,Sprite lata 330ml,sprite lata 330ml,drink,0.23228032917440902,0,entree_mean,4
8,Tartufo e Burrata,tartufo e burrata,appetizer,1.7653305017255283,0,entree_mean,1
9,AGUACATE LIMEÑO,aguacate limeño,uncertain,0.5709677419354816,0,entree_mean,79
9,BAKED SWEET POTATOES,baked sweet potatoes,side,0.4741935483870956,0,entree_mean,67
9,CEVICHE DE CINE,ceviche de cine,appetizer,0.5709677419354829,0,entree_mean,34
9,"DALE, DON KALE","dale, don kale",uncertain,0.7258064516129007,0,entree_mean,19
9,EIGHT DAYS A WEEK,eight days a week,uncertain,0.33870967741935376,0,entree_mean,6
9,ENSALADA ANDINA,ensalada andina,side,0.5709677419354853,0,entree_mean,11
9,GAZPACHO DE LA HUERTA DE FELIPE,gazpacho de la huerta de felipe,appetizer,0.37741935483870775,0,entree_mean,18
9,GUACAMOLE CON BURRATA,guacamole con burrata,appetizer,0.6774193548387099,0,entree_mean,50
9,HAKUNA PAPAYA,hakuna papaya,uncertain,0.4741935483870956,0,entree_mean,7
9,HUMMUS ANCESTRAL,hummus ancestral,appetizer,0.4354838709677411,0,entree_mean,32
9,KOMBUCHA,kombucha,drink,0.2903225806451595,0,entree_mean,1
9,LOVE IS GREEN,love is green,uncertain,0.38709677419354777,0,entree_mean,13
9,MANGO BOWL,mango bowl,side,0.4838709677419348,0,entree_mean,15
9,MARACUYÁ DREAM,maracuyá dream,drink,0.4354838709677421,0,entree_mean,15
9,MAZORCA CON FLOW,mazorca con flow,uncertain,0.5709677419354833,0,entree_mean,45
9,PA BONIATO TÚ,pa boniato tú,side,0.6774193548387099,0,entree_mean,47
9,PAN DE ORIGEN,pan de origen,side,0.24193548387096747,0,entree_mean,14
9,PIZZA DE LA HUERTA,pizza de la huerta,entree,1.0645161290322582,0,entree_mean,14
9,PIZZA LACÓN Y BURRATA,pizza lacón y burrata,entree,1.2580645161290318,0,entree_mean,80
9,PIZZA TANDOORI,pizza tandoori,uncertain,1.2580645161290314,0,entree_mean,39
9,PIZZA ZUCCHINI,pizza zucchini,uncertain,1.1612903225806428,0,entree_mean,17
9,PUERRO DE LA TIERRA,puerro de la tierra,side,0.5709677419354846,0,entree_mean,22
9,RAINBOW SALAD,rainbow salad,side,0.629032258064515,0,entree_mean,15
9,TACO ESTILO PASTOR-SIN PASTOR,taco estilo pastor-sin pastor,entree,0.6774193548387101,0,entree_mean,90
9,TERRETA,terreta,uncertain,0.33870967741935626,0,entree_mean,7
9,TROPICAL DREAM,tropical dream,dessert,0.3870967741935469,0,entree_mean,6
9,¡QUÉ BURRADA!,¡qué burrada!,uncertain,0.8709677419354838,0,entree_mean,31
9,¡VAYA BERENJENAL!,¡vaya berenjenal!,uncertain,0.5709677419354852,0,entree_mean,42
9,¿QUIÉN HA ROTO MI COCO?,¿quién ha roto mi coco?,uncertain,0.4354838709677416,0,entree_mean,38
10,Agua Pequeña (500 Ml.),agua pequeña (500 ml.),drink,0.16488222698072796,0,entree_mean,1
10,Bocadillo Este de Kyoto,bocadillo este de kyoto,uncertain,0.9668094218415442,0,entree_mean,13
10,Bocadillo French Brascada,bocadillo french brascada,uncertain,0.9443254817987184,0,entree_mean,4
10,Bocadillo Italian Job,bocadillo italian job,uncertain,0.9668094218415406,0,entree_mean,52
10,Bocadillo Kansas Smoke,bocadillo kansas smoke,entree,1.0417558886509726,0,entree_mean,113
10,Bocadillo Katz Burguer NY,bocadillo katz burguer ny,entree,0.9668094218415432,0,entree_mean,13
10,Bocadillo Pulled Hong Kong,bocadillo pulled hong kong,uncertain,0.9443254817987109,0,entree_mean,23
10,Burrata Spicy,burrata spicy,appetizer,0.7119914346895043,0,entree_mean,6
10,Causa Crunchy Pulled,causa crunchy pulled,uncertain,0.6745182012847947,0,entree_mean,17
10,Cerveza Amstel (33 Cl.),cerveza amstel (33 cl.),drink,0.18736616702355416,0,entree_mean,2
10,Cerveza El águila (33 Cl.),cerveza el águila (33 cl.),drink,0.1873661670235549,0,entree_mean,2
10,Cerveza Heineken (33 Cl.),cerveza heineken (33 cl.),drink,0.18736616702355413,0,entree_mean,1
10,Chori Nachos,chori nachos,appetizer,0.7869379014989286,0,entree_mean,13
10,Coca-Cola Sabor Original lata 330ml.,coca-cola sabor original lata 330ml.,entree,0.18736616702355297,0,entree_mean,1
10,Helado de carrot cake,helado de carrot cake,dessert,0.5620985010706664,0,entree_mean,3
10,Helado De Choco Brownie,helado de choco brownie,dessert,0.5620985010706621,0,entree_mean,6
10,Helado De Lemon Pie,helado de lemon pie,dessert,0.5620985010706654,0,entree_mean,3
10,Kas Naranja lata 330ml.,kas naranja lata 330ml.,drink,0.18736616702355421,0,entree_mean,1
10,Korean Wings,korean wings,appetizer,0.7119914346895068,0,entree_mean,19
10,Menú Familiar,menú familiar,uncertain,5.246252676659579,0,entree_mean,2
10,Menú Individual,menú individual,uncertain,1.3490364025695931,0,entree_mean,199
10,Menú Pareja,menú pareja,uncertain,2.6980728051391707,0,entree_mean,62
10,Pepsi  lata 330ml.,pepsi lata 330ml.,drink,0.18736616702355408,0,entree_mean,2
10,Pepsi Max  lata 330ml.,pepsi max lata 330ml.,drink,0.18736616702355297,0,entree_mean,1
10,Pork & Cheddar Potatoes,pork & cheddar potatoes,side,0.5995717344753763,0,entree_mean,52
10,Sándwich Crujiente De Nutella,sándwich crujiente de nutella,dessert,0.48715203426124365,0,entree_mean,3
10,Sándwich Muerde Time Square,sándwich muerde time square,entree,1.049250535331895,0,entree_mean,66
10,Sándwich Pavo Cesar Palace,sándwich pavo cesar palace,entree,0.9443254817987138,0,entree_mean,22
10,Tacostillas ( 2/3 pax),tacostillas ( 2/3 pax),entree,1.8736616702355509,0,entree_mean,3
10,Tarta Banofee De Mascarpone,tarta banofee de mascarpone,dessert,0.5620985010706664,0,entree_mean,4
10,Vitello Tonato,vitello tonato,entree,0.9368308351177725,0,entree_mean,2
11,Agua natural (50cl),agua natural (50cl),drink,0.2437956485095407,0,entree_mean,6
11,Arepa de Carne Mechada,arepa de carne mechada,uncertain,0.8581777432479587,0,entree_mean,60
11,Arepa de Carne Mechada y Queso Amarillo,arepa de carne mechada y queso amarillo,entree,0.8565337235084483,0,entree_mean,189
11,Arepa de Chicharrón y Queso de Mano,arepa de chicharrón y queso de mano,side,0.976936813508535,0,entree_mean,60
11,Arepa de Pabellon,arepa de pabellon,entree,0.9287140450175461,0,entree_mean,75
11,Arepa de Pernil,arepa de pernil,entree,0.8949427426018578,0,entree_mean,34
11,Arepa de Pollo,arepa de pollo,entree,0.8577283796539306,0,entree_mean,29
11,Arepa de Pollo y Queso Amarillo,arepa de pollo y queso amarillo,entree,0.8564638522740448,0,entree_mean,76
11,Arepa de Queso Amarillo,arepa de queso amarillo,side,0.8602938730979426,0,entree_mean,15
11,Arepa de Reina Pepiada,arepa de reina pepiada,entree,0.855948763410698,0,entree_mean,159
11,Arepa de Reina y Queso de Mano,arepa de reina y queso de mano,appetizer,0.9785863304175101,0,entree_mean,42
11,Arepa Pollo Heura,arepa pollo heura,entree,1.2090638499310267,0,entree_mean,1
11,Arepa Viuda,arepa viuda,uncertain,0.18992057772706497,0,entree_mean,8
11,Arepitas de Chicharron con Nata,arepitas de chicharron con nata,appetizer,0.8364478090304573,0,entree_mean,10
11,Arma tu arepa,arma tu arepa,uncertain,0.5618538137010307,0,entree_mean,54
11,Cerveza Polar Pilsen,cerveza polar pilsen,drink,0.2891227561649669,0,entree_mean,1
11,Cerveza Zulia,cerveza zulia,drink,0.2864323142587518,0,entree_mean,1
11,Cerveza Zulia (33 cl.),cerveza zulia (33 cl.),drink,0.30547722316095577,0,entree_mean,1
11,Coca Cola (Lata 33cl.),coca cola (lata 33cl.),drink,0.29816155641174547,0,entree_mean,26
11,Coca Cola Zero (Lata 33cl.),coca cola zero (lata 33cl.),drink,0.2960784810091718,0,entree_mean,29
11,Empanada a tu gusto,empanada a tu gusto,appetizer,0.7171114000299071,0,entree_mean,42
11,Empanada de Carne Mechada y Queso Amarillo,empanada de carne mechada y queso amarillo,appetizer,0.6664552115007415,0,entree_mean,28
11,Empanada de Pollo y Queso Amarillo,empanada de pollo y queso amarillo,appetizer,0.6658868134061992,0,entree_mean,24
11,Empanada de Queso,empanada de queso,uncertain,0.6711796709645971,0,entree_mean,54
11,Empanada Venezolanísima,empanada venezolanísima,appetizer,0.7169414111019788,0,entree_mean,29
11,Freskolita (Lata 33cl.),freskolita (lata 33cl.),drink,0.29828539179673924,0,entree_mean,19
11,Guasacaca,guasacaca,uncertain,0.08385879686851848,0,entree_mean,25
11,Hallacas,hallacas,uncertain,0.8087476657938691,0,entree_mean,6
11,Malta Botella Goya,malta botella goya,drink,0.3584741614663217,0,entree_mean,28
11,Malta Polar (Lata 33cl.),malta polar (lata 33cl.),drink,0.36507825242799163,0,entree_mean,1
11,Marquesa de Arequipe,marquesa de arequipe,dessert,0.5408940919896719,0,entree_mean,4
11,Marquesa de Galleta Oreo,marquesa de galleta oreo,dessert,0.5296555725824847,0,entree_mean,9
11,Marquesa  de Pie Limón,marquesa de pie limón,dessert,0.5319217458143957,0,entree_mean,10
11,Marquesa Twist,marquesa twist,dessert,0.5272246326147922,0,entree_mean,4
11,Mini arepitas,mini arepitas,side,0.5918247413226785,0,entree_mean,28
11,Nata,nata,uncertain,0.12060485463932313,0,entree_mean,16
11,Nestea (33 cl.),nestea (33 cl.),drink,0.29815965429756214,0,entree_mean,23
11,Pabellón Criollo,pabellón criollo,entree,1.5406046436024465,0,entree_mean,36
11,Pack Individual Arepish,pack individual arepish,side,1.0643527230449081,0,entree_mean,27
11,Pan de Jamón  Mediano,pan de jamón mediano,uncertain,1.4995976776336362,0,entree_mean,3
11,Papelon Picante,papelon picante,drink,0.08079882315487849,0,entree_mean,1
11,Papelón con limón,papelón con limón,drink,0.3081544764809628,0,entree_mean,8
11,Quesillo,quesillo,dessert,0.5256315432911324,0,entree_mean,4
11,Racion de Yuca Frita,racion de yuca frita,side,0.7157479371840791,0,entree_mean,47
11,Salsa de Ajo,salsa de ajo,uncertain,0.08394889122727674,0,entree_mean,26
11,Salsa de Guayaba,salsa de guayaba,uncertain,0.08321828660681425,0,entree_mean,9
11,Salsa Picante,salsa picante,uncertain,0.08382753716389878,0,entree_mean,22
11,Salsa Tártara,salsa tártara,uncertain,0.08325447119450857,0,entree_mean,10
11,Tarta 3 Leches,tarta 3 leches,dessert,0.5807363478346891,0,entree_mean,39
11,Tequeños de Chistorra (6uds),tequeños de chistorra (6uds),appetizer,1.1241355771200694,0,entree_mean,4
11,Tequeños de Guayaba con Queso (6uds),tequeños de guayaba con queso (6uds),appetizer,0.9969684878515338,0,entree_mean,20
11,Tequeños de Platano Macho Maduro con Queso (6 uds),tequeños de platano macho maduro con queso (6 uds),appetizer,1.0299490027527727,0,entree_mean,26
11,Tequeños de Queso Blanco con Masa de Maíz Dulce. (6 uds),tequeños de queso blanco con masa de maíz dulce. (6 uds),appetizer,1.0154083863059125,0,entree_mean,44
11,Tequeños de Queso Blanco. (6 uds),tequeños de queso blanco. (6 uds),appetizer,1.0107531579651725,0,entree_mean,138
11,Uva Postobon Lata,uva postobon lata,drink,0.29512466941327803,0,entree_mean,9
11,Zumo de guanábana,zumo de guanábana,drink,0.3074099638647558,0,entree_mean,18
11,Zumo de guayaba,zumo de guayaba,drink,0.3084025068754215,0,entree_mean,30
11,Zumo de maracuyá,zumo de maracuyá,drink,0.3071722137587784,0,entree_mean,51
12,Aquarius Limón lata 330ml.,aquarius limón lata 330ml.,entree,0.38793103448275923,0,entree_mean,1
12,Aquarius Naranja lata 330ml.,aquarius naranja lata 330ml.,entree,0.38793103448275945,0,entree_mean,1
12,Baklawa Turca,baklawa turca,dessert,0.3362068965517248,0,entree_mean,5
12,Bocadillo Aghadir,bocadillo aghadir,entree,1.422413793103449,0,entree_mean,3
12,Bocadillo Akko,bocadillo akko,uncertain,1.4224137931034602,0,entree_mean,2
12,Bocadillo Aleppo,bocadillo aleppo,uncertain,1.293103448275862,0,entree_mean,3
12,Bocadillo Antalia,bocadillo antalia,uncertain,1.4224137931034457,0,entree_mean,4
12,Bocadillo Antalia (XXL),bocadillo antalia (xxl),appetizer,1.9396551724137825,0,entree_mean,6
12,Bocadillo Beirut,bocadillo beirut,entree,1.1637931034482722,0,entree_mean,5
12,Bocadillo Damasco,bocadillo damasco,uncertain,1.4224137931034488,0,entree_mean,8
12,Bocadillo Falafel Griego,bocadillo falafel griego,appetizer,0.9051724137931012,0,entree_mean,2
12,Bocadillo Falafel Palestino,bocadillo falafel palestino,appetizer,0.905172413793104,0,entree_mean,4
12,Bocadillo Falafel Palestino (XXL),bocadillo falafel palestino (xxl),entree,1.6810344827586219,0,entree_mean,1
12,Bocadillo Istambul,bocadillo istambul,uncertain,1.16379310344828,0,entree_mean,11
12,Bocadillo Istambul (XXL),bocadillo istambul (xxl),uncertain,1.6810344827586212,0,entree_mean,32
12,Bocadillo Jerusalem,bocadillo jerusalem,uncertain,1.5000000000000016,0,entree_mean,17
12,Bocadillo Marrakesh,bocadillo marrakesh,uncertain,1.1637931034482765,0,entree_mean,4
12,Bocadillo Tiro,bocadillo tiro,uncertain,1.5000000000000027,0,entree_mean,2
12,Bocadillo Tripoli,bocadillo tripoli,uncertain,1.1637931034482747,0,entree_mean,7
12,Coca-Cola Sabor Original botella 2L.,coca-cola sabor original botella 2l.,drink,0.6982758620689656,0,entree_mean,2
12,Coca-Cola Sabor Original lata 330ml.,coca-cola sabor original lata 330ml.,entree,0.38793103448275906,0,entree_mean,5
12,Coca-Cola Zero Azúcar lata 330ml.,coca-cola zero azúcar lata 330ml.,entree,0.3879310344827596,0,entree_mean,3
12,Dedos,dedos,uncertain,0.25862068965517304,0,entree_mean,3
12,Empanadillas De Espinacas (3 Uds.),empanadillas de espinacas (3 uds.),appetizer,1.344827586206896,0,entree_mean,2
12,Empanadillas De Queso (3 Uds.),empanadillas de queso (3 uds.),appetizer,0.8534482758620687,0,entree_mean,13
12,Empanadillas De Ternera (3 Uds.),empanadillas de ternera (3 uds.),appetizer,0.8534482758620698,0,entree_mean,6
12,Falafel Plato,falafel plato,entree,1.784482758620693,0,entree_mean,6
12,Fanta Naranja lata 330ml.,fanta naranja lata 330ml.,entree,0.38793103448275734,0,entree_mean,2
12,Hojas De Parra,hojas de parra,appetizer,1.0344827586206884,0,entree_mean,5
12,Hummus,hummus,appetizer,0.6465517241379294,0,entree_mean,7
12,Kibbe Rellena (3 Uds.),kibbe rellena (3 uds.),appetizer,1.52586206896552,0,entree_mean,9
12,Mutabbal,mutabbal,appetizer,0.9051724137931038,0,entree_mean,11
12,Nestea Té Negro Limón lata 330ml.,nestea té negro limón lata 330ml.,entree,0.38793103448275806,0,entree_mean,1
12,Patatas Bravas,patatas bravas,side,0.8534482758620694,0,entree_mean,3
12,Patatas Fritas,patatas fritas,side,0.5172413793103454,0,entree_mean,6
12,Plato De Cordero,plato de cordero,entree,1.9396551724137945,0,entree_mean,2
12,Plato De Pollo,plato de pollo,entree,1.6810344827586174,0,entree_mean,2
13,Agua (50 Cl.),agua (50 cl.),drink,0.2669632925472763,0,entree_mean,4
13,Aquarius Limón lata 330ml.,aquarius limón lata 330ml.,entree,0.26696329254727513,0,entree_mean,6
13,Arroz,arroz,uncertain,0.3707823507601042,0,entree_mean,8
13,Arroz Avinagrado,arroz avinagrado,side,0.41527623285131543,0,entree_mean,5
13,Bambú Atún (8 Uds.),bambú atún (8 uds.),appetizer,1.0678531701891139,0,entree_mean,5
13,Bambú Gambas (8 Uds.),bambú gambas (8 uds.),appetizer,1.0085279940674754,0,entree_mean,3
13,Bambú Salmón (8 Uds.),bambú salmón (8 uds.),appetizer,1.0307749351131,0,entree_mean,15
13,Bambú Salmón Ahumado (8 Uds.),bambú salmón ahumado (8 uds.),appetizer,1.0233592880978986,0,entree_mean,4
13,Bbq,bbq,uncertain,1.920652576937321,0,entree_mean,10
13,Beicon,beicon,side,1.5572858731924277,0,entree_mean,8
13,Bigmaki Salmón,bigmaki salmón,appetizer,1.0307749351130917,0,entree_mean,5
13,Bravas Japonesas,bravas japonesas,side,0.8157211716722307,0,entree_mean,11
13,California Gambas (8 Uds.),california gambas (8 uds.),appetizer,0.8157211716722287,0,entree_mean,8
13,California Pollo (8 Uds.),california pollo (8 uds.),appetizer,0.867630700778645,0,entree_mean,6
13,California Salmón (8 Uds.),california salmón (8 uds.),appetizer,0.8824619948090466,0,entree_mean,24
13,California Vegetal (8 Uds.),california vegetal (8 uds.),appetizer,0.815721171672229,0,entree_mean,8
13,Cangresushi,cangresushi,appetizer,1.0307749351130873,0,entree_mean,2
13,Cerveza (33 Cl.),cerveza (33 cl.),drink,0.2669632925472749,0,entree_mean,4
13,Chilimón,chilimón,uncertain,1.9206525769373246,0,entree_mean,8
13,Coca-Cola Sabor Original lata 330ml.,coca-cola sabor original lata 330ml.,entree,0.2669632925472756,0,entree_mean,6
13,Coca-Cola Zero Azúcar lata 330ml.,coca-cola zero azúcar lata 330ml.,entree,0.266963292547275,0,entree_mean,13
13,Combo California (24 Uds.),combo california (24 uds.),uncertain,2.365591397849461,0,entree_mean,19
13,Comboocho (28 Uds.),comboocho (28 uds.),uncertain,4.271412680756384,0,entree_mean,5
13,Crispy,crispy,uncertain,1.5572858731924366,0,entree_mean,15
13,Delicias De Tempura,delicias de tempura,appetizer,1.4534668149796084,0,entree_mean,14
13,Delicias De Tempura Mini,delicias de tempura mini,appetizer,0.7712272895810214,0,entree_mean,5
13,Dragón,dragón,uncertain,1.705598813496464,0,entree_mean,74
13,Edamame,edamame,appetizer,0.5190952910641436,0,entree_mean,41
13,Edamame Trufado,edamame trufado,side,0.6674082313681845,0,entree_mean,8
13,Eggy Party (2 Uds.),eggy party (2 uds.),appetizer,1.0307749351130906,0,entree_mean,8
13,Ensalada De Col,ensalada de col,side,0.44493882091212533,0,entree_mean,8
13,Ensalada De Pepino,ensalada de pepino,side,0.44493882091212456,0,entree_mean,6
13,Ensalada Marina,ensalada marina,appetizer,1.4089729328883953,0,entree_mean,1
13,Ensalada Pollo Katsu,ensalada pollo katsu,entree,1.3051538746755578,0,entree_mean,3
13,Ensalada Vegetal,ensalada vegetal,appetizer,0.8157211716722295,0,entree_mean,2
13,Fanta Naranja lata 330ml.,fanta naranja lata 330ml.,entree,0.2669632925472756,0,entree_mean,6
13,Filodoro,filodoro,uncertain,1.453466814979604,0,entree_mean,22
13,Fumura (18 Uds.),fumura (18 uds.),uncertain,3.337041156840934,0,entree_mean,15
13,Gunkan Huevas De Salmón (1 Ud.),gunkan huevas de salmón (1 ud.),appetizer,0.3707823507601033,0,entree_mean,3
13,Gunkan Tartar De Atún (1 Ud.),gunkan tartar de atún (1 ud.),appetizer,0.37078235076010385,0,entree_mean,1
13,Gunkan Tartar De Salmón (1 Ud.),gunkan tartar de salmón (1 ud.),appetizer,0.3262884686688917,0,entree_mean,2
13,Gyozas A La Plancha (4 Uds.),gyozas a la plancha (4 uds.),appetizer,0.7193177604746016,0,entree_mean,45
13,Gyozas De Cerdo (4 Uds.),gyozas de cerdo (4 uds.),appetizer,0.667408231368189,0,entree_mean,25
13,Gyozas De Pollo (4 Uds.),gyozas de pollo (4 uds.),appetizer,0.6674082313681888,0,entree_mean,37
13,Izumi Combo (32 Uds.),izumi combo (32 uds.),appetizer,2.447163515016672,0,entree_mean,52
13,Keki De Atún,keki de atún,appetizer,1.7055988134964881,0,entree_mean,4
13,Lingotes De Foie (4 Uds.),lingotes de foie (4 uds.),uncertain,1.1790878754171341,0,entree_mean,5
13,Lubi (40 Uds.),lubi (40 uds.),uncertain,4.375231738969204,0,entree_mean,17
13,Maki Aguacate Y Queso (8 Uds.),maki aguacate y queso (8 uds.),uncertain,0.5635891731553574,0,entree_mean,25
13,Maki California Atún (8 Uds.),maki california atún (8 uds.),appetizer,0.8824619948090486,0,entree_mean,6
13,Maki California Atún Claro (8 Uds.),maki california atún claro (8 uds.),appetizer,0.8824619948090479,0,entree_mean,1
13,Maki Crazy Atún (8 Uds.),maki crazy atún (8 uds.),uncertain,0.7415647015202091,0,entree_mean,2
13,Maki De Anguila (8 Uds.),maki de anguila (8 uds.),appetizer,0.9047089358546573,0,entree_mean,2
13,Maki De Atún (8 Uds.),maki de atún (8 uds.),unclassified,0.734149054505005,0,entree_mean,3
13,Maki De Pepino (8 Uds.),maki de pepino (8 uds.),appetizer,0.5190952910641459,0,entree_mean,11
13,Maki De Queso Y Cebollino (8 Uds.),maki de queso y cebollino (8 uds.),appetizer,0.5190952910641461,0,entree_mean,3
13,Maki De Salmón (8 Uds.),maki de salmón (8 uds.),entree,0.6674082313681879,0,entree_mean,15
13,Maki De Salmón Y Aguacate (8 Uds.),maki de salmón y aguacate (8 uds.),appetizer,0.7193177604746008,0,entree_mean,13
13,Maki De Salmón Y Queso (8 Uds.),maki de salmón y queso (8 uds.),appetizer,0.7119021134593997,0,entree_mean,15
13,Maki Foie (8 Uds.),maki foie (8 uds.),appetizer,0.8157211716722266,0,entree_mean,3
13,Maki Gamba Y Aguacate (8 Uds.),maki gamba y aguacate (8 uds.),appetizer,0.7341490545050052,0,entree_mean,12
13,Maki Nutella (8 Uds.),maki nutella (8 uds.),dessert,0.667408231368188,0,entree_mean,7
13,Maki Nutella Y Fresa (8 Uds.),maki nutella y fresa (8 uds.),uncertain,0.7119021134594002,0,entree_mean,7
13,Maki Nutella Y Mango (8 Uds.),maki nutella y mango (8 uds.),appetizer,0.7119021134593964,0,entree_mean,2
13,Maki Pez Mantequilla Y Cebollino (8 Uds.),maki pez mantequilla y cebollino (8 uds.),uncertain,0.7193177604746027,0,entree_mean,12
13,Makis Combi (24 Uds.),makis combi (24 uds.),entree,1.6240266963292502,0,entree_mean,81
13,Mochi Helado (2 Uds.),mochi helado (2 uds.),dessert,0.6674082313681874,0,entree_mean,9
13,México,méxico,uncertain,1.2606599925843605,0,entree_mean,5
13,Nestea Té Negro Limón lata 330ml.,nestea té negro limón lata 330ml.,entree,0.26696329254727535,0,entree_mean,2
13,Nigaki (19 Uds.),nigaki (19 uds.),uncertain,2.595476455320734,0,entree_mean,9
13,Nigamaki (16 Uds:),nigamaki (16 uds:),appetizer,2.34334445680386,0,entree_mean,18
13,Nigiri Atún Fume (1 Ud.),nigiri atún fume (1 ud.),uncertain,0.3707823507601021,0,entree_mean,10
13,Nigiri De Anguila Fume (1 Ud.),nigiri de anguila fume (1 ud.),appetizer,0.3707823507601046,0,entree_mean,14
13,Nigiri De Atún (1 Ud.),nigiri de atún (1 ud.),appetizer,0.3262884686688916,0,entree_mean,14
13,Nigiri De Caballa (1 Ud.),nigiri de caballa (1 ud.),appetizer,0.2669632925472751,0,entree_mean,3
13,Nigiri De Dorada (1 Ud.),nigiri de dorada (1 ud.),appetizer,0.28179458657768036,0,entree_mean,9
13,Nigiri De Gamba (1 Ud.),nigiri de gamba (1 ud.),appetizer,0.2966258806080833,0,entree_mean,7
13,Nigiri De Huevo De Codorniz (1 Ud.),nigiri de huevo de codorniz (1 ud.),appetizer,0.3707823507601051,0,entree_mean,17
13,Nigiri De Pulpo (1 Ud.),nigiri de pulpo (1 ud.),appetizer,0.29662588060808137,0,entree_mean,1
13,Nigiri De Salmón (1 Ud.),nigiri de salmón (1 ud.),appetizer,0.2892102335928814,0,entree_mean,23
13,Nigiri De Tortilla (1 Ud.),nigiri de tortilla (1 ud.),appetizer,0.26696329254727574,0,entree_mean,4
13,Nigiri Pez Mantequilla (1 Ud.),nigiri pez mantequilla (1 ud.),appetizer,0.3114571746384878,0,entree_mean,33
13,Nigiri Salmón Fume (1 Ud.),nigiri salmón fume (1 ud.),appetizer,0.37078235076010313,0,entree_mean,26
13,Nigiri Vieira Fume (1 Ud.),nigiri vieira fume (1 ud.),appetizer,0.3114571746384878,0,entree_mean,13
13,Nigiris (10 Uds.),nigiris (10 uds.),entree,2.2988505747126466,0,entree_mean,17
13,Nikimura (42 Uds.),nikimura (42 uds.),uncertain,5.63589173155359,0,entree_mean,6
13,Nutella Y Plátano (8 Uds.),nutella y plátano (8 uds.),dessert,0.6674082313681899,0,entree_mean,4
13,Party Cangri,party cangri,uncertain,1.3644790507971867,0,entree_mean,5
13,París,parís,uncertain,1.9206525769373426,0,entree_mean,29
13,Pollo Katsu,pollo katsu,entree,1.179087875417132,0,entree_mean,26
13,Pollo Teriyaki,pollo teriyaki,entree,1.2606599925843547,0,entree_mean,6
13,Power cheesecake,power cheesecake,dessert,0.9640341119762681,0,entree_mean,3
13,Puma (18 Uds.),puma (18 uds.),uncertain,4.375231738969191,0,entree_mean,1
13,Purple,purple,uncertain,1.4534668149795977,0,entree_mean,3
13,Sahsimi Pez Mantequilla (5 Uds.),sahsimi pez mantequilla (5 uds.),appetizer,0.8157211716722295,0,entree_mean,5
13,Salmonete Avocado (8 Uds.),salmonete avocado (8 uds.),entree,0.9936967000370814,0,entree_mean,6
13,Salmonete Cremoso (8 Uds.),salmonete cremoso (8 uds.),appetizer,0.9788654060066709,0,entree_mean,9
13,Salmón,salmón,uncertain,1.92065257693734,0,entree_mean,21
13,Salmón Crunchy,salmón crunchy,uncertain,1.5572858731924417,0,entree_mean,11
13,Salmón Teriyaki,salmón teriyaki,entree,1.7723396366332878,0,entree_mean,2
13,Sashimi De Atún (5 Uds.),sashimi de atún (5 uds.),appetizer,0.9640341119762632,0,entree_mean,1
13,Sashimi De Salmón (10 Uds.),sashimi de salmón (10 uds.),appetizer,1.4757137560252178,0,entree_mean,6
13,Sashimi De Salmón (5 Uds.),sashimi de salmón (5 uds.),entree,0.8157211716722305,0,entree_mean,9
13,Sashimi Mix (12 Uds.),sashimi mix (12 uds.),appetizer,1.624026696329257,0,entree_mean,8
13,Sopa Miso,sopa miso,appetizer,0.4375231738969218,0,entree_mean,23
13,Spicy Tuna,spicy tuna,appetizer,1.772339636633298,0,entree_mean,31
13,Surimi Tempu,surimi tempu,appetizer,1.4757137560252178,0,entree_mean,3
13,Suriya,suriya,uncertain,1.2606599925843485,0,entree_mean,3
13,Takoyaki (4 Uds.),takoyaki (4 uds.),appetizer,0.8157211716722328,0,entree_mean,9
13,Tartar De Atún,tartar de atún,appetizer,1.408972932888393,0,entree_mean,2
13,Tartar De Salmón,tartar de salmón,appetizer,1.2606599925843536,0,entree_mean,7
13,Tataki De Atún (6 Uds.),tataki de atún (6 uds.),appetizer,1.2606599925843491,0,entree_mean,4
13,Tataki De Salmón (6 Uds.),tataki de salmón (6 uds.),appetizer,1.1123470522803094,0,entree_mean,4
13,Temaki Crazy Atún (1 Ud.),temaki crazy atún (1 ud.),entree,0.7415647015202051,0,entree_mean,3
13,Temaki Gambas (1 Ud.),temaki gambas (1 ud.),appetizer,0.7193177604746016,0,entree_mean,3
13,Temaki Pollo Katsu (1 Ud.),temaki pollo katsu (1 ud.),appetizer,0.7119021134593976,0,entree_mean,1
13,Temaki Salmón (1 Ud.),temaki salmón (1 ud.),appetizer,0.7119021134593992,0,entree_mean,14
13,Temaki Surimi (1 Ud.),temaki surimi (1 ud.),uncertain,0.6674082313681873,0,entree_mean,3
13,Temaki Variado (4 Uds.),temaki variado (4 uds.),appetizer,2.513904338153507,0,entree_mean,2
13,Tempu,tempu,uncertain,1.2606599925843531,0,entree_mean,11
13,Tempura De Gambas Oriente (6 Uds.),tempura de gambas oriente (6 uds.),appetizer,0.8824619948090462,0,entree_mean,12
13,Tempura De Verduras (14 Uds.),tempura de verduras (14 uds.),appetizer,1.2606599925843496,0,entree_mean,7
13,Tempura Langostinos Oriente (4 Uds.),tempura langostinos oriente (4 uds.),appetizer,0.8824619948090482,0,entree_mean,9
13,Tempura Pollo Ginger (4 Uds.),tempura pollo ginger (4 uds.),appetizer,0.6229143492769734,0,entree_mean,3
13,Tempura Shumai (5 Uds.),tempura shumai (5 uds.),appetizer,0.7712272895810098,0,entree_mean,1
13,Tobiki Salmón (8 Uds.),tobiki salmón (8 uds.),appetizer,0.9195402298850599,0,entree_mean,3
13,Tobiko Wasabi Atún (8 Uds.),tobiko wasabi atún (8 uds.),appetizer,0.9640341119762763,0,entree_mean,4
13,Tobiko Yuzu Pez Mantequilla (8 Uds.),tobiko yuzu pez mantequilla (8 uds.),uncertain,0.9343715239154624,0,entree_mean,5
13,Trisfis,trisfis,uncertain,1.4089729328884004,0,entree_mean,11
13,Uramakilov (66 Uds.),uramakilov (66 uds.),uncertain,8.29810901001115,0,entree_mean,5
13,Valenciano,valenciano,uncertain,1.4089729328883935,0,entree_mean,6
13,Variado Yakitori,variado yakitori,appetizer,1.3274008157211648,0,entree_mean,1
13,Variety (20 Uds.),variety (20 uds.),uncertain,2.595476455320748,0,entree_mean,9
13,Vegetal,vegetal,uncertain,1.030774935113085,0,entree_mean,3
13,Vegetal Crazy Atún,vegetal crazy atún,uncertain,1.2606599925843587,0,entree_mean,4
13,Vegetal Crazy Gamba Tempu,vegetal crazy gamba tempu,entree,1.2606599925843496,0,entree_mean,14
13,Vegetal Pollo Katsu,vegetal pollo katsu,entree,1.1123470522803134,0,entree_mean,4
13,Vegetal Salmón,vegetal salmón,entree,1.1123470522803147,0,entree_mean,4
13,Verdi (36 Uds.),verdi (36 uds.),uncertain,3.0404152762328382,0,entree_mean,2
13,Vikingo,vikingo,uncertain,1.4089729328883973,0,entree_mean,13
13,Wakame,wakame,side,0.7341490545050045,0,entree_mean,9
13,Wakame Con Atún,wakame con atún,appetizer,1.1790878754171341,0,entree_mean,4
13,Wok De Arroz,wok de arroz,entree,1.1123470522803134,0,entree_mean,8
13,Woks Noodles,woks noodles,uncertain,1.2606599925843547,0,entree_mean,22
13,Yakisoba,yakisoba,entree,1.408972932888394,0,entree_mean,26
13,Yakitori Atún (2 Uds.),yakitori atún (2 uds.),appetizer,0.8602150537634365,0,entree_mean,1
13,Yakitori Bolas De Pollo (2 Uds.),yakitori bolas de pollo (2 uds.),appetizer,0.7119021134594009,0,entree_mean,3
13,Yakitori De Pollo (2 Uds.),yakitori de pollo (2 uds.),appetizer,0.6674082313681864,0,entree_mean,11
13,Yakitori De Salmón (2 Uds.),yakitori de salmón (2 uds.),appetizer,0.8157211716722279,0,entree_mean,2
13,Yakitori Entrecot Relleno De Queso (2 Uds.),yakitori entrecot relleno de queso (2 uds.),appetizer,0.8157211716722292,0,entree_mean,11
14,1 Pollo Asado,1 pollo asado,entree,1.740199202261388,0,entree_mean,2
14,Aquarius Limón lata 330ml.,aquarius limón lata 330ml.,entree,0.2726743232718872,0,entree_mean,11
14,Aquarius Naranja lata 330ml.,aquarius naranja lata 330ml.,entree,0.2649802469174129,0,entree_mean,3
14,Bengan Bhaji,bengan bhaji,appetizer,1.1537639498684893,0,entree_mean,1
14,Bocadillo Con Calamares,bocadillo con calamares,side,0.8412603078286929,0,entree_mean,1
14,Bocadillo Con Chivito,bocadillo con chivito,entree,0.8504513162827108,0,entree_mean,3
14,Bocadillo Con Pollo,bocadillo con pollo,entree,0.948868460236502,0,entree_mean,1
14,Bocadillo De Kebab,bocadillo de kebab,uncertain,0.8822155987107693,0,entree_mean,1
14,Cerveza Amstel (1 Lt.),cerveza amstel (1 lt.),drink,1.0,3,component_mean,1
14,Cerveza San Miguel (330 Ml.),cerveza san miguel (330 ml.),drink,0.341592645685137,0,entree_mean,2
14,Chicken Mango,chicken mango,uncertain,1.7306459248027508,0,entree_mean,1
14,Chicken Tikka Masala,chicken tikka masala,entree,1.1428571428571443,1,entree_mean,1
14,Coca-Cola Sabor Original botella 2L.,coca-cola sabor original botella 2l.,drink,0.4683520772349225,0,entree_mean,4
14,Coca-Cola Sabor Original lata 330ml.,coca-cola sabor original lata 330ml.,entree,0.25106871028752037,0,entree_mean,2
14,Coca-Cola Zero Azúcar botella 2L.,coca-cola zero azúcar botella 2l.,drink,0.4684153879999143,0,entree_mean,2
14,Coca-Cola Zero Azúcar lata 330ml.,coca-cola zero azúcar lata 330ml.,entree,0.25567936304288275,0,entree_mean,1
14,Doner Kebab Con Patata (Grande),doner kebab con patata (grande),entree,1.0299762323493566,0,entree_mean,3
14,Doner Kebab Con Queso (Grande),doner kebab con queso (grande),entree,1.0204002561876961,0,entree_mean,3
14,Doner Kebab Con Queso (Mediano),doner kebab con queso (mediano),uncertain,0.8431146279863175,0,entree_mean,4
14,Doner Kebab Normal (Grande),doner kebab normal (grande),entree,0.9571095612437622,0,entree_mean,5
14,Doner Kebab Normal (Mediano),doner kebab normal (mediano),uncertain,0.7124137135876343,0,entree_mean,3
14,Doner Kebab Pechuga De Pollo Empanada (Grande),doner kebab pechuga de pollo empanada (grande),entree,1.1104664274832634,0,entree_mean,2
14,Doner Kebab Pechuga De Pollo Empanada (Mediano),doner kebab pechuga de pollo empanada (mediano),entree,0.9308610119114157,0,entree_mean,1
14,Doner Kebab Solo Carne (Grande),doner kebab solo carne (grande),entree,1.0409230844442643,0,entree_mean,1
14,Doner Kebab Solo Carne Con Patata (Grande),doner kebab solo carne con patata (grande),entree,1.1958377337240023,0,entree_mean,9
14,Doner Kebab Solo Carne Con Patata (Mediano),doner kebab solo carne con patata (mediano),entree,1.0576169540461244,0,entree_mean,3
14,Doner Kebab Solo Carne Con Patata Y Queso (Grande),doner kebab solo carne con patata y queso (grande),entree,1.1936714094192111,0,entree_mean,23
14,Doner Kebab Solo Carne Con Patata Y Queso (Mediano),doner kebab solo carne con patata y queso (mediano),entree,1.0154847402670006,0,entree_mean,1
14,Doner Kebab Vegetal (Grande),doner kebab vegetal (grande),uncertain,0.7508307499382854,0,entree_mean,1
14,Doner Pizza (32 Cm.),doner pizza (32 cm.),entree,1.499766517808317,0,entree_mean,1
14,Ensalada Tropical,ensalada tropical,appetizer,0.8504513162827047,0,entree_mean,4
14,Fanta Naranja lata 330ml.,fanta naranja lata 330ml.,entree,0.252378092348608,0,entree_mean,1
14,Hamburguesa Especial,hamburguesa especial,entree,0.8598068364851559,0,entree_mean,2
14,Menú 1,menú 1,uncertain,1.1158111738717456,0,entree_mean,16
14,Menú 10,menú 10,uncertain,1.897281213251718,0,entree_mean,6
14,Menú 11,menú 11,uncertain,1.029855306970103,0,entree_mean,4
14,Menú 16,menú 16,uncertain,3.189243605781125,0,entree_mean,7
14,Menú 2,menú 2,uncertain,1.365517159057771,0,entree_mean,2
14,Menú 7,menú 7,uncertain,2.3727562311091472,0,entree_mean,1
14,Menú 8,menú 8,uncertain,2.882297668729839,0,entree_mean,4
14,Menú 9,menú 9,uncertain,1.7727868848144073,0,entree_mean,1
14,Pasta A La Boloñesa,pasta a la boloñesa,entree,1.0205415795392514,0,entree_mean,1
14,Pasta A La Hawaiana,pasta a la hawaiana,entree,1.0154847402669966,0,entree_mean,1
14,Patata Al Horno,patata al horno,side,0.8504513162827081,0,entree_mean,1
14,Patata Asada Con Carne,patata asada con carne,side,0.9614699582237405,0,entree_mean,1
14,Patata Asada Con Vegetales,patata asada con vegetales,side,0.8489379229812861,0,entree_mean,1
14,Patatas Bravas,patatas bravas,side,0.42311864177791536,0,entree_mean,1
14,Patatas Con Falafel,patatas con falafel,side,0.718657765947427,0,entree_mean,5
14,Patatas Deluxe,patatas deluxe,side,0.4945746448839416,0,entree_mean,6
14,Patatas Fritas,patatas fritas,side,0.48938778576425535,0,entree_mean,8
14,Pizza 4 Carnes (28 Cm.),pizza 4 carnes (28 cm.),entree,1.1193242789629978,0,entree_mean,1
14,Pizza Americana (28 Cm.),pizza americana (28 cm.),entree,0.9285714285714267,1,entree_mean,1
14,Pizza Barbacoa Especial (28 Cm.),pizza barbacoa especial (28 cm.),entree,0.9285714285714292,1,entree_mean,1
14,Pizza Con 4 Quesos (28 Cm.),pizza con 4 quesos (28 cm.),entree,1.1001084686225813,0,entree_mean,1
14,Pizza Con Jamón (32 Cm.),pizza con jamón (32 cm.),entree,1.4828112268023714,0,entree_mean,1
14,Pizza Con Mozzarella (28 Cm.),pizza con mozzarella (28 cm.),uncertain,1.119324278962996,0,entree_mean,2
14,Pizza De La Casa Con Barbacoa (28 Cm.),pizza de la casa con barbacoa (28 cm.),entree,1.2499109456908644,0,entree_mean,1
14,Pizza De La Casa Con Barbacoa (32 Cm.),pizza de la casa con barbacoa (32 cm.),entree,1.3902926837942522,0,entree_mean,2
14,Pizza Long Beach (28 Cm.),pizza long beach (28 cm.),entree,1.2499109456908652,0,entree_mean,1
14,Pizza Milano (28 Cm.),pizza milano (28 cm.),entree,1.1082940973586883,0,entree_mean,1
14,Pizza Mixta (28 Cm.),pizza mixta (28 cm.),uncertain,1.0769230769230793,2,entree_mean,1
14,Pizza Sorrento (28 Cm.),pizza sorrento (28 cm.),entree,1.1082940973586908,0,entree_mean,1
14,Pizza Texas (28 Cm.),pizza texas (28 cm.),entree,1.0,2,entree_mean,1
14,Pollo Al Curry,pollo al curry,entree,1.2756769744240621,0,entree_mean,1
14,Súper Pizza (28 Cm.),súper pizza (28 cm.),entree,1.131129481469896,0,entree_mean,1
14,Tapa Aros De Cebolla  (7 Uds.),tapa aros de cebolla (7 uds.),side,0.6017268720105862,0,entree_mean,4
14,Tapa Croquetas De Pollo  (7 Uds.),tapa croquetas de pollo (7 uds.),appetizer,0.8555090359614721,0,entree_mean,2
14,Tapa De Samosa Vegana  (2 Uds.),tapa de samosa vegana (2 uds.),appetizer,0.5980262749007073,0,entree_mean,2
14,Tapa Nuggets De Pollo  (7 Uds.),tapa nuggets de pollo (7 uds.),appetizer,0.863100338263733,0,entree_mean,8
14,Tiramisú,tiramisú,dessert,0.5058064191004725,0,entree_mean,3
15,1/2 Pollo,1/2 pollo,entree,0.8762088102262455,0,entree_mean,6
15,1/2 Pollo Con Patatas,1/2 pollo con patatas,entree,1.2853019656263853,0,entree_mean,16
15,Albóndigas De Carne En Salsa,albóndigas de carne en salsa,entree,0.7244426685119989,0,entree_mean,7
15,Alitas Al Curry (6 Uds.),alitas al curry (6 uds.),appetizer,0.5369430350013805,0,entree_mean,1
15,Arroz Al Horno,arroz al horno,side,0.6989850989367785,0,entree_mean,13
15,Arroz De Col Y Bacalao,arroz de col y bacalao,entree,0.7590407885847238,0,entree_mean,2
15,Arroz De Secreto Con Boletus,arroz de secreto con boletus,entree,0.7006064994683396,0,entree_mean,8
15,Arroz Del Señoret,arroz del señoret,uncertain,0.7592929654548638,0,entree_mean,6
15,Arroz Negro,arroz negro,entree,0.7587238538062928,0,entree_mean,1
15,Bacalao Con Tomate,bacalao con tomate,entree,0.8118751218480397,0,entree_mean,2
15,Berenjena Rellena,berenjena rellena,entree,0.6962275585437604,0,entree_mean,4
15,Boquerones En Vinagre,boquerones en vinagre,appetizer,0.760984956844343,0,entree_mean,2
15,Calamares En Salsa,calamares en salsa,appetizer,0.7589166531562919,0,entree_mean,1
15,Cerveza Lata (330 ml.),cerveza lata (330 ml.),drink,0.18384322692820831,0,entree_mean,1
15,Chipirones A La Plancha,chipirones a la plancha,entree,0.7587238538063019,0,entree_mean,1
15,Coca-Cola Sabor Original botella 2L.,coca-cola sabor original botella 2l.,drink,0.39454637702612944,0,entree_mean,9
15,Coca-Cola Sabor Original lata 330ml.,coca-cola sabor original lata 330ml.,entree,0.18463710556200938,0,entree_mean,3
15,Coca-Cola Zero Azúcar botella 2L.,coca-cola zero azúcar botella 2l.,drink,0.3852635166413859,0,entree_mean,3
15,Coca-Cola Zero Azúcar lata 330ml.,coca-cola zero azúcar lata 330ml.,entree,0.18681072489974973,0,entree_mean,4
15,Costillas A La Barbacoa,costillas a la barbacoa,entree,1.1119474200303612,0,entree_mean,2
15,Croqueta De Boletus (1 Ud.),croqueta de boletus (1 ud.),appetizer,0.17550539727572614,0,entree_mean,6
15,Croqueta De Carrillada (1 Ud.),croqueta de carrillada (1 ud.),appetizer,0.175549888759418,0,entree_mean,8
15,Croqueta De Cocido (1 Ud.),croqueta de cocido (1 ud.),appetizer,0.17537411155808091,0,entree_mean,5
15,Croqueta De Gambas Al Ajillo (1 Ud.),croqueta de gambas al ajillo (1 ud.),appetizer,0.1753091295141148,0,entree_mean,5
15,Croqueta De Jamón (1 Ud.),croqueta de jamón (1 ud.),appetizer,0.1751878098733057,0,entree_mean,8
15,Croqueta De Pollo (1 Ud.),croqueta de pollo (1 ud.),appetizer,0.17528485326218224,0,entree_mean,7
15,Croqueta De Queso De Cabra Con Cebolla Caramelizada (1 Ud.),croqueta de queso de cabra con cebolla caramelizada (1 ud.),appetizer,0.17544556293254307,0,entree_mean,10
15,Croquetas De Carrillada,croquetas de carrillada,appetizer,0.1493726218791686,0,entree_mean,1
15,Croquetón De Boletús,croquetón de boletús,appetizer,0.17358800656631754,0,entree_mean,1
15,Croquetón De Jamón,croquetón de jamón,appetizer,0.17320362577071008,0,entree_mean,2
15,Croquetón De Pollo,croquetón de pollo,appetizer,0.1728200961202869,0,entree_mean,1
15,Ensalada César,ensalada césar,appetizer,0.6592530547735123,0,entree_mean,3
15,Ensalada De Cuscús,ensalada de cuscús,side,0.5826780460126212,0,entree_mean,2
15,Ensalada De Marisco,ensalada de marisco,appetizer,0.517059075735586,0,entree_mean,1
15,Ensaladilla Rusa,ensaladilla rusa,side,0.6541081307822781,0,entree_mean,21
15,Fanta Naranja botella 2L.,fanta naranja botella 2l.,drink,0.38616140455465037,0,entree_mean,3
15,Fideuá,fideuá,uncertain,0.75899615024819,0,entree_mean,2
15,Lasaña Boloñesa,lasaña boloñesa,entree,0.7025221842976385,0,entree_mean,1
15,Lasaña De Carrillada,lasaña de carrillada,entree,0.7587238538063007,0,entree_mean,1
15,Lasaña De Espinacas,lasaña de espinacas,entree,0.7008632717666045,0,entree_mean,1
15,Medio Pollo Y Patatas,medio pollo y patatas,entree,1.2598018660014807,0,entree_mean,7
15,Morro,morro,uncertain,0.6075451770607516,0,entree_mean,3
15,Oreja,oreja,uncertain,0.6081023434930787,0,entree_mean,5
15,Paella De Costillas,paella de costillas,entree,0.7021244442016666,0,entree_mean,4
15,Paella Valenciana,paella valenciana,entree,0.6988025544338938,0,entree_mean,12
15,Pan,pan,side,0.17519429812283135,0,entree_mean,18
15,Pasta A La Carbonara,pasta a la carbonara,entree,0.7000791425464385,0,entree_mean,1
15,Patatas Bravas,patatas bravas,side,0.6933483754963733,0,entree_mean,5
15,Patatas Grandes,patatas grandes,side,0.9344241741604759,0,entree_mean,5
15,Patatas Medianas,patatas medianas,side,0.5260156141329934,0,entree_mean,5
15,Pollo Asado,pollo asado,entree,1.5948834762893118,0,entree_mean,1
15,"Pollo Asado, Patatas Fritas y Ajoaceite","pollo asado, patatas fritas y ajoaceite",entree,2.1866295652148695,0,entree_mean,8
15,Pollo Con Patatas,pollo con patatas,entree,1.9851659548279843,0,entree_mean,4
15,Pollo Con Patatas Y Ajoaceite,pollo con patatas y ajoaceite,entree,2.2212227015223207,0,entree_mean,24
15,Pollo Entero,pollo entero,entree,1.6346346141772838,0,entree_mean,5
15,Salsa Ajoaceite,salsa ajoaceite,uncertain,0.34770471985177964,0,entree_mean,10
15,Salsa Ajoarriero,salsa ajoarriero,side,0.35029321284924264,0,entree_mean,2
15,Sepionet Plancha,sepionet plancha,uncertain,1.1292657409823115,0,entree_mean,1
15,Tarta De Kinder Bueno,tarta de kinder bueno,dessert,0.5258310348241454,0,entree_mean,2
15,Tarta De La Abuela,tarta de la abuela,dessert,0.5259566489664876,0,entree_mean,3
15,Tarta De Manzana,tarta de manzana,dessert,0.5233823363300845,0,entree_mean,2
15,Tarta De Queso Con Arándanos,tarta de queso con arándanos,dessert,0.5255041463650542,0,entree_mean,2
15,Tarta De Yema,tarta de yema,dessert,0.52567620214657,0,entree_mean,1
15,Tarta De Zanahoria,tarta de zanahoria,dessert,0.5280267111364435,0,entree_mean,1
15,Tarta Queso,tarta queso,dessert,0.5269674261911377,0,entree_mean,3
15,Trozo De Zarajos,trozo de zarajos,uncertain,0.18692365037453723,0,entree_mean,7
16,Agua (500 Ml.),agua (500 ml.),drink,0.16762530813475648,0,entree_mean,1
16,Alitas De Pollo (10 Uds.),alitas de pollo (10 uds.),appetizer,0.9778142974527538,0,entree_mean,8
16,Alitas De Pollo (4 Uds.),alitas de pollo (4 uds.),appetizer,0.41906327033689156,0,entree_mean,24
16,Aquarius Naranja lata 330ml.,aquarius naranja lata 330ml.,drink,0.22350041084634586,0,entree_mean,1
16,Boiled Rice,boiled rice,side,0.4470008216926817,0,entree_mean,6
16,Cheese Nan,cheese nan,side,0.447000821692689,0,entree_mean,6
16,Chicken Curry,chicken curry,entree,1.7460969597370517,0,entree_mean,1
16,Chicken Fillet Burger,chicken fillet burger,entree,0.6285949055053395,0,entree_mean,3
16,Chicken Madras,chicken madras,entree,1.7460969597370681,0,entree_mean,1
16,Chicken Rogan Josh,chicken rogan josh,entree,1.7460969597370641,0,entree_mean,1
16,Chicken Tandoori,chicken tandoori,entree,0.8660640920295793,0,entree_mean,3
16,Chicken Tikka,chicken tikka,entree,0.7263763352506172,0,entree_mean,2
16,Chicken Tikka Masala,chicken tikka masala,entree,1.746096959737061,0,entree_mean,1
16,Coca-Cola Sabor Original botella 500ml.,coca-cola sabor original botella 500ml.,drink,0.27937551355792817,0,entree_mean,1
16,Coca-Cola Sabor Original lata 330ml.,coca-cola sabor original lata 330ml.,entree,0.22350041084634348,0,entree_mean,1
16,Coca-Cola Zero Azúcar botella 500ml.,coca-cola zero azúcar botella 500ml.,drink,0.2793755135579286,0,entree_mean,5
16,Coca-Cola Zero Azúcar lata 330ml.,coca-cola zero azúcar lata 330ml.,entree,0.22350041084634337,0,entree_mean,2
16,Combo 1,combo 1,uncertain,0.9079704190632706,0,entree_mean,3
16,Combo 2,combo 2,uncertain,1.0476581758422248,0,entree_mean,47
16,Combo 3,combo 3,uncertain,1.0895645028759169,0,entree_mean,44
16,Combo 6,combo 6,uncertain,0.977814297452753,0,entree_mean,4
16,Combo Family 1,combo family 1,uncertain,2.37469186524239,0,entree_mean,2
16,Combo Family 2,combo family 2,uncertain,3.212818405916182,0,entree_mean,3
16,Combo Family 3,combo family 3,uncertain,3.631881676253088,0,entree_mean,4
16,Combo Family 4,combo family 4,uncertain,3.9112571898110016,0,entree_mean,2
16,Egg Fried Rice,egg fried rice,side,1.0476581758422292,0,entree_mean,1
16,Fanta Naranja lata 330ml.,fanta naranja lata 330ml.,entree,0.22350041084634265,0,entree_mean,4
16,Kulfi,kulfi,dessert,0.2793755135579281,0,entree_mean,5
16,Mango Lassi,mango lassi,drink,0.44700082169268635,0,entree_mean,4
16,Max Burger,max burger,entree,0.8381265406737869,0,entree_mean,3
16,Menú Infantil,menú infantil,uncertain,0.628594905505344,0,entree_mean,1
16,Menú Pollo (1 Persona),menú pollo (1 persona),uncertain,1.9556285949054963,0,entree_mean,2
16,Nan,nan,side,0.2793755135579288,0,entree_mean,5
16,Nuggets De Pollo (10 Uds.),nuggets de pollo (10 uds.),appetizer,0.83812654067379,0,entree_mean,1
16,Nuggets De Pollo (20 Uds.),nuggets de pollo (20 uds.),side,1.5365653245686053,0,entree_mean,1
16,Nuggets De Pollo (6 Uds.),nuggets de pollo (6 uds.),appetizer,0.5587510271158556,0,entree_mean,2
16,Onion Bhaji,onion bhaji,appetizer,0.44700082169268573,0,entree_mean,3
16,Pakora,pakora,appetizer,0.5866885784716497,0,entree_mean,3
16,Patatas Fritas,patatas fritas,side,0.3771569433032039,0,entree_mean,17
16,Patatas Grandes,patatas grandes,side,0.5866885784716505,0,entree_mean,3
16,Pollo Broaster (10 Pzs.),pollo broaster (10 pzs.),side,2.025472473294986,0,entree_mean,3
16,Pollo Broaster (2 Pzs.),pollo broaster (2 pzs.),entree,0.6285949055053388,0,entree_mean,4
16,Pollo Broaster (4 Pzs.),pollo broaster (4 pzs.),entree,0.9778142974527715,0,entree_mean,1
16,Pollo Broaster (6 Pzs.),pollo broaster (6 pzs.),entree,1.3689400164338497,0,entree_mean,3
16,Pollo Broaster (8 Pzs.),pollo broaster (8 pzs.),entree,1.704190632703356,0,entree_mean,2
16,Samosa,samosa,appetizer,0.44700082169268673,0,entree_mean,5
16,Sprite lata 330ml.,sprite lata 330ml.,drink,0.2235004108463429,0,entree_mean,2
16,Strip Burger,strip burger,entree,0.5587510271158563,0,entree_mean,1
16,Tiras De Pollo Crujiente (10 Uds.),tiras de pollo crujiente (10 uds.),side,1.187345932621197,0,entree_mean,6
16,Tiras De Pollo Crujiente (6 Uds.),tiras de pollo crujiente (6 uds.),appetizer,0.7682826622842994,0,entree_mean,33
16,Vegetables Biryani,vegetables biryani,entree,1.0476581758422303,0,entree_mean,5
17,Aloo Gobi,aloo gobi,uncertain,0.7297541225006183,0,entree_mean,2
17,Aquarius Limón lata 330ml.,aquarius limón lata 330ml.,entree,0.18435225008806247,0,entree_mean,3
17,Bombay Aloo,bombay aloo,side,0.6412381617865995,0,entree_mean,2
17,Butter Chicken,butter chicken,entree,1.1013039053320584,0,entree_mean,49
17,Butter Naan,butter naan,side,0.3239136016522694,0,entree_mean,13
17,C. Momo,c. momo,uncertain,0.7839314014773456,0,entree_mean,3
17,Channa Masala,channa masala,uncertain,0.691858919941706,0,entree_mean,9
17,Chapati,chapati,uncertain,0.23761967776613196,0,entree_mean,2
17,Cheese Naan,cheese naan,side,0.389033702076586,0,entree_mean,58
17,Chicken  Bhutan,chicken bhutan,uncertain,1.1086816346167219,0,entree_mean,1
17,Chicken Biryani,chicken biryani,entree,1.0161599695294348,0,entree_mean,2
17,Chicken Chilli Masala,chicken chilli masala,entree,1.1079617848385068,0,entree_mean,8
17,Chicken Pakora,chicken pakora,appetizer,0.5451172306779632,0,entree_mean,4
17,Chicken Tikka,chicken tikka,entree,1.0042262796550814,0,entree_mean,3
17,Chicken Tikka Chaat,chicken tikka chaat,appetizer,0.6923272048296034,0,entree_mean,1
17,Chicken Tikka Saslik,chicken tikka saslik,entree,1.0635766919019136,0,entree_mean,1
17,Chips,chips,side,0.26805487854112187,0,entree_mean,1
17,Choila Chicken,choila chicken,uncertain,0.6465794880094591,0,entree_mean,1
17,Choila Lamb,choila lamb,entree,0.7215316862392167,0,entree_mean,1
17,Cobra Indian Beer (330 Ml.),cobra indian beer (330 ml.),drink,0.27892188345088836,0,entree_mean,9
17,Coca-Cola Sabor Original lata 330ml.,coca-cola sabor original lata 330ml.,entree,0.2304654670441604,0,entree_mean,13
17,Coco Rice,coco rice,side,0.45236612512818636,0,entree_mean,5
17,Cordero Curry,cordero curry,entree,1.0937153968928344,0,entree_mean,2
17,Cordero Korma,cordero korma,entree,1.079282272366438,0,entree_mean,1
17,Cordero Madras,cordero madras,entree,1.0097315055920513,0,entree_mean,3
17,Cordero Tikka Balti,cordero tikka balti,entree,1.1010472793974406,0,entree_mean,2
17,Cordero Vindaloo,cordero vindaloo,entree,1.0729667368281612,0,entree_mean,2
17,Daal Soup,daal soup,appetizer,0.41940529050642655,0,entree_mean,6
17,Espinacas Con Queso Casero,espinacas con queso casero,side,0.8266607535584888,0,entree_mean,5
17,Garlic Naan,garlic naan,side,0.28634170483210225,0,entree_mean,84
17,Goan Chicken Curry,goan chicken curry,entree,1.1029087302275031,0,entree_mean,1
17,Goan Lamb Curry,goan lamb curry,entree,1.1935189759519926,0,entree_mean,3
17,Green Valy Chicken,green valy chicken,uncertain,0.9988162360059496,0,entree_mean,4
17,Green Valy  Lamb,green valy lamb,entree,1.13019391134768,0,entree_mean,1
17,Gulab Jamón (2 Bolas),gulab jamón (2 bolas),dessert,0.3230935295072764,0,entree_mean,4
17,Kasmiri Rice,kasmiri rice,entree,0.4468308332533402,0,entree_mean,1
17,Keema Naan,keema naan,uncertain,0.37671927155854357,0,entree_mean,2
17,Keema Rice,keema rice,side,0.46070242111358134,0,entree_mean,3
17,King Chicken Tikka Masala,king chicken tikka masala,entree,0.9744032922117964,0,entree_mean,87
17,King Lamb Tikka Masala,king lamb tikka masala,entree,1.1013084615349726,0,entree_mean,9
17,King Prawan Curry,king prawan curry,entree,1.0937161956021977,0,entree_mean,1
17,King Prawan Tikka Masala,king prawan tikka masala,entree,1.2040850085531052,0,entree_mean,2
17,King Prawn Biryani,king prawn biryani,entree,1.1911915816594396,0,entree_mean,1
17,Lamb Biryani,lamb biryani,entree,1.1050302613670686,0,entree_mean,3
17,Lamb Chop,lamb chop,entree,1.247453801828758,0,entree_mean,2
17,Lamb Lababdar,lamb lababdar,entree,1.14685524958984,0,entree_mean,2
17,Langostinos Balti,langostinos balti,entree,1.052530230077427,0,entree_mean,1
17,Langostinos Korma,langostinos korma,entree,1.0690692017670544,0,entree_mean,2
17,Langostinos Vindaloo,langostinos vindaloo,entree,1.058211046990231,0,entree_mean,1
17,Lemon Rice,lemon rice,side,0.4509265375206446,0,entree_mean,9
17,Malai Tikka,malai tikka,appetizer,0.6501304472914672,0,entree_mean,2
17,Mango Lassi (16 Oz.),mango lassi (16 oz.),drink,0.2770972484063059,0,entree_mean,7
17,Meat Samosa,meat samosa,appetizer,0.5471558359836215,0,entree_mean,6
17,Mix Raita,mix raita,side,0.41345381690808125,0,entree_mean,9
17,Mix Vegetable Curry,mix vegetable curry,entree,0.8247781535242967,0,entree_mean,17
17,Mix Vegetable Pakora,mix vegetable pakora,appetizer,0.4160079742099473,0,entree_mean,5
17,Momo,momo,uncertain,0.6930112390886234,0,entree_mean,2
17,Mushroom Rice,mushroom rice,side,0.4521998339363327,0,entree_mean,6
17,Mutter Paneer,mutter paneer,uncertain,0.7847192354299044,0,entree_mean,7
17,Nepalí Green Vally Chicken,nepalí green vally chicken,entree,1.0075166124476655,0,entree_mean,1
17,Nepalí Green Vally Lamb,nepalí green vally lamb,entree,1.1066004749311877,0,entree_mean,1
17,Nepalí Lamb Sekuwa,nepalí lamb sekuwa,entree,1.3733510621488418,0,entree_mean,3
17,Onion Bhaji,onion bhaji,appetizer,0.4148852171189017,0,entree_mean,13
17,Onion Naan,onion naan,side,0.3615806421935441,0,entree_mean,3
17,Pahari Tikka Chicken,pahari tikka chicken,entree,1.1064358946780302,0,entree_mean,3
17,Paneer Chilli,paneer chilli,entree,1.0070000864058493,0,entree_mean,4
17,Panner Pakora,panner pakora,appetizer,0.49893460382542826,0,entree_mean,1
17,Pathia Lamb,pathia lamb,entree,1.1179547775196614,0,entree_mean,2
17,Peswari Naan,peswari naan,side,0.37063519606599227,0,entree_mean,10
17,Pilau Rice,pilau rice,side,0.4156874941957296,0,entree_mean,27
17,Plain Naan,plain naan,side,0.24920757377641609,0,entree_mean,69
17,Plain Papadom,plain papadom,side,0.16545910616688264,0,entree_mean,12
17,Plain Rice,plain rice,side,0.35942937199549335,0,entree_mean,70
17,Pollo Curry,pollo curry,entree,1.001864116994608,0,entree_mean,21
17,Pollo Dopiaza,pollo dopiaza,entree,0.9025785598573394,0,entree_mean,1
17,Pollo Jalfrezi,pollo jalfrezi,entree,0.9173720489137684,0,entree_mean,10
17,Pollo Korma,pollo korma,uncertain,0.9241582952768991,0,entree_mean,24
17,Pollo Madras,pollo madras,entree,0.9148689679157732,0,entree_mean,1
17,Pollo Mango,pollo mango,uncertain,1.0074941790709975,0,entree_mean,1
17,Pollo Roganjosh,pollo roganjosh,uncertain,1.0132218610083152,0,entree_mean,1
17,Pollo Saag,pollo saag,uncertain,0.9192633356028131,0,entree_mean,1
17,Pollo Tikka Karahi,pollo tikka karahi,entree,1.0074941790709988,0,entree_mean,1
17,Pollo Tikka Madras,pollo tikka madras,entree,0.9235538911678773,0,entree_mean,4
17,Pollo Tikka Vindaloo,pollo tikka vindaloo,entree,0.969880587351701,0,entree_mean,1
17,Pollo Vindaloo,pollo vindaloo,entree,0.9103048293129572,0,entree_mean,6
17,Prawn Pakora,prawn pakora,appetizer,0.7861347765880009,0,entree_mean,2
17,Queso Casero,queso casero,appetizer,0.9302306157051032,0,entree_mean,1
17,Royal Buddha Special Biryani,royal buddha special biryani,uncertain,1.3738713250645438,0,entree_mean,2
17,Saag Aloo,saag aloo,entree,0.7223624488866454,0,entree_mean,2
17,Samosa Chaat,samosa chaat,appetizer,0.6538399020076704,0,entree_mean,2
17,Sheekh Kebab,sheekh kebab,entree,0.908562033011289,0,entree_mean,7
17,Special Mix Grill,special mix grill,entree,1.4404143655344968,0,entree_mean,3
17,Spicy Achari Chicken,spicy achari chicken,uncertain,1.1087231189826119,0,entree_mean,3
17,Spicy Achari Lamb,spicy achari lamb,entree,1.3079322928356163,0,entree_mean,1
17,Swadilo Chicken,swadilo chicken,uncertain,1.154736794359574,0,entree_mean,1
17,Sweet Lassi (16 Oz.),sweet lassi (16 oz.),drink,0.2313124536549242,0,entree_mean,1
17,Tandoori Chicken,tandoori chicken,entree,0.8600480568786435,0,entree_mean,17
17,Tomato Soup,tomato soup,appetizer,0.4638481358042986,0,entree_mean,3
17,Turka Daal,turka daal,uncertain,0.7352895092265596,0,entree_mean,3
17,Vegetable Biryani,vegetable biryani,entree,0.9800642557017236,0,entree_mean,2
17,Vegetable Rice,vegetable rice,uncertain,0.45405890914803504,0,entree_mean,9
17,Vegetable Samosa,vegetable samosa,appetizer,0.45486921110454887,0,entree_mean,19
17,Vegetable Soup,vegetable soup,appetizer,0.45938019933487806,0,entree_mean,5
17,Verduras Karahi,verduras karahi,uncertain,0.7853648778790279,0,entree_mean,3
17,Verduras Korma,verduras korma,entree,0.7854342972432566,0,entree_mean,4
18,"Brownie De Chocolate, Galleta Lotus Y Dulce De Leche","brownie de chocolate, galleta lotus y dulce de leche",dessert,1.0,1,component_mean,1
18,Cerveza Sin Gluten (33 Cl.),cerveza sin gluten (33 cl.),drink,0.20271416099662892,0,entree_mean,2
18,Coca-Cola (330 Ml.),coca-cola (330 ml.),drink,0.1351687852932814,0,entree_mean,2
18,Coca-Cola Zero (330 Ml.),coca-cola zero (330 ml.),drink,0.13498305192366553,0,entree_mean,6
18,Croquetas,croquetas,appetizer,0.6068451312052633,0,entree_mean,1
18,Fanta Limón (330 Ml.),fanta limón (330 ml.),drink,0.13470898521212868,0,entree_mean,1
18,GRINGA,gringa,unclassified,1.0786995732159,0,entree_mean,1
18,Nachos,nachos,appetizer,0.8139605954097724,0,entree_mean,2
18,Pizza 4 quesos,pizza 4 quesos,entree,0.9038879226191093,0,entree_mean,30
18,Pizza All Smoke,pizza all smoke,entree,1.0801816070059578,0,entree_mean,2
18,Pizza Cotto,pizza cotto,entree,0.811429681915368,0,entree_mean,63
18,Pizza La PinChe Wey,pizza la pinche wey,entree,1.0796299591049248,0,entree_mean,4
18,Pizza Margarita,pizza margarita,uncertain,0.6792637302476935,0,entree_mean,14
18,Pizza More Cheese Bacon,pizza more cheese bacon,entree,1.0806403930573323,0,entree_mean,2
18,Pizza Morro Fino dry Aged,pizza morro fino dry aged,entree,1.0798599547034098,0,entree_mean,7
18,Pizza Pulled Pork,pizza pulled pork,entree,1.07460522308864,0,entree_mean,1
18,Pizza Utopic Dry Aged,pizza utopic dry aged,entree,1.0799508903963733,0,entree_mean,71
18,Provolone Con Pulled Pork Y Bbq,provolone con pulled pork y bbq,entree,0.8098143681088853,0,entree_mean,2
18,Tarta de Horchata y fartons,tarta de horchata y fartons,dessert,0.47192110100529794,0,entree_mean,1
18,Tarta De Queso Y Dulce De Leche,tarta de queso y dulce de leche,dessert,0.47262710532744456,0,entree_mean,3
18,Tarta Oreo,tarta oreo,dessert,0.47255370345296976,0,entree_mean,2
18,Tequeños a la pizza,tequeños a la pizza,appetizer,0.8100920630622328,0,entree_mean,2
18,Tequeños Tradicionales Con Mayonesa De Pesto Rojo (6 Uds.),tequeños tradicionales con mayonesa de pesto rojo (6 uds.),appetizer,0.6063447523380662,0,entree_mean,5
18,UTOPIC FRIES,utopic fries,side,0.6746520691436273,0,entree_mean,2
19,Agua (1.5 Lt.),agua (1.5 lt.),drink,0.38176348772879487,0,entree_mean,1
19,Agua (500 Ml.),agua (500 ml.),drink,0.34703128835933933,0,entree_mean,2
19,Aquarius Limón lata 330ml.,aquarius limón lata 330ml.,entree,0.38014407984376863,0,entree_mean,4
19,Aquarius Naranja lata 330ml.,aquarius naranja lata 330ml.,entree,0.38169196133893574,0,entree_mean,2
19,Arroz Al Horno,arroz al horno,side,1.2054908935975912,0,entree_mean,44
19,Arroz caldoso con acelgas,arroz caldoso con acelgas,entree,1.1341655922792324,0,entree_mean,11
19,Arroz De Bacalao Y Coliflor,arroz de bacalao y coliflor,entree,1.12784589804286,0,entree_mean,2
19,Arroz De Sepia Y Calabaza,arroz de sepia y calabaza,side,1.2067927616827274,0,entree_mean,2
19,Arroz del Senyoret,arroz del senyoret,entree,1.2061485474552982,0,entree_mean,3
19,Berenjena Rellena Gratinada,berenjena rellena gratinada,entree,1.206501842440285,0,entree_mean,9
19,Carrot Cake,carrot cake,dessert,1.032370638546633,0,entree_mean,2
19,Cerveza Amstel (330 Ml.),cerveza amstel (330 ml.),drink,0.3818985576877411,0,entree_mean,3
19,Cerveza Radler (330 Ml.),cerveza radler (330 ml.),drink,0.3820537387510415,0,entree_mean,4
19,Coca-Cola Sabor Original lata 330ml.,coca-cola sabor original lata 330ml.,entree,0.3818942368846938,0,entree_mean,7
19,Coca-Cola Zero Azúcar lata 330ml.,coca-cola zero azúcar lata 330ml.,entree,0.3818488627068439,0,entree_mean,4
19,Croquetas De Bacalao (4 uds.),croquetas de bacalao (4 uds.),appetizer,1.3886756614074516,0,entree_mean,5
19,Croquetas De Bogavante (4 Uds.),croquetas de bogavante (4 uds.),appetizer,1.3885296478773639,0,entree_mean,7
19,Croquetas De Boletus (4 uds.),croquetas de boletus (4 uds.),appetizer,1.2147112936144386,0,entree_mean,14
19,Croquetas De Carrillera De Ternera (4 Uds.),croquetas de carrillera de ternera (4 uds.),appetizer,1.2136761297879293,0,entree_mean,19
19,Croquetas De Jamón (4 uds.),croquetas de jamón (4 uds.),appetizer,1.3876465060049041,0,entree_mean,18
19,Croquetas De Pollo (4 Uds.),croquetas de pollo (4 uds.),appetizer,1.3876041721618542,0,entree_mean,19
19,Ensalada César,ensalada césar,appetizer,1.0846359364123659,0,entree_mean,12
19,Ensalada De Pollo Y Manzana,ensalada de pollo y manzana,side,1.0846141766610575,0,entree_mean,3
19,Ensalada Valenciana,ensalada valenciana,side,1.0843548459460501,0,entree_mean,18
19,Ensaladilla Rusa,ensaladilla rusa,side,1.0325149886520761,0,entree_mean,11
19,Espaguetis Carbonara,espaguetis carbonara,entree,1.1191792637521965,0,entree_mean,4
19,Espaguetis con Crema de Champiñones y Espinacas,espaguetis con crema de champiñones y espinacas,entree,1.119471078392601,0,entree_mean,4
19,Fanta Naranja lata 330ml.,fanta naranja lata 330ml.,entree,0.3817202914167105,0,entree_mean,2
19,Fideuá,fideuá,uncertain,1.2051059386029832,0,entree_mean,11
19,Gazpacho Manchego,gazpacho manchego,entree,1.379058031063327,0,entree_mean,20
19,Gnocchi Tomate y Mozzarella,gnocchi tomate y mozzarella,entree,1.20691540556333,0,entree_mean,8
19,Lasaña,lasaña,entree,1.2064098740378428,0,entree_mean,9
19,Lentejas con chorizo,lentejas con chorizo,entree,1.2066578681903894,0,entree_mean,5
19,Libritos De Pollo Rellenos,libritos de pollo rellenos,appetizer,1.2065978318778465,0,entree_mean,11
19,Menú Campesino,menú campesino,uncertain,2.7686335368098187,0,entree_mean,8
19,Menú De La Huerta (vegetariano),menú de la huerta (vegetariano),uncertain,2.767799765978117,0,entree_mean,3
19,Menú Granjero,menú granjero,uncertain,3.4634367378820174,0,entree_mean,2
19,Muerte Por Chocolate,muerte por chocolate,dessert,1.0324732876829257,0,entree_mean,2
19,Paella De Verduras,paella de verduras,entree,1.0672493135810996,0,entree_mean,16
19,Paella Valenciana,paella valenciana,entree,1.084608541629959,0,entree_mean,80
19,Patatas bravas,patatas bravas,side,1.032667865382687,0,entree_mean,28
19,Pincho De Tortilla,pincho de tortilla,appetizer,0.43386647725010136,0,entree_mean,15
19,Pizza Casera De Verduras (Porción),pizza casera de verduras (porción),entree,0.5118492558846989,0,entree_mean,3
19,Pollo Al Curry,pollo al curry,entree,1.3798672000182504,0,entree_mean,44
19,Pollo al Horno,pollo al horno,entree,1.2064941323556078,0,entree_mean,7
19,Potaje De Garbanzos,potaje de garbanzos,entree,1.377379161897287,0,entree_mean,6
19,Solomillo con crema de Champiñones,solomillo con crema de champiñones,entree,1.5528995612247836,0,entree_mean,10
19,Tarta De Queso La Viña,tarta de queso la viña,dessert,1.0324806740965182,0,entree_mean,5
19,Tiramisú,tiramisú,dessert,1.0329436598688873,0,entree_mean,11
19,Verduras en Tempura,verduras en tempura,side,1.0329656595081542,0,entree_mean,3
20,01  Arroz blanco pollo con almendras,01 arroz blanco pollo con almendras,side,0.9295357061581604,0,entree_mean,30
20,02 Arroz blanco y pollo al curry,02 arroz blanco y pollo al curry,uncertain,0.9293410524502207,0,entree_mean,15
20,03 Arroz blanco con pollo picante,03 arroz blanco con pollo picante,entree,0.9285365766829181,0,entree_mean,5
20,04 Arroz blanco con ternera con pimiento,04 arroz blanco con ternera con pimiento,entree,0.9286792467714706,0,entree_mean,14
20,05 Arroz blanco con ternera picante,05 arroz blanco con ternera picante,side,0.927778874304831,0,entree_mean,17
20,06 Arroz blanco con costilla de cerdo,06 arroz blanco con costilla de cerdo,entree,0.93195857392296,0,entree_mean,4
20,07 Tira de carne agridulce con arroz,07 tira de carne agridulce con arroz,entree,0.9389129311039114,0,entree_mean,2
20,08 Arroz blanco berenjena picante,08 arroz blanco berenjena picante,side,0.9269238337949613,0,entree_mean,5
20,"09 Tres aromas de la tierra (berenjena, patatas, pimiento) y arroz","09 tres aromas de la tierra (berenjena, patatas, pimiento) y arroz",entree,0.927983723213118,0,entree_mean,2
20,1 Rollito de primavera,1 rollito de primavera,appetizer,0.21225218096848386,0,entree_mean,266
20,10 Arroz con ternera,10 arroz con ternera,entree,0.7950326233028341,0,entree_mean,17
20,11 Arroz con pollo,11 arroz con pollo,entree,0.7948968505347994,0,entree_mean,6
20,12 Arroz tres delicias,12 arroz tres delicias,side,0.6635866883386983,0,entree_mean,176
20,13 Arroz chaolafan,13 arroz chaolafan,entree,0.8624873402396798,0,entree_mean,134
20,14 Verdura con tallarines,14 verdura con tallarines,entree,0.6620841350923761,0,entree_mean,11
20,15 Tallarines con ternera,15 tallarines con ternera,entree,0.7972227813542211,0,entree_mean,42
20,16 Tallarines con pollo,16 tallarines con pollo,entree,0.7972855166831438,0,entree_mean,49
20,17 Tallarines con gambas,17 tallarines con gambas,entree,0.8617584887179746,0,entree_mean,41
20,18 Fideo chinos con ternera,18 fideo chinos con ternera,entree,0.7953467080650978,0,entree_mean,47
20,19 Fideo chinos con pollo,19 fideo chinos con pollo,entree,0.7958875990002272,0,entree_mean,24
20,2 Ensalada,2 ensalada,side,0.5967506367589184,0,entree_mean,22
20,20 Fideo chino con gambas,20 fideo chino con gambas,entree,0.7958215360427582,0,entree_mean,36
20,201 Pan chino,201 pan chino,side,0.1988045131254055,0,entree_mean,38
20,202 Empanadillas a la plancha,202 empanadillas a la plancha,appetizer,0.7784789800490011,0,entree_mean,71
20,203 Arroz con gambas,203 arroz con gambas,side,0.7952576546585021,0,entree_mean,15
20,204 Costillas agridulce,204 costillas agridulce,entree,0.9937433914723506,0,entree_mean,14
20,205 Arroz blanco,205 arroz blanco,side,0.19910984207531768,0,entree_mean,25
20,206 Gambas agridulce,206 gambas agridulce,entree,1.2641956294722136,0,entree_mean,7
20,207 Pato peijing,207 pato peijing,entree,1.5274866238894909,0,entree_mean,41
20,208 Verduras variadas,208 verduras variadas,side,0.8062346728860371,0,entree_mean,2
20,21 Tofu japonés,21 tofu japonés,appetizer,0.9279375591899749,0,entree_mean,8
20,22 Tofu picante,22 tofu picante,uncertain,0.7991724814855811,0,entree_mean,9
20,23 Costilla de la casa,23 costilla de la casa,entree,0.9967896537193457,0,entree_mean,16
20,24 Costilla con sal y pimienta,24 costilla con sal y pimienta,entree,0.9952369286376918,0,entree_mean,37
20,25 Cerdo agridulce,25 cerdo agridulce,entree,0.8619617255827129,0,entree_mean,52
20,26 Tira de carne agripicante,26 tira de carne agripicante,entree,0.8608134195222937,0,entree_mean,5
20,27 Berenjena salteada (picante),27 berenjena salteada (picante),side,0.8660129250513362,0,entree_mean,6
20,28 Berenjena de la casa,28 berenjena de la casa,side,0.8640646416904981,0,entree_mean,13
20,29 Pato asado 1/4,29 pato asado 1/4,entree,0.968801550769795,0,entree_mean,15
20,3 Sopa de maíz y pollo,3 sopa de maíz y pollo,appetizer,0.5301276192143032,0,entree_mean,22
20,30 Pato con bambú,30 pato con bambú,uncertain,1.1261273295669056,0,entree_mean,7
20,301. 1/4 Pollo Asado Con Arroz De La Casa,301. 1/4 pollo asado con arroz de la casa,entree,1.3269148800516073,0,entree_mean,3
20,302. 1/2 Pollo Asado Con Arroz De La Casa,302. 1/2 pollo asado con arroz de la casa,entree,1.9871347179955117,0,entree_mean,3
20,303. Pollo Asado Entero,303. pollo asado entero,entree,1.9873088835536368,0,entree_mean,2
20,304. Chaulafan Grande,304. chaulafan grande,entree,1.3278963067010925,0,entree_mean,4
20,31 Langostino frito,31 langostino frito,appetizer,1.3956981509798256,0,entree_mean,15
20,32 Gambas con bambú y seta,32 gambas con bambú y seta,side,1.3916489794528186,0,entree_mean,4
20,33 Ternera con pimiento,33 ternera con pimiento,entree,0.9955998657900346,0,entree_mean,12
20,34 Ternera picante,34 ternera picante,entree,0.9961476787993692,0,entree_mean,24
20,35 Ternera a la plancha,35 ternera a la plancha,entree,0.995798392685003,0,entree_mean,8
20,36 Ternera con salsa de ostra,36 ternera con salsa de ostra,entree,0.9946365637680555,0,entree_mean,35
20,37 Ternera con bambú y seta china,37 ternera con bambú y seta china,entree,0.9943065600663821,0,entree_mean,38
20,38 Pollo con almendras,38 pollo con almendras,entree,0.8620672635315284,0,entree_mean,83
20,39 Pollo picante,39 pollo picante,entree,0.8627645384367426,0,entree_mean,15
20,4 Sopa de pollo con champiñón,4 sopa de pollo con champiñón,unclassified,0.5302618937945687,0,entree_mean,9
20,40 Pollo con bambú y seta,40 pollo con bambú y seta,entree,0.8613036320392484,0,entree_mean,16
20,41 Pollo al curry,41 pollo al curry,entree,0.8625595520574217,0,entree_mean,15
20,42 Pollo al limón,42 pollo al limón,entree,0.8626376107309851,0,entree_mean,194
20,43 Bolas de pollo,43 bolas de pollo,appetizer,0.8629057964430153,0,entree_mean,35
20,5 Sopa de agripicante,5 sopa de agripicante,appetizer,0.5297861660762305,0,entree_mean,10
20,6 Pan de gambas,6 pan de gambas,appetizer,0.4641244049500092,0,entree_mean,46
20,7 Patatas fritas,7 patatas fritas,side,0.5302472020754391,0,entree_mean,26
20,8 Wanton frito,8 wanton frito,appetizer,0.5308172408935818,0,entree_mean,30
20,9 Arroz con verdura,9 arroz con verdura,side,0.5979981723359244,0,entree_mean,22
20,Agua Grande,agua grande,drink,0.3137471138329237,0,entree_mean,12
20,Agua Lanjarón,agua lanjarón,drink,0.2672873176950426,0,entree_mean,3
20,Aquarius Naranja,aquarius naranja,drink,0.2657009661023284,0,entree_mean,2
20,Cerveza Amstel,cerveza amstel,drink,0.19875544568006137,0,entree_mean,5
20,Cerveza Amstel Radler Limón,cerveza amstel radler limón,drink,0.2422413235660435,0,entree_mean,3
20,Cerveza china TSINGTAO,cerveza china tsingtao,drink,0.31353497207353903,0,entree_mean,4
20,Cerveza Heineken,cerveza heineken,drink,0.3305774885429097,0,entree_mean,3
20,Coca-Cola,coca-cola,drink,0.2654408036696455,0,entree_mean,27
20,Coca-Cola Zero,coca-cola zero,drink,0.26516118227764957,0,entree_mean,20
20,Fanta Limón,fanta limón,drink,0.26492350095006867,0,entree_mean,1
20,Fanta Naranja,fanta naranja,drink,0.2713855962675134,0,entree_mean,1
20,Menú para 2 personas,menú para 2 personas,uncertain,2.901341195063374,0,entree_mean,16
20,Menú para 3 personas,menú para 3 personas,uncertain,4.379879618080764,0,entree_mean,5
20,Menú para 4 personas,menú para 4 personas,uncertain,5.828068660717305,0,entree_mean,3
20,N55 Pan chino,n55 pan chino,side,0.21199666484331134,0,entree_mean,21
20,N56 Arroz blanco,n56 arroz blanco,side,0.21298460952076956,0,entree_mean,9
20,Nestea Limón,nestea limón,drink,0.2649877724347992,0,entree_mean,5
20,Red Bull,red bull,drink,0.3964048009718519,0,entree_mean,1
21,Alitas De Pollo,alitas de pollo,appetizer,1.0187774670395495,0,entree_mean,5
21,Alitas De Pollo Con Patatas Y Bebida (330 Ml.),alitas de pollo con patatas y bebida (330 ml.),entree,1.5825009988014405,0,entree_mean,7
21,Aquarius Limón lata 330ml.,aquarius limón lata 330ml.,entree,0.4075109868158185,0,entree_mean,2
21,Aquarius Naranja lata 330ml.,aquarius naranja lata 330ml.,entree,0.4075109868158209,0,entree_mean,2
21,Aros De Cebolla,aros de cebolla,side,0.792382474364095,0,entree_mean,16
21,Aros De Cebolla Con Patatas Y Bebida (330 Ml.),aros de cebolla con patatas y bebida (330 ml.),side,1.2451724597149942,0,entree_mean,1
21,Calamares,calamares,appetizer,0.9055799707018224,0,entree_mean,3
21,Calamares Con Patatas Y Bebida (330 Ml.),calamares con patatas y bebida (330 ml.),drink,1.3561060061259789,0,entree_mean,1
21,Cerveza Amstel (1 Lt.),cerveza amstel (1 lt.),drink,0.588626980956185,0,entree_mean,3
21,Cerveza Amstel (330 Ml.),cerveza amstel (330 ml.),drink,0.33959248901318534,0,entree_mean,11
21,Coca-Cola Sabor Original botella 2L.,coca-cola sabor original botella 2l.,drink,0.6112664802237333,0,entree_mean,16
21,Coca-Cola Sabor Original lata 330ml.,coca-cola sabor original lata 330ml.,entree,0.36223198828072883,0,entree_mean,17
21,Coca-Cola Zero Azúcar lata 330ml.,coca-cola zero azúcar lata 330ml.,entree,0.36223198828072967,0,entree_mean,6
21,Croquetas,croquetas,appetizer,0.9055799707018254,0,entree_mean,7
21,Croquetas Con Patatas Y Bebida (330 Ml.),croquetas con patatas y bebida (330 ml.),appetizer,1.2451724597150018,0,entree_mean,4
21,Ensalada De Carne Mixta,ensalada de carne mixta,side,0.905579970701839,0,entree_mean,1
21,Falafel,falafel,appetizer,1.0187774670395493,0,entree_mean,7
21,Falafel Con Patatas Y Bebida (330 Ml.),falafel con patatas y bebida (330 ml.),unclassified,1.4715674523904643,0,entree_mean,3
21,Fanta Naranja botella 2L.,fanta naranja botella 2l.,drink,0.5886269809561844,0,entree_mean,5
21,Fanta Naranja lata 330ml.,fanta naranja lata 330ml.,entree,0.33959248901318273,0,entree_mean,3
21,Hamburguesa Con Patatas Y Bebida (330 Ml.),hamburguesa con patatas y bebida (330 ml.),entree,1.358369956052747,0,entree_mean,1
21,Kebab O Rollo Con Patatas Dentro,kebab o rollo con patatas dentro,entree,1.245172459715013,0,entree_mean,7
21,Kebab O Rollo Con Queso,kebab o rollo con queso,appetizer,1.1319749633772778,0,entree_mean,19
21,Kebab O Rollo Doble Carne,kebab o rollo doble carne,entree,1.4715674523904605,0,entree_mean,5
21,Kebab O Rollo Falafel,kebab o rollo falafel,appetizer,1.0187774670395537,0,entree_mean,1
21,Kebab O Rollo Mixto,kebab o rollo mixto,uncertain,1.0187774670395529,0,entree_mean,56
21,Kebab O Rollo Pollo,kebab o rollo pollo,entree,1.018777467039549,0,entree_mean,20
21,Kebab O Rollo Solo Carne,kebab o rollo solo carne,entree,1.2451724597150091,0,entree_mean,40
21,Kebab O Rollo Solo Carne Con Queso,kebab o rollo solo carne con queso,entree,1.3583699560527385,0,entree_mean,26
21,Kebab O Rollo Ternera,kebab o rollo ternera,uncertain,1.01877746703955,0,entree_mean,12
21,Menú 1,menú 1,uncertain,1.2451724597150067,0,entree_mean,4
21,Menú 10,menú 10,uncertain,1.3583699560527402,0,entree_mean,1
21,Menú 2 (Grande),menú 2 (grande),uncertain,1.9243574377413768,0,entree_mean,47
21,Menú 2 (Pequeño),menú 2 (pequeño),uncertain,1.5825009988014331,0,entree_mean,19
21,Menú 3,menú 3,uncertain,2.9408709548541645,0,entree_mean,50
21,Menú 4,menú 4,uncertain,3.7355173791450125,0,entree_mean,10
21,Menú 5,menú 5,uncertain,4.754294846184511,0,entree_mean,1
21,Menú 7,menú 7,uncertain,3.735517379145002,0,entree_mean,7
21,Menú 8,menú 8,uncertain,4.980689838860018,0,entree_mean,1
21,Menú 9,menú 9,uncertain,1.4715674523904663,0,entree_mean,2
21,Menú Estudiante,menú estudiante,uncertain,1.3583699560527354,0,entree_mean,23
21,Menú Oferta,menú oferta,uncertain,4.7520308962578115,0,entree_mean,4
21,Monster Energy Original lata 500ml.,monster energy original lata 500ml.,drink,0.4980689838860019,0,entree_mean,23
21,Nestea Té Negro Limón lata 330ml.,nestea té negro limón lata 330ml.,entree,0.4075109868158206,0,entree_mean,3
21,Nuggets De Pollo,nuggets de pollo,appetizer,0.9055799707018252,0,entree_mean,8
21,Nuggets De Pollo Con Patatas Y Bebida (330 Ml.),nuggets de pollo con patatas y bebida (330 ml.),uncertain,1.358369956052733,0,entree_mean,3
21,Patata Con Queso Al Horno,patata con queso al horno,side,1.0187774670395484,0,entree_mean,11
21,Patatas Bravas,patatas bravas,side,0.7923824743640939,0,entree_mean,20
21,Patatas Con Carne,patatas con carne,side,1.1319749633772787,0,entree_mean,35
21,Patatas Con Queso Y Pollo Al Horno,patatas con queso y pollo al horno,side,1.2451724597150102,0,entree_mean,17
21,Patatas Fritas,patatas fritas,side,0.5659874816886399,0,entree_mean,32
21,Pizza Barbacoa,pizza barbacoa,entree,1.3583699560527318,0,entree_mean,3
21,Pizza Carbonara,pizza carbonara,entree,1.3583699560527311,0,entree_mean,3
21,Pizza Diavola,pizza diavola,entree,1.358369956052747,0,entree_mean,1
21,Pizza Hawái,pizza hawái,uncertain,1.3583699560527445,0,entree_mean,1
21,Pizza Kebab,pizza kebab,entree,1.3583699560527305,0,entree_mean,3
21,Pizza La Sesta,pizza la sesta,uncertain,1.3583699560527385,0,entree_mean,1
21,Pizza Margarita,pizza margarita,uncertain,1.358369956052742,0,entree_mean,6
21,Plato Combinado,plato combinado,uncertain,1.697962445065919,0,entree_mean,11
21,Red Bull (250 Ml.),red bull (250 ml.),drink,0.5207084831535471,0,entree_mean,2
22,1. Sopa De Pollo Con Champiñones,1. sopa de pollo con champiñones,appetizer,0.47169227897631766,0,entree_mean,12
22,100. Verduras Salteadas,100. verduras salteadas,side,0.9486088749231092,0,entree_mean,1
22,11. Rollo De Primavera,11. rollo de primavera,appetizer,0.23489514444028003,0,entree_mean,116
22,12. Won Ton Frito,12. won ton frito,appetizer,0.5220591203864481,0,entree_mean,8
22,15. Pan De China,15. pan de china,side,0.3132408395995941,0,entree_mean,24
22,16. Arroz Frito Tres Delicias,16. arroz frito tres delicias,side,0.646406215321113,0,entree_mean,123
22,17. Arroz Frito Con Gambas,17. arroz frito con gambas,entree,0.7917351827842631,0,entree_mean,8
22,18. Ku Bac Tres Delicias,18. ku bac tres delicias,uncertain,1.2080623178514134,0,entree_mean,4
22,19. Ku Bac De Pollo,19. ku bac de pollo,entree,1.0802474156365545,0,entree_mean,4
22,2. Sopa De Aleta De Tiburón,2. sopa de aleta de tiburón,uncertain,0.4762250703602582,0,entree_mean,9
22,20. Tallarines Fritos,20. tallarines fritos,side,0.6151484952629672,0,entree_mean,6
22,21. Tallarines Tres Delicias,21. tallarines tres delicias,entree,0.8227857757459088,0,entree_mean,3
22,22. Tallarines Con Ternera,22. tallarines con ternera,entree,0.8022205860580093,0,entree_mean,36
22,24. Mi Fan Fideos De Arroz Tres Delicias,24. mi fan fideos de arroz tres delicias,entree,0.8459266176501894,0,entree_mean,14
22,25. Mi Fan Fideos De Arroz Con Ternera,25. mi fan fideos de arroz con ternera,uncertain,0.850023126003752,0,entree_mean,17
22,27. Ternera Con Salsa Shan Cha,27. ternera con salsa shan cha,entree,1.179114580832091,0,entree_mean,4
22,28. New Pien Ternera Con Mantequilla,28. new pien ternera con mantequilla,entree,1.236912191828386,0,entree_mean,2
22,30. Ternera Con Setas Y Bambú,30. ternera con setas y bambú,entree,1.1094496241186536,0,entree_mean,20
22,31. Ternera Con Salsa De Ostras,31. ternera con salsa de ostras,entree,1.0722547180284685,0,entree_mean,20
22,32. Ternera Con Champiñones,32. ternera con champiñones,entree,1.1131843093052636,0,entree_mean,5
22,36. Ternera Con Cebolla,36. ternera con cebolla,entree,1.003355172125888,0,entree_mean,5
22,37. Ternera Con Pimiento,37. ternera con pimiento,entree,1.1156183833338138,0,entree_mean,1
22,38. Chop Suey De Ternera,38. chop suey de ternera,entree,0.9974292532972326,0,entree_mean,1
22,39. Ternera Con Salsa Curry,39. ternera con salsa curry,entree,1.1116863066244602,0,entree_mean,2
22,4. Sopa De Marisco,4. sopa de marisco,uncertain,0.6315504083205634,0,entree_mean,2
22,40. Ternera Con Salsa Picante,40. ternera con salsa picante,entree,1.110778829707919,0,entree_mean,8
22,41. Cerdo Con Salsa Agridulce,41. cerdo con salsa agridulce,entree,0.9176465340839229,0,entree_mean,29
22,42. Lomo Asado (Babi Pangan),42. lomo asado (babi pangan),entree,1.4366596447248456,0,entree_mean,1
22,5. Sopa De Beijing Palace,5. sopa de beijing palace,appetizer,0.4704744141750273,0,entree_mean,3
22,56. Pollo Con Salsa Shan Cha,56. pollo con salsa shan cha,entree,1.044206862817271,0,entree_mean,2
22,59. Pollo Con Almendras,59. pollo con almendras,uncertain,0.9982627603029824,0,entree_mean,44
22,6. Sopa De Maíz Con Cangrejo,6. sopa de maíz con cangrejo,uncertain,0.46977334426430994,0,entree_mean,2
22,61. Pollo Con Setas Y Bambú,61. pollo con setas y bambú,entree,1.0015777277618925,0,entree_mean,6
22,62. Pollo Con Champiñones,62. pollo con champiñones,entree,0.9863757890323943,0,entree_mean,2
22,67. Chop Suey De Pollo,67. chop suey de pollo,entree,0.9497202876188297,0,entree_mean,3
22,69. Pollo Con Salsa De Limón,69. pollo con salsa de limón,entree,1.0925193501302324,0,entree_mean,94
22,7. Sopa Agripicante,7. sopa agripicante,appetizer,0.4723615599423465,0,entree_mean,2
22,70. Bolas De Pollo,70. bolas de pollo,appetizer,0.9585688553949083,0,entree_mean,27
22,71. Pollo Con Salsa Curry,71. pollo con salsa curry,entree,1.0498192869576508,0,entree_mean,2
22,72. Pollo Con Salsa Picante,72. pollo con salsa picante,entree,1.0148966427600143,0,entree_mean,5
22,73. Pato Con Piña,73. pato con piña,entree,1.5946439314261367,0,entree_mean,1
22,74. Pato Al Horno,74. pato al horno,entree,1.4169735033615907,0,entree_mean,10
22,76. Gambas A La Plancha,76. gambas a la plancha,appetizer,1.3976714454959414,0,entree_mean,2
22,79. Gambas Con Setas Y Bambú,79. gambas con setas y bambú,uncertain,1.2498664939275255,0,entree_mean,2
22,8. Ensalada China,8. ensalada china,appetizer,0.5222329084284729,0,entree_mean,22
22,80. Gambas Con Champiñones,80. gambas con champiñones,entree,1.2702170602173966,0,entree_mean,1
22,83. Chop Suey De Gambas,83. chop suey de gambas,uncertain,1.2417728325594326,0,entree_mean,1
22,86. Gambas Con Salsa Picante,86. gambas con salsa picante,entree,1.2548866400313432,0,entree_mean,3
22,87. Calamares A La Plancha,87. calamares a la plancha,appetizer,1.5874930281703032,0,entree_mean,5
22,89. Langostinos Fritos,89. langostinos fritos,appetizer,1.274188743443403,0,entree_mean,2
22,9. Ensalada De Gambas,9. ensalada de gambas,appetizer,0.7753285081324216,0,entree_mean,4
22,93. Calamares Con Setas Y Bambú,93. calamares con setas y bambú,appetizer,1.268903314944113,0,entree_mean,2
22,99. Familia Feliz A La Plancha,99. familia feliz a la plancha,uncertain,1.2340468220841994,0,entree_mean,4
22,A. Patatas Fritas,a. patatas fritas,side,0.5677334160567638,0,entree_mean,4
22,A1. Entremeses Variados,a1. entremeses variados,appetizer,1.104060629223792,0,entree_mean,1
22,A10. Arroz Frito Con Ternera,a10. arroz frito con ternera,entree,0.9626963470198007,0,entree_mean,29
22,A11. Arroz Frito Al Curry,a11. arroz frito al curry,entree,0.7575059921483357,0,entree_mean,7
22,A12. Ku Bac De Gambas,a12. ku bac de gambas,uncertain,1.2193454708276965,0,entree_mean,2
22,A13. Tallarines Chinos Tres Delicias,a13. tallarines chinos tres delicias,side,0.8223349949886332,0,entree_mean,11
22,A14. Tallarines A La Plancha,a14. tallarines a la plancha,uncertain,0.8938821693084273,0,entree_mean,24
22,A15. Tallarines Chinos A La Plancha,a15. tallarines chinos a la plancha,uncertain,1.0336498699887193,0,entree_mean,8
22,A16. Fideos Especial De Fécula Tres Delicias,a16. fideos especial de fécula tres delicias,uncertain,1.0902076620646222,0,entree_mean,2
22,A17. Arroz Frito Con Jamón,a17. arroz frito con jamón,entree,0.7553895927505478,0,entree_mean,3
22,A18. Costilla Especial,a18. costilla especial,entree,1.4183897446997513,0,entree_mean,5
22,A2. Guo Tie Tres Delicias,a2. guo tie tres delicias,entree,1.1133361368110448,0,entree_mean,2
22,A22. Ternera Con Patatas,a22. ternera con patatas,entree,1.1238324487652234,0,entree_mean,4
22,A23. Pechuga Frita Con Almendras,a23. pechuga frita con almendras,entree,1.27198236463138,0,entree_mean,5
22,A25. Gong Bao De Pollo,a25. gong bao de pollo,entree,1.1263352391928576,0,entree_mean,3
22,A26. Pollo Frito Con Salsa Especial,a26. pollo frito con salsa especial,entree,1.114237123151758,0,entree_mean,1
22,A27. Alitas De Pollo,a27. alitas de pollo,appetizer,0.9351409046127315,0,entree_mean,3
22,A30. Gambas Ahumadas,a30. gambas ahumadas,appetizer,1.4017065659378956,0,entree_mean,2
22,A32. Gambas Almendras Fritas,a32. gambas almendras fritas,appetizer,1.4310492256594616,0,entree_mean,3
22,A35. Pato De Pekín,a35. pato de pekín,entree,1.7529931134050245,0,entree_mean,14
22,A37. Pato A La Naranja,a37. pato a la naranja,entree,1.5705013031570858,0,entree_mean,3
22,A40. Muslo De Cangrejo Frito,a40. muslo de cangrejo frito,entree,0.8517972932536252,0,entree_mean,1
22,A5. Rollito Estilo Vietnam,a5. rollito estilo vietnam,uncertain,0.19898687032457738,0,entree_mean,31
22,A51. Pechuga A La Plancha Con Patatas,a51. pechuga a la plancha con patatas,entree,1.080852027573929,0,entree_mean,1
22,A6. Ensalada De Algas,a6. ensalada de algas,appetizer,0.9208328732282058,0,entree_mean,1
22,A7. Chips De Gambas,a7. chips de gambas,appetizer,0.4935566192523126,0,entree_mean,21
22,A8. Arroz Frito De Los 8 Tesoros,a8. arroz frito de los 8 tesoros,side,0.8896796288139279,0,entree_mean,19
22,Agua (1.25 Lt.),agua (1.25 lt.),drink,0.3121051198195804,0,entree_mean,4
22,Aquarius Limón lata 330ml.,aquarius limón lata 330ml.,entree,0.28156808545805007,0,entree_mean,3
22,Aquarius Naranja lata 330ml.,aquarius naranja lata 330ml.,entree,0.2802061926796556,0,entree_mean,6
22,B. Patatas Fritas De Luxe,b. patatas fritas de luxe,side,0.5696310165611563,0,entree_mean,3
22,Bocaditos Oreo (4 Uds.),bocaditos oreo (4 uds.),dessert,0.4349478052763869,0,entree_mean,4
22,Bola De Helado,bola de helado,dessert,0.31063270382823754,0,entree_mean,2
22,Cerveza Amstel (33 cl.),cerveza amstel (33 cl.),drink,0.2795116553703593,0,entree_mean,1
22,Cerveza Tsingtao Botella (33 Cl.),cerveza tsingtao botella (33 cl.),drink,0.4391391752235361,0,entree_mean,2
22,Coca-Cola Sabor Original lata 330ml.,coca-cola sabor original lata 330ml.,entree,0.28013102078473817,0,entree_mean,11
22,Coca-Cola Zero Azúcar lata 330ml.,coca-cola zero azúcar lata 330ml.,entree,0.27996739944514587,0,entree_mean,9
22,Fanta Limón lata 330ml.,fanta limón lata 330ml.,drink,0.2809035697317201,0,entree_mean,3
22,Fanta Naranja lata 330ml.,fanta naranja lata 330ml.,entree,0.2780146738446114,0,entree_mean,4
22,Nestea Té Negro Limón lata 330ml.,nestea té negro limón lata 330ml.,entree,0.27742169322679633,0,entree_mean,3
22,Plátano Frito Con Miel,plátano frito con miel,dessert,0.4642795902842157,0,entree_mean,3
22,Salsa Agridulce,salsa agridulce,uncertain,0.07864481602803985,0,entree_mean,34
22,Salsa Picante,salsa picante,uncertain,0.07998910395974236,0,entree_mean,5
22,Salsa Soja,salsa soja,uncertain,0.07968854439094088,0,entree_mean,8
22,Tarrina Cheesecake Frambuesa,tarrina cheesecake frambuesa,dessert,0.5212729182913145,0,entree_mean,1
22,Tarrina Turrón La Lechera,tarrina turrón la lechera,dessert,0.5212729182913124,0,entree_mean,1
23,1/2 Pollo Asado,1/2 pollo asado,uncertain,0.5595854922279818,0,entree_mean,3
23,Agua (500 Ml.),agua (500 ml.),drink,0.1492227979274592,0,entree_mean,1
23,Agua Con Gas Pellegrino  (500 Ml.),agua con gas pellegrino (500 ml.),drink,0.3264248704663215,0,entree_mean,1
23,Alioli,alioli,side,0.13989637305699543,0,entree_mean,2
23,Alitas De Pollo (6 Uds.),alitas de pollo (6 uds.),appetizer,0.41968911917098295,0,entree_mean,3
23,Bocadillo De Pollo,bocadillo de pollo,entree,0.6528497409326411,0,entree_mean,3
23,Bocadillo De Salmón,bocadillo de salmón,appetizer,0.6994818652849576,0,entree_mean,1
23,Cerveza Heineken (330 Ml.),cerveza heineken (330 ml.),drink,0.32642487046632124,0,entree_mean,1
23,Cerveza Mahou 5 Estrellas (330 Ml.),cerveza mahou 5 estrellas (330 ml.),drink,0.3264248704663258,0,entree_mean,1
23,Cerveza Radler (330 Ml.),cerveza radler (330 ml.),drink,0.3264248704663228,0,entree_mean,2
23,Coca-Cola Sabor Original botella 500ml.,coca-cola sabor original botella 500ml.,drink,0.32642487046632446,0,entree_mean,3
23,Coca-Cola Sabor Original lata 330ml.,coca-cola sabor original lata 330ml.,entree,0.23316062176165733,0,entree_mean,2
23,Coca-Cola Zero Azúcar Zero Cafeína lata 330ml.,coca-cola zero azúcar zero cafeína lata 330ml.,drink,0.23316062176167046,0,entree_mean,1
23,Costillas Al Horno Con Patatas,costillas al horno con patatas,entree,1.5854922279792698,0,entree_mean,1
23,Croquetas De Pollo (6 Uds.),croquetas de pollo (6 uds.),appetizer,0.5595854922279786,0,entree_mean,25
23,Ensalada Capresse,ensalada capresse,side,0.7927461139896388,0,entree_mean,7
23,Ensalada Mixta,ensalada mixta,side,0.6062176165803146,0,entree_mean,4
23,Fanta Naranja lata 330ml.,fanta naranja lata 330ml.,entree,0.2331606217616602,0,entree_mean,3
23,Nestea Té Negro Limón lata 330ml.,nestea té negro limón lata 330ml.,entree,0.23316062176165825,0,entree_mean,2
23,Patata De Álava Asada Al Horno (Ración),patata de álava asada al horno (ración),side,0.27979274611398874,0,entree_mean,9
23,Patatas Bravas,patatas bravas,side,0.5595854922279841,0,entree_mean,6
23,Patatas Fritas,patatas fritas,side,0.3730569948186494,0,entree_mean,13
23,Pimiento Rojo Asado Al Horno (Ración),pimiento rojo asado al horno (ración),side,0.18652849740932673,0,entree_mean,2
23,Pizza 4 Formaggio (33 Cm.),pizza 4 formaggio (33 cm.),entree,1.119170984455952,0,entree_mean,2
23,Pizza Al Gorgonzola (33 Cm.),pizza al gorgonzola (33 cm.),entree,1.3056994818652912,0,entree_mean,2
23,Pizza Arrabiata (33 Cm.),pizza arrabiata (33 cm.),entree,1.1658031088082976,0,entree_mean,3
23,Pizza BBQ (33 Cm.),pizza bbq (33 cm.),entree,1.119170984455944,0,entree_mean,1
23,Pizza Bizmark (33 Cm.),pizza bizmark (33 cm.),entree,1.1191709844559645,0,entree_mean,4
23,Pizza Calzone (33 Cm.),pizza calzone (33 cm.),entree,1.398963730569949,0,entree_mean,1
23,Pizza Calzone Al Prosciutto (33 Cm.),pizza calzone al prosciutto (33 cm.),uncertain,1.3056994818652634,0,entree_mean,1
23,Pizza Carbonara (33 Cm.),pizza carbonara (33 cm.),entree,1.3056994818652952,0,entree_mean,4
23,Pizza De Nutella (33 Cm.),pizza de nutella (33 cm.),dessert,1.3056994818652985,0,entree_mean,1
23,Pizza Extrabuena (33 Cm.),pizza extrabuena (33 cm.),uncertain,1.30569948186529,0,entree_mean,9
23,Pizza Garda (33 Cm.),pizza garda (33 cm.),entree,1.0725388601036279,0,entree_mean,3
23,Pizza Hawaiana (33 Cm.),pizza hawaiana (33 cm.),entree,1.0259067357513014,0,entree_mean,3
23,Pizza Margarita (33 Cm.),pizza margarita (33 cm.),entree,0.8860103626943007,0,entree_mean,12
23,Pizza Parmesano (33 Cm.),pizza parmesano (33 cm.),uncertain,1.3523316062176172,0,entree_mean,2
23,Pizza Prosciutto (33 Cm.),pizza prosciutto (33 cm.),entree,1.072538860103627,0,entree_mean,4
23,Pizza Sin Gluten (33 Cm.),pizza sin gluten (33 cm.),uncertain,1.3523316062176185,0,entree_mean,43
23,Pizza Speck (33 Cm.),pizza speck (33 cm.),uncertain,1.3056994818653038,0,entree_mean,3
23,Pizza Tartufo (33 Cm.),pizza tartufo (33 cm.),entree,1.3523316062176027,0,entree_mean,3
23,Pollo Asado,pollo asado,entree,1.1191709844559605,0,entree_mean,16
23,Queso Frito,queso frito,appetizer,0.6528497409326416,0,entree_mean,15
23,Salsa Brava,salsa brava,side,0.18652849740932656,0,entree_mean,2
23,Sprite lata 330ml.,sprite lata 330ml.,drink,0.23316062176165803,0,entree_mean,1
23,Tiras De Pollo,tiras de pollo,side,0.7461139896372992,0,entree_mean,9
24,Agua mineral (1 lt.),agua mineral (1 lt.),drink,0.46500702166147656,0,entree_mean,2
24,Arroz blanco,arroz blanco,side,0.3843387275354725,0,entree_mean,12
24,Arroz con cerdo,arroz con cerdo,entree,0.8164195953854245,0,entree_mean,2
24,Arroz con pollo,arroz con pollo,entree,0.8045525311923255,0,entree_mean,21
24,Arroz con ternera,arroz con ternera,entree,0.8062314910798151,0,entree_mean,6
24,Arroz Especial de Tian An Men,arroz especial de tian an men,uncertain,0.8855171125605871,0,entree_mean,12
24,Arroz frito con curry,arroz frito con curry,side,0.6890940455076007,0,entree_mean,6
24,Arroz frito con gambas,arroz frito con gambas,side,0.7675851917775817,0,entree_mean,8
24,Arroz frito tres delicias,arroz frito tres delicias,side,0.6872683514497242,0,entree_mean,96
24,Bambú y setas salteadas,bambú y setas salteadas,side,0.704342109419979,0,entree_mean,3
24,Bocas y patas de cangrejo chino en salsa,bocas y patas de cangrejo chino en salsa,appetizer,1.154220075861377,0,entree_mean,1
24,Bolitas de pollo (6 uds.),bolitas de pollo (6 uds.),appetizer,1.0296241949505307,0,entree_mean,21
24,Brotes de soja salteadas,brotes de soja salteadas,side,0.6421923740672726,0,entree_mean,1
24,Cerdo agridulce,cerdo agridulce,entree,0.8794980408668602,0,entree_mean,22
24,Cerdo con bambú y setas chinas,cerdo con bambú y setas chinas,uncertain,0.9855253668073396,0,entree_mean,3
24,Coca-Cola Sabor Light lata 330ml.,coca-cola sabor light lata 330ml.,drink,0.3164011003023732,0,entree_mean,2
24,Coca-Cola Sabor Original lata 330ml.,coca-cola sabor original lata 330ml.,entree,0.31590238179492014,0,entree_mean,9
24,Coca-Cola Zero Azúcar lata 330ml.,coca-cola zero azúcar lata 330ml.,entree,0.3165126693485349,0,entree_mean,18
24,Costilla agridulce,costilla agridulce,entree,1.0639338611251288,0,entree_mean,5
24,Costilla asada,costilla asada,entree,1.080112603982024,0,entree_mean,1
24,Empanadillas de China,empanadillas de china,appetizer,1.089744166550495,0,entree_mean,18
24,Ensalada china,ensalada china,side,0.5428707832231083,0,entree_mean,9
24,Ensalada china con rollo de primavera,ensalada china con rollo de primavera,appetizer,0.584713609848709,0,entree_mean,7
24,Ensalada de repollo,ensalada de repollo,side,0.601566250486091,0,entree_mean,4
24,Familia feliz,familia feliz,uncertain,1.1627899966604376,0,entree_mean,2
24,Fanta Naranja lata 330ml.,fanta naranja lata 330ml.,entree,0.3182618478205732,0,entree_mean,3
24,Fideos de arroz fritos con gambas,fideos de arroz fritos con gambas,entree,0.8981005107052082,0,entree_mean,17
24,Fideos de arroz fritos con tres delicias,fideos de arroz fritos con tres delicias,entree,0.8815842183345971,0,entree_mean,17
24,Gambas con guindillas,gambas con guindillas,appetizer,1.1008966647396272,0,entree_mean,5
24,Huevos revueltos con gambas,huevos revueltos con gambas,entree,0.6620777605985863,0,entree_mean,3
24,Ku-bak con gambas,ku-bak con gambas,entree,1.1056222116761785,0,entree_mean,4
24,Ku-bak con tres delicias,ku-bak con tres delicias,uncertain,1.1005634172265901,0,entree_mean,2
24,Langostinos fritos,langostinos fritos,appetizer,1.0858905803790642,0,entree_mean,9
24,Menú de la casa (Para 2 personas),menú de la casa (para 2 personas),uncertain,3.2569161230901114,0,entree_mean,10
24,Menú de la casa (Para 3 personas),menú de la casa (para 3 personas),uncertain,4.786831509556933,0,entree_mean,7
24,Menú de la casa (Para 4 personas),menú de la casa (para 4 personas),uncertain,6.490383680217081,0,entree_mean,1
24,Menú de la casa (Para 6 personas),menú de la casa (para 6 personas),uncertain,9.69457759603752,0,entree_mean,1
24,Menú Individual,menú individual,uncertain,1.7195775855032884,0,entree_mean,123
24,Nestea Té Negro Limón lata 330ml.,nestea té negro limón lata 330ml.,entree,0.3232286661536249,0,entree_mean,4
24,Pan chino,pan chino,side,0.3439781847393092,0,entree_mean,18
24,Pan de gambas frito,pan de gambas frito,appetizer,0.42197901490624284,0,entree_mean,21
24,Pato con bambú y setas chinas,pato con bambú y setas chinas,entree,1.7008985072054206,0,entree_mean,1
24,Pato con naranja,pato con naranja,entree,1.7008985072054297,0,entree_mean,1
24,Pato con piña,pato con piña,entree,1.6763656135329577,0,entree_mean,2
24,Pato Pekín,pato pekín,entree,1.9425266005198043,0,entree_mean,15
24,Pollo agridulce,pollo agridulce,entree,1.0622152359465733,0,entree_mean,6
24,Pollo con almendras,pollo con almendras,entree,1.0500949760374125,0,entree_mean,36
24,Pollo con bambú y setas chinas,pollo con bambú y setas chinas,uncertain,1.1528849281155795,0,entree_mean,2
24,Pollo con champiñón,pollo con champiñón,entree,1.0840805111383518,0,entree_mean,1
24,Pollo con curry,pollo con curry,entree,1.0435633906863007,0,entree_mean,7
24,Pollo con guindilla,pollo con guindilla,entree,1.0183543616669437,0,entree_mean,4
24,Pollo con limón,pollo con limón,entree,1.03705979855284,0,entree_mean,89
24,Pollo con naranja,pollo con naranja,entree,0.9140366181090118,0,entree_mean,2
24,Pollo con piña,pollo con piña,entree,0.9657969130083605,0,entree_mean,1
24,Pollo frito estilo chino,pollo frito estilo chino,entree,1.077314048157121,0,entree_mean,7
24,Rollito vietnamita (2 uds.),rollito vietnamita (2 uds.),appetizer,0.529027066780115,0,entree_mean,17
24,Rollo de primavera,rollo de primavera,appetizer,0.3024397752190871,0,entree_mean,101
24,Salsa Agridulce,salsa agridulce,uncertain,0.07950364258861971,0,entree_mean,27
24,Salsa Picante,salsa picante,uncertain,0.07953383924315872,0,entree_mean,6
24,Salsa Soja,salsa soja,uncertain,0.07970861076555254,0,entree_mean,5
24,Sopa agria y picante,sopa agria y picante,appetizer,0.5612169026619842,0,entree_mean,4
24,Sopa de aleta de tiburón,sopa de aleta de tiburón,uncertain,0.5410467651074444,0,entree_mean,4
24,Sopa de pollo con champiñón,sopa de pollo con champiñón,appetizer,0.5120316731117507,0,entree_mean,3
24,Sopa de Tian An Men,sopa de tian an men,appetizer,0.5918833852455548,0,entree_mean,3
24,Sopa de wan-tun,sopa de wan-tun,appetizer,0.5260750985636368,0,entree_mean,1
24,Tallarines especiales a la plancha,tallarines especiales a la plancha,entree,0.9297584817180302,0,entree_mean,9
24,Tallarines fritos con gambas,tallarines fritos con gambas,entree,0.8222039836161147,0,entree_mean,14
24,Tallarines fritos con ternera,tallarines fritos con ternera,entree,0.8089931787044582,0,entree_mean,44
24,Tallarines fritos tres delicias,tallarines fritos tres delicias,uncertain,0.7986752883351131,0,entree_mean,25
24,Ternera con bambú y setas chinas,ternera con bambú y setas chinas,entree,1.1592112017644598,0,entree_mean,13
24,Ternera con cebolla,ternera con cebolla,entree,1.0998214124276635,0,entree_mean,3
24,Ternera con champiñón,ternera con champiñón,entree,1.1362247667016336,0,entree_mean,2
24,Ternera con patatas fritas,ternera con patatas fritas,entree,1.1502301696268225,0,entree_mean,2
24,Ternera con pimientos verdes,ternera con pimientos verdes,entree,1.122062528379505,0,entree_mean,7
24,Ternera con salsa de curry,ternera con salsa de curry,entree,1.0938008893329763,0,entree_mean,1
24,Ternera con salsa de ostras,ternera con salsa de ostras,uncertain,1.130801418239976,0,entree_mean,15
24,Ternera con verduras,ternera con verduras,uncertain,1.159207776549109,0,entree_mean,4
24,Ternera salteada picante,ternera salteada picante,entree,1.1324499158980075,0,entree_mean,8
24,Verduras con gambas,verduras con gambas,uncertain,1.0230847476496387,0,entree_mean,2
24,Verduras con pollo,verduras con pollo,side,1.0725092638377676,0,entree_mean,2
24,Verduras variadas salteadas,verduras variadas salteadas,side,0.6315323107360529,0,entree_mean,1
24,Wan-Tun frito,wan-tun frito,appetizer,0.5007284527574687,0,entree_mean,31
25,Agua Con Gas (25 Cl.),agua con gas (25 cl.),drink,0.25109170305676864,0,entree_mean,3
25,Agua Mineral (50 Cl.),agua mineral (50 cl.),drink,0.17576419213973837,0,entree_mean,5
25,Aquarius Limón lata 330ml.,aquarius limón lata 330ml.,entree,0.25109170305677003,0,entree_mean,1
25,Baklava,baklava,dessert,0.527292576419214,0,entree_mean,8
25,Börek,börek,uncertain,0.9415938864628796,0,entree_mean,8
25,Cerveza Nacional (33 Cl.),cerveza nacional (33 cl.),drink,0.25109170305676887,0,entree_mean,2
25,Coca-Cola Sabor Original lata 330ml.,coca-cola sabor original lata 330ml.,entree,0.2510917030567685,0,entree_mean,10
25,Coca-Cola Zero Azúcar lata 330ml.,coca-cola zero azúcar lata 330ml.,entree,0.2510917030567677,0,entree_mean,1
25,Dede Patatas,dede patatas,side,0.6905021834061122,0,entree_mean,10
25,Dolma,dolma,appetizer,0.9415938864628776,0,entree_mean,2
25,Döner Kebab,döner kebab,entree,0.7156113537117902,0,entree_mean,4
25,Döner Kebab Con Queso De Oveja,döner kebab con queso de oveja,entree,0.7783842794759817,0,entree_mean,3
25,Döner Kebab Doble,döner kebab doble,uncertain,0.8160480349344996,0,entree_mean,11
25,Döner Kebab Doble Con Queso,döner kebab doble con queso,entree,0.8537117903930145,0,entree_mean,6
25,Döner Kebab Plato,döner kebab plato,entree,1.12991266375545,0,entree_mean,2
25,Döner Kebab Plato Con Patatas,döner kebab plato con patatas,entree,1.1926855895196495,0,entree_mean,2
25,Döner Kebab Plato Con Queso,döner kebab plato con queso,entree,1.1926855895196458,0,entree_mean,13
25,Dürüm Falafel Con Humus,dürüm falafel con humus,appetizer,0.8788209606986871,0,entree_mean,3
25,Dürüm Falafel Con Queso,dürüm falafel con queso,entree,0.8034934497816587,0,entree_mean,1
25,Dürüm Kebab,dürüm kebab,uncertain,0.7407205240174666,0,entree_mean,10
25,Dürüm Kebab Con Queso,dürüm kebab con queso,entree,0.7909388646288231,0,entree_mean,8
25,Dürüm Kebab Doble,dürüm kebab doble,entree,0.8411572052401709,0,entree_mean,3
25,Dürüm Kebab Doble Con Queso,dürüm kebab doble con queso,entree,0.8788209606986902,0,entree_mean,12
25,Especial Dede,especial dede,uncertain,3.2641921397379945,0,entree_mean,2
25,Falafel,falafel,appetizer,0.7030567685589542,0,entree_mean,3
25,Falafel Plato,falafel plato,entree,1.12991266375546,0,entree_mean,2
25,Falafel Salatasi,falafel salatasi,appetizer,0.9918122270742348,0,entree_mean,3
25,Fanta Limón lata 330ml.,fanta limón lata 330ml.,drink,0.2510917030567687,0,entree_mean,6
25,Fanta Naranja lata 330ml.,fanta naranja lata 330ml.,entree,0.2510917030567688,0,entree_mean,1
25,Humus,humus,appetizer,0.9415938864628817,0,entree_mean,3
25,Ispanak Böregi,ispanak böregi,appetizer,0.9415938864628804,0,entree_mean,3
25,Istanbul Salatasi,istanbul salatasi,uncertain,0.9415938864628788,0,entree_mean,1
25,Izgara Kofte,izgara kofte,entree,2.1217248908296997,0,entree_mean,1
25,Kiyma,kiyma,uncertain,1.1926855895196504,0,entree_mean,1
25,Kofte,kofte,uncertain,0.8160480349344956,0,entree_mean,4
25,Kofte Plato Con Patatas,kofte plato con patatas,uncertain,1.1926855895196546,0,entree_mean,5
25,Lahmacun,lahmacun,uncertain,0.8160480349344973,0,entree_mean,2
25,Lahmacun Con Queso,lahmacun con queso,appetizer,0.8537117903930128,0,entree_mean,4
25,Lahmacun Kebab,lahmacun kebab,uncertain,0.9039301310043667,0,entree_mean,3
25,Menú Döner Doble Con Queso,menú döner doble con queso,entree,1.2177947598253278,0,entree_mean,11
25,Menú Döner Kebab,menú döner kebab,uncertain,1.0796943231441047,0,entree_mean,31
25,Menú Döner Kebab Con Queso,menú döner kebab con queso,entree,1.1299126637554568,0,entree_mean,5
25,Menú Döner Kebab Doble,menú döner kebab doble,entree,1.1801310043668098,0,entree_mean,11
25,Menú Dürüm Doble Con Queso,menú dürüm doble con queso,entree,1.2805676855895223,0,entree_mean,28
25,Menú Dürüm Kebab,menú dürüm kebab,uncertain,1.1173580786026183,0,entree_mean,28
25,Menú Dürüm Kebab Con Queso,menú dürüm kebab con queso,uncertain,1.1801310043668067,0,entree_mean,11
25,Menú Dürüm Kebab Doble,menú dürüm kebab doble,uncertain,1.2303493449781624,0,entree_mean,6
25,Patlican Dolma,patlican dolma,side,0.9415938864628812,0,entree_mean,5
25,Patlican Salatasi,patlican salatasi,side,0.9918122270742326,0,entree_mean,1
25,Pizza 4 Peynir (30 Cm.),pizza 4 peynir (30 cm.),uncertain,1.1926855895196538,0,entree_mean,1
25,Pizza Dede (30 Cm.),pizza dede (30 cm.),entree,1.1926855895196515,0,entree_mean,3
25,Pizza Yumurta (30 Cm.),pizza yumurta (30 cm.),entree,1.1926855895196489,0,entree_mean,3
25,Sis Kebab,sis kebab,entree,2.3728165938864705,0,entree_mean,1
25,Sis Tavuk,sis tavuk,uncertain,1.8706331877729274,0,entree_mean,5
25,Türk Patatas,türk patatas,side,0.8662663755458506,0,entree_mean,4
25,Yumurta,yumurta,uncertain,1.1926855895196447,0,entree_mean,1
25,Zumo De Piña (200 Ml.),zumo de piña (200 ml.),drink,0.2510917030567677,0,entree_mean,1
26,Bao de cerdo (2 uds.),bao de cerdo (2 uds.),appetizer,0.6694446651246814,0,entree_mean,28
26,Bao de gambas fritas (2 uds.),bao de gambas fritas (2 uds.),appetizer,0.8000122772494321,0,entree_mean,36
26,Bao de pato (2 uds.),bao de pato (2 uds.),unclassified,0.7999937658005223,0,entree_mean,71
26,Bao de pescado frito (2 uds.),bao de pescado frito (2 uds.),uncertain,0.759106516450183,0,entree_mean,3
26,Bao de pollo curry (2 uds.),bao de pollo curry (2 uds.),appetizer,0.6694154167884874,0,entree_mean,21
26,Bao de pollo frito (2 uds.),bao de pollo frito (2 uds.),appetizer,0.6693254373364602,0,entree_mean,23
26,Bao de ternera (2 uds.),bao de ternera (2 uds.),entree,0.7591228646507573,0,entree_mean,28
26,Bao vegetal (2 uds.),bao vegetal (2 uds.),appetizer,0.6693615485519484,0,entree_mean,8
26,Bola crujiente de sésamo (4 uds.),bola crujiente de sésamo (4 uds.),appetizer,0.3673304877619545,0,entree_mean,7
26,Cerveza Sapporo (330 ml.),cerveza sapporo (330 ml.),drink,0.285691468636638,0,entree_mean,2
26,Cerveza Tsingtao (330 ml.),cerveza tsingtao (330 ml.),drink,0.24489150660379772,0,entree_mean,1
26,Dorayaki,dorayaki,dessert,0.3877201044455169,0,entree_mean,9
26,Edamame,edamame,appetizer,0.34283580388938906,0,entree_mean,12
26,Gyozas de gambas,gyozas de gambas,appetizer,0.6938333500539766,0,entree_mean,25
26,Gyozas de pollo (6 uds.),gyozas de pollo (6 uds.),appetizer,0.5306255194713835,0,entree_mean,100
26,Gyozas vegetales,gyozas vegetales,appetizer,0.5305920730611529,0,entree_mean,17
26,Kimchi,kimchi,side,0.44080872949534916,0,entree_mean,6
26,Ramen curry,ramen curry,entree,0.9755375989901347,0,entree_mean,20
26,Ramen curry con gambas,ramen curry con gambas,entree,1.2244763702155936,0,entree_mean,7
26,Ramen curry con pescado,ramen curry con pescado,entree,1.126523587139473,0,entree_mean,1
26,Ramen curry con pollo,ramen curry con pollo,entree,1.1264849118993765,0,entree_mean,51
26,Ramen miso,ramen miso,entree,0.9754716095238974,0,entree_mean,80
26,Ramen miso con gambas,ramen miso con gambas,entree,1.2205577163692807,0,entree_mean,14
26,Ramen miso con pescado,ramen miso con pescado,uncertain,1.1264425858315397,0,entree_mean,4
26,Ramen miso con pollo,ramen miso con pollo,entree,1.1265239973224332,0,entree_mean,69
26,Ramen vegetal,ramen vegetal,entree,0.9755562994690914,0,entree_mean,20
26,Similu,similu,uncertain,0.3673092468384686,0,entree_mean,6
26,Siu lug bao (6 uds.),siu lug bao (6 uds.),appetizer,0.6367332119735595,0,entree_mean,32
26,Sushi California de gambas (8 pzs.),sushi california de gambas (8 pzs.),entree,0.8530185623006374,0,entree_mean,15
26,Sushi California de salmón (8 pzs.),sushi california de salmón (8 pzs.),uncertain,0.8530944379552626,0,entree_mean,34
26,Sushi maki vegetal (8 pzs.),sushi maki vegetal (8 pzs.),appetizer,0.669347017414673,0,entree_mean,5
26,Takoyaki,takoyaki,appetizer,0.4693934433898751,0,entree_mean,52
26,Torikatsu,torikatsu,entree,0.6367264821193265,0,entree_mean,40
26,Udon al wok,udon al wok,uncertain,0.8162892571588439,0,entree_mean,26
26,Wakame,wakame,side,0.342841056072666,0,entree_mean,14
26,Wakatori,wakatori,appetizer,0.6366598763626894,0,entree_mean,9
27,Agua con gas (500 ml.),agua con gas (500 ml.),drink,0.20814748736247424,0,entree_mean,1
27,Agua natural (500 ml.),agua natural (500 ml.),drink,0.17097829319060298,0,entree_mean,2
27,"Babá (1,7,8)","babá (1,7,8)",dessert,0.631876300921794,0,entree_mean,1
27,"Burrata (7,8,1)","burrata (7,8,1)",appetizer,1.1894142134998524,0,entree_mean,5
27,"Calamari dello chef (1,3,11)","calamari dello chef (1,3,11)",appetizer,1.1894142134998513,0,entree_mean,4
27,Calzoni blanco,calzoni blanco,entree,1.1522450193279907,0,entree_mean,4
27,Calzoni clásico,calzoni clásico,entree,1.1150758251561077,0,entree_mean,5
27,Calzoni fritto,calzoni fritto,appetizer,1.2637526018435792,0,entree_mean,4
27,"Cannolo siciliano de chocolate e pistacho (1,8,7)","cannolo siciliano de chocolate e pistacho (1,8,7)",dessert,0.5203687184061863,0,entree_mean,8
27,Caprese a modo mio (7),caprese a modo mio (7),appetizer,0.8920606601248862,0,entree_mean,4
27,Carpaccio di black angus (7),carpaccio di black angus (7),appetizer,1.0035682426405008,0,entree_mean,2
27,Cerveza Moretti (33 cl.),cerveza moretti (33 cl.),drink,0.2601843592030918,0,entree_mean,1
27,"Cesare (1,7,10,6)","cesare (1,7,10,6)",uncertain,0.96639904846863,0,entree_mean,5
27,Coca-Cola Sabor Original lata 330ml.,coca-cola sabor original lata 330ml.,entree,0.18584597085934984,0,entree_mean,5
27,Coca-Cola Zero Azúcar lata 330ml.,coca-cola zero azúcar lata 330ml.,entree,0.20814748736247354,0,entree_mean,4
27,Coulant di ciocoolato (3),coulant di ciocoolato (3),dessert,0.5203687184061876,0,entree_mean,4
27,Fanta Naranja lata 330ml.,fanta naranja lata 330ml.,entree,0.18584597085935148,0,entree_mean,1
27,Fior di pomodoro (7),fior di pomodoro (7),appetizer,1.0407374368123636,0,entree_mean,1
27,Gnocchi del sud (1),gnocchi del sud (1),entree,1.1150758251561126,0,entree_mean,4
27,Lasagna (1),lasagna (1),entree,1.077906630984235,0,entree_mean,5
27,"Linguine al frutti di mare (1,2,14)","linguine al frutti di mare (1,2,14)",entree,1.3752601843592016,0,entree_mean,1
27,Panna cotta alla vaniglia (7),panna cotta alla vaniglia (7),dessert,0.4460303300624439,0,entree_mean,3
27,Parmigiana di melanzane (7),parmigiana di melanzane (7),entree,1.0035682426405026,0,entree_mean,3
27,Pizza 4 stagioni,pizza 4 stagioni,entree,1.0779066309842409,0,entree_mean,13
27,Pizza abruzzo,pizza abruzzo,entree,1.300921796015466,0,entree_mean,3
27,Pizza al 4 formaggi,pizza al 4 formaggi,entree,1.040737436812371,0,entree_mean,23
27,Pizza calabria,pizza calabria,entree,1.077906630984241,0,entree_mean,9
27,Pizza campania,pizza campania,entree,1.2265834076717226,0,entree_mean,10
27,Pizza caprese,pizza caprese,appetizer,0.929229854296764,0,entree_mean,16
27,Pizza Emilia Romagna,pizza emilia romagna,entree,1.3009217960154644,0,entree_mean,24
27,"Pizza especial de nutella y crema de pistacho (1,8)","pizza especial de nutella y crema de pistacho (1,8)",dessert,1.449598572702945,0,entree_mean,5
27,Pizza friuli Venezia Giulia,pizza friuli venezia giulia,entree,1.152245019327983,0,entree_mean,15
27,Pizza Latte & Farina,pizza latte & farina,uncertain,1.4495985727029468,0,entree_mean,11
27,Pizza liguria,pizza liguria,entree,1.0407374368123692,0,entree_mean,1
27,Pizza Margherita,pizza margherita,entree,0.7433838834374062,0,entree_mean,44
27,Pizza marinara,pizza marinara,entree,0.6690454950936617,0,entree_mean,2
27,Pizza ortolana,pizza ortolana,uncertain,1.0407374368123687,0,entree_mean,13
27,Pizza piemonte,pizza piemonte,uncertain,1.300921796015458,0,entree_mean,5
27,Pizza Sicilia,pizza sicilia,entree,1.0035682426404946,0,entree_mean,5
27,Pizza Toscana,pizza toscana,entree,1.115075825156109,0,entree_mean,3
27,Pizza trentino,pizza trentino,entree,1.2265834076717244,0,entree_mean,5
27,Pizza Umbria,pizza umbria,uncertain,1.1894142134998524,0,entree_mean,11
27,"Spaghetti alla carbonara (1,3,7)","spaghetti alla carbonara (1,3,7)",entree,1.0779066309842402,0,entree_mean,16
27,Sprite lata 330ml.,sprite lata 330ml.,drink,0.1858459708593513,0,entree_mean,1
27,"Tagliatelle alla bolognese (1,7)","tagliatelle alla bolognese (1,7)",entree,1.0407374368123707,0,entree_mean,10
27,"Tagliatelle porcini, crema di tartufo e salsiccia (1)","tagliatelle porcini, crema di tartufo e salsiccia (1)",entree,1.4867677668748145,0,entree_mean,12
27,Tagliere di formaggi (7),tagliere di formaggi (7),appetizer,0.9663990484686322,0,entree_mean,1
27,Tagliere di salumi,tagliere di salumi,appetizer,0.9663990484686276,0,entree_mean,3
27,"Tiramisú (3,1,7)","tiramisú (3,1,7)",dessert,0.5575379125780533,0,entree_mean,7
28,Alitas BBQ,alitas bbq,appetizer,0.8872044505691566,0,entree_mean,3
28,Bocadillo de la casa,bocadillo de la casa,uncertain,0.8756704903903783,0,entree_mean,3
28,Bocadillo salami,bocadillo salami,appetizer,0.8757980082623181,0,entree_mean,2
28,Brownie con helado,brownie con helado,dessert,0.5343551208970807,0,entree_mean,3
28,Cheesecake de fresa,cheesecake de fresa,dessert,0.5248185205677488,0,entree_mean,3
28,Cheesecake de nutella,cheesecake de nutella,dessert,0.549747424540418,0,entree_mean,4
28,Coca-Cola Sabor Original lata 330ml.,coca-cola sabor original lata 330ml.,entree,0.22691373863424977,0,entree_mean,7
28,Coca-Cola Zero Azúcar lata 330ml.,coca-cola zero azúcar lata 330ml.,entree,0.23646527224836586,0,entree_mean,4
28,Dedos de Mozzarella,dedos de mozzarella,appetizer,0.8661746605869649,0,entree_mean,7
28,Empanada de carne de ternera picada,empanada de carne de ternera picada,appetizer,0.40685981461560916,0,entree_mean,5
28,Empanada de pabellón,empanada de pabellón,entree,0.5240220847784174,0,entree_mean,4
28,Empanada de pollo,empanada de pollo,appetizer,0.40549042752752334,0,entree_mean,7
28,Empanada de Ternera Desmechada,empanada de ternera desmechada,appetizer,0.4567173718992994,0,entree_mean,7
28,Empanadas de Queso,empanadas de queso,appetizer,0.40838855691829135,0,entree_mean,12
28,Ensalada burrata,ensalada burrata,side,0.8676506866236949,0,entree_mean,1
28,Ensalada caprese,ensalada caprese,appetizer,0.93547930037931,0,entree_mean,1
28,Ensalada cesar,ensalada cesar,side,1.12764402842572,0,entree_mean,2
28,Fanta Naranja lata 330ml.,fanta naranja lata 330ml.,entree,0.223427318666313,0,entree_mean,2
28,Fingers de Pollo,fingers de pollo,appetizer,0.8841233628392364,0,entree_mean,8
28,Panzerotti Caprese,panzerotti caprese,appetizer,0.9140225633708564,0,entree_mean,26
28,Panzerotti Carne,panzerotti carne,appetizer,1.0487000937595912,0,entree_mean,10
28,Panzerotti Chistorra,panzerotti chistorra,appetizer,1.0721372444462087,0,entree_mean,2
28,Panzerotti Cinco Quesos,panzerotti cinco quesos,appetizer,0.9511112507764642,0,entree_mean,17
28,Panzerotti Jamón,panzerotti jamón,appetizer,1.0384944548630246,0,entree_mean,6
28,Panzerotti Margarita,panzerotti margarita,appetizer,0.9670606721262783,0,entree_mean,12
28,Panzerotti Peperoni,panzerotti peperoni,appetizer,1.0223604525565975,0,entree_mean,7
28,Panzerotti Pollo,panzerotti pollo,appetizer,1.054195104785828,0,entree_mean,23
28,Panzerotti Popeye,panzerotti popeye,appetizer,0.9873135929580102,0,entree_mean,5
28,Panzerotti Pulled Pork,panzerotti pulled pork,entree,1.0531868438944865,0,entree_mean,3
28,Patatas Panzerotti,patatas panzerotti,side,0.8284451741605304,0,entree_mean,2
28,Pizza Burrata,pizza burrata,entree,1.2399684675289429,0,entree_mean,1
28,Pizza Cuatro Estaciones,pizza cuatro estaciones,entree,1.4052727617212064,0,entree_mean,9
28,Pizza Cuatro Quesos,pizza cuatro quesos,entree,1.3470566533609878,0,entree_mean,4
28,Pizza Diávola,pizza diávola,entree,1.3709533659530593,0,entree_mean,7
28,Pizza Francescana,pizza francescana,uncertain,1.4460331449884547,0,entree_mean,7
28,Pizza Margarita,pizza margarita,uncertain,1.2018190829467919,0,entree_mean,8
28,Pizza Milano,pizza milano,entree,1.5076560944883592,0,entree_mean,8
28,Pizza Torino,pizza torino,entree,1.5180207453646213,0,entree_mean,3
28,Pizza Vegetariana,pizza vegetariana,entree,1.34705665336099,0,entree_mean,4
28,Tequeños,tequeños,appetizer,0.938499422160726,0,entree_mean,2
28,Tequeños de Plátano,tequeños de plátano,appetizer,0.9977958452581408,0,entree_mean,7
29,Alitas De Pollo (6 Uds.),alitas de pollo (6 uds.),appetizer,0.6622978538841966,0,entree_mean,4
29,Alitas De Pollo Con Patatas,alitas de pollo con patatas,entree,0.9102190647309762,0,entree_mean,1
29,Bandeja Mixta De Cordero (Grande),bandeja mixta de cordero (grande),uncertain,1.07702995564016,0,entree_mean,6
29,Bandeja Mixta De Pollo (Grande),bandeja mixta de pollo (grande),entree,0.9946696680543264,0,entree_mean,1
29,Bandeja Normal De Cordero (Grande),bandeja normal de cordero (grande),entree,1.0762015313263236,0,entree_mean,7
29,Bandeja Solo Carne Mixta De Cordero (Grande),bandeja solo carne mixta de cordero (grande),entree,1.075769981996946,0,entree_mean,2
29,Bandeja Solo Carne Mixta De Pollo (Grande),bandeja solo carne mixta de pollo (grande),entree,1.0765574946927654,0,entree_mean,1
29,Bebidas,bebidas,drink,0.24906092940430002,0,entree_mean,2
29,Cerveza Amstel (1Lt.),cerveza amstel (1lt.),drink,0.41396085761579227,0,entree_mean,1
29,Coca-Cola Sabor Original botella 2L.,coca-cola sabor original botella 2l.,drink,0.4129658404109972,0,entree_mean,2
29,Coca-Cola Sabor Original lata 330ml.,coca-cola sabor original lata 330ml.,entree,0.21500433607856978,0,entree_mean,8
29,Coca-Cola Zero Azúcar botella 2L.,coca-cola zero azúcar botella 2l.,drink,0.4134488931192934,0,entree_mean,3
29,Fanta Naranja botella 2L.,fanta naranja botella 2l.,drink,0.413866085238281,0,entree_mean,4
29,Fanta Naranja lata 330ml.,fanta naranja lata 330ml.,entree,0.21514268802732006,0,entree_mean,1
29,Hamburguesa Normal (Grande),hamburguesa normal (grande),entree,0.5782176228045033,0,entree_mean,2
29,Hielo 1 bolsa,hielo 1 bolsa,uncertain,0.41359512329280235,0,entree_mean,3
29,Kebab Falafel,kebab falafel,entree,0.6599439944606798,0,entree_mean,1
29,Kebab Mixto De Cordero (Grande),kebab mixto de cordero (grande),uncertain,0.8309029163790635,0,entree_mean,3
29,Kebab Mixto De Cordero (Normal),kebab mixto de cordero (normal),entree,0.6624109175548324,0,entree_mean,2
29,Kebab Mixto De Pollo (Normal),kebab mixto de pollo (normal),entree,0.7479486376700648,0,entree_mean,1
29,Kebab Normal De Cordero (Grande),kebab normal de cordero (grande),entree,0.8031673869317134,0,entree_mean,8
29,Kebab Normal De Cordero (Normal),kebab normal de cordero (normal),uncertain,0.6592870213728377,0,entree_mean,4
29,Kebab Normal De Pollo (Grande),kebab normal de pollo (grande),entree,0.8300935356216872,0,entree_mean,4
29,Kebab Normal De Pollo (Normal),kebab normal de pollo (normal),entree,0.7572529622344893,0,entree_mean,2
29,Kebab Normal Mixto (Grande),kebab normal mixto (grande),entree,0.8279217152315834,0,entree_mean,1
29,Kebab Normal Mixto (Normal),kebab normal mixto (normal),entree,0.7448914390418631,0,entree_mean,2
29,Kebab Solo Carne De Cordero (Normal),kebab solo carne de cordero (normal),entree,0.827642940785539,0,entree_mean,7
29,Kebab Solo Carne De Pollo (Grande),kebab solo carne de pollo (grande),entree,0.8285112104281,0,entree_mean,7
29,Kebab Solo Carne De pollo o Mixto (Grande),kebab solo carne de pollo o mixto (grande),uncertain,0.8282903867626739,0,entree_mean,2
29,Kebab Solo Carne Mixto (Grande),kebab solo carne mixto (grande),entree,0.8753086617633019,0,entree_mean,4
29,Menú 10 Nuget,menú 10 nuget,appetizer,0.9901552502967487,0,entree_mean,2
29,Menú 6,menú 6,uncertain,2.331805227657597,0,entree_mean,4
29,Menú De Cordero 1,menú de cordero 1,entree,1.0729365413600684,0,entree_mean,9
29,Menú De Cordero 2,menú de cordero 2,entree,1.1599053527160503,0,entree_mean,16
29,Menú De Cordero 3,menú de cordero 3,uncertain,1.159028097888336,0,entree_mean,3
29,Menú De Cordero 5,menú de cordero 5,entree,2.06313852276063,0,entree_mean,7
29,"Menú De Flafel ,7","menú de flafel ,7",uncertain,0.9912965959953801,0,entree_mean,2
29,Menú De Pollo 1 o Mixto,menú de pollo 1 o mixto,uncertain,1.0762660919595244,0,entree_mean,6
29,Menú De Pollo 2 o Mixto,menú de pollo 2 o mixto,uncertain,1.1577790649447075,0,entree_mean,23
29,Menú De Pollo 3 o Mixto,menú de pollo 3 o mixto,uncertain,1.2434200775487965,0,entree_mean,16
29,Menú Pizza 1,menú pizza 1,uncertain,1.4863699936293535,0,entree_mean,3
29,Menú Pizza 10,menú pizza 10,entree,1.9868074879284188,0,entree_mean,4
29,Menú Pizza 2,menú pizza 2,uncertain,2.4827623204745373,0,entree_mean,1
29,Menú Pizza 3,menú pizza 3,uncertain,2.139637534917727,0,entree_mean,1
29,Menú Pizza 4,menú pizza 4,uncertain,2.6515440158375743,0,entree_mean,3
29,Menú Pizza 6,menú pizza 6,entree,2.9684916114014874,0,entree_mean,1
29,Menú Pizza 7,menú pizza 7,uncertain,3.4795796475701564,0,entree_mean,2
29,Menú Pizza 8,menú pizza 8,uncertain,1.7389581979598903,0,entree_mean,3
29,Nestea Té Negro Limón lata 330ml.,nestea té negro limón lata 330ml.,entree,0.24852468456674137,0,entree_mean,2
29,Nuggets Con Carne,nuggets con carne,appetizer,0.7447442612505862,0,entree_mean,2
29,Nuggets Con Patatas,nuggets con patatas,side,0.6638028450226318,0,entree_mean,2
29,Nuggets De Pollo (6 Uds.),nuggets de pollo (6 uds.),appetizer,0.49682976747932145,0,entree_mean,7
29,Patatas Bravas,patatas bravas,side,0.5801090979735811,0,entree_mean,9
29,Patatas Fritas,patatas fritas,side,0.49608815560590913,0,entree_mean,10
29,Patatas Fritas Con Carne,patatas fritas con carne,side,0.7460364502688874,0,entree_mean,12
29,Pizza Al Fungi (Grande),pizza al fungi (grande),entree,1.4079122714358798,0,entree_mean,1
29,Pizza Atún (Mediana),pizza atún (mediana),entree,1.1579833365198564,0,entree_mean,1
29,Pizza Carbonara (Mediana),pizza carbonara (mediana),entree,1.1590904013242112,0,entree_mean,1
29,Pizza Especial (Mediana),pizza especial (mediana),entree,1.0683340005510775,0,entree_mean,1
30,Cerveza Heineken Lata (330 Ml.),cerveza heineken lata (330 ml.),drink,0.19826645420970654,0,entree_mean,3
30,Coca-Cola Sabor Original lata 330ml.,coca-cola sabor original lata 330ml.,entree,0.19807827866654915,0,entree_mean,9
30,Coca-Cola Zero Azúcar lata 330ml.,coca-cola zero azúcar lata 330ml.,entree,0.19907008120298106,0,entree_mean,1
30,Ensaladilla de corvina y atún rojo fresco marinado con mayo japonesa,ensaladilla de corvina y atún rojo fresco marinado con mayo japonesa,appetizer,1.1054930516188914,0,entree_mean,8
30,Fanta Naranja lata 330ml.,fanta naranja lata 330ml.,entree,0.19738798144261277,0,entree_mean,3
30,Gyozas Japonesas Salteadas ( 6 Uds.),gyozas japonesas salteadas ( 6 uds.),appetizer,0.7930226050426755,0,entree_mean,15
30,Mousse De Foie Caramelizado Con Mermelada De Arándanos,mousse de foie caramelizado con mermelada de arándanos,appetizer,0.7907358798516039,0,entree_mean,2
30,Panacota,panacota,unclassified,0.5142662444289182,0,entree_mean,6
30,Pizza Atunera,pizza atunera,uncertain,1.3983461810362197,0,entree_mean,3
30,Pizza Caprichosa,pizza caprichosa,entree,1.1085614877156624,0,entree_mean,21
30,Pizza Carbonara,pizza carbonara,entree,1.1878418950970222,0,entree_mean,17
30,Pizza Cuatro Quesos,pizza cuatro quesos,entree,1.1479417548830444,0,entree_mean,46
30,Pizza Dalpiot,pizza dalpiot,entree,1.2661850206875032,0,entree_mean,37
30,Pizza De Jamón Y Champiñones,pizza de jamón y champiñones,entree,0.9768099498299139,0,entree_mean,23
30,Pizza De Nutella,pizza de nutella,dessert,0.6334038913599082,0,entree_mean,8
30,Pizza Diávola,pizza diávola,entree,0.9756729784872977,0,entree_mean,38
30,Pizza Hawaiana,pizza hawaiana,uncertain,1.104209145727622,0,entree_mean,7
30,Pizza Margarita,pizza margarita,uncertain,0.8678561563492221,0,entree_mean,22
30,Pizza Melanzana,pizza melanzana,entree,1.188287864774026,0,entree_mean,12
30,Pizza Salmonete,pizza salmonete,entree,1.3844754644249135,0,entree_mean,4
30,Pizza Santa Bárbara,pizza santa bárbara,entree,1.3439210379289417,0,entree_mean,21
30,Pizza Sollana,pizza sollana,entree,1.342647397264931,0,entree_mean,10
30,Pizza Tartufata,pizza tartufata,entree,1.2661281293640705,0,entree_mean,16
30,Pizza Vegetal,pizza vegetal,uncertain,1.1042256628505918,0,entree_mean,7
30,Pizza Veggie,pizza veggie,entree,1.103086083577339,0,entree_mean,3
30,Poke De Atún,poke de atún,appetizer,1.1049705116861877,0,entree_mean,4
30,Poke Salmón,poke salmón,entree,1.1139045946531914,0,entree_mean,2
30,Tartar De Atún,tartar de atún,appetizer,1.1066974965971086,0,entree_mean,6
30,Tartar De Salmón,tartar de salmón,appetizer,1.1063266027461809,0,entree_mean,5
30,Tiramisú,tiramisú,dessert,0.5151309860313976,0,entree_mean,2
31,"Agua Grande (1,5L)","agua grande (1,5l)",drink,0.250963126031921,0,entree_mean,13
31,Alitas De Pollo,alitas de pollo,appetizer,1.1502476609796417,0,entree_mean,2
31,Arroz Basmanti,arroz basmanti,side,0.4182718767198676,0,entree_mean,2
31,Bandeja De Carne Asada,bandeja de carne asada,uncertain,1.0456796917996845,0,entree_mean,2
31,Boquerones En Vinagre,boquerones en vinagre,appetizer,1.3593835993395538,0,entree_mean,1
31,Brascada,brascada,uncertain,0.9411117226197051,0,entree_mean,3
31,Calamares,calamares,appetizer,0.6274078150798055,0,entree_mean,2
31,Calamares Romana,calamares romana,appetizer,0.7319757842597742,0,entree_mean,4
31,Canelones Gratinados,canelones gratinados,entree,1.2548156301595994,0,entree_mean,3
31,Carne Asada,carne asada,entree,1.150247660979632,0,entree_mean,5
31,Carne Asada Kebab Con Patatas Fritas Y Queso Al Horno,carne asada kebab con patatas fritas y queso al horno,entree,1.045679691799673,0,entree_mean,40
31,Cerveza (33Cl),cerveza (33cl),drink,0.27187671986791184,0,entree_mean,3
31,Cerveza Litro,cerveza litro,drink,0.5228398458998355,0,entree_mean,14
31,Cheese Naan,cheese naan,side,0.7319757842597696,0,entree_mean,11
31,Chicken Burguer,chicken burguer,entree,0.6274078150798005,0,entree_mean,6
31,Chicken Curry,chicken curry,entree,1.2548156301596045,0,entree_mean,1
31,Chicken Pakora,chicken pakora,appetizer,0.7319757842597714,0,entree_mean,9
31,Chicken Shaikorma (Dulce),chicken shaikorma (dulce),uncertain,1.3802971931755608,0,entree_mean,3
31,Chivito,chivito,entree,0.8365437534397341,0,entree_mean,6
31,Chivito A,chivito a,entree,0.9411117226197079,0,entree_mean,7
31,Coca-Cola Sabor Original botella 2L.,coca-cola sabor original botella 2l.,drink,0.5228398458998345,0,entree_mean,30
31,Coca-Cola Sabor Original lata 330ml.,coca-cola sabor original lata 330ml.,entree,0.27187671986791373,0,entree_mean,19
31,Combo Pollo,combo pollo,entree,1.3593835993395713,0,entree_mean,4
31,De La Casa,de la casa,uncertain,0.8365437534397352,0,entree_mean,3
31,Döner Barbacoa,döner barbacoa,entree,0.8365437534397383,0,entree_mean,1
31,Döner Con Patatas Fritas,döner con patatas fritas,entree,0.9411117226197032,0,entree_mean,42
31,Döner Con Queso,döner con queso,entree,0.9411117226197057,0,entree_mean,77
31,Döner De Piña,döner de piña,uncertain,0.8365437534397361,0,entree_mean,5
31,Döner Falafel,döner falafel,entree,0.7319757842597676,0,entree_mean,10
31,Döner Gigante,döner gigante,entree,1.2548156301595954,0,entree_mean,158
31,Döner Normal,döner normal,entree,0.7319757842597674,0,entree_mean,63
31,Döner Solo Carne,döner solo carne,entree,0.941111722619704,0,entree_mean,70
31,Döner Solo Carne Mixto,döner solo carne mixto,entree,1.0456796917996742,0,entree_mean,82
31,Döner Solo Carne Y Salsa Barbacoa,döner solo carne y salsa barbacoa,entree,0.9411117226197023,0,entree_mean,15
31,Döner Vegetal,döner vegetal,uncertain,0.6274078150798023,0,entree_mean,1
31,Embutido,embutido,appetizer,0.6274078150798026,0,entree_mean,1
31,Empanadas Atún,empanadas atún,appetizer,0.6274078150798024,0,entree_mean,3
31,Ensalada Atún,ensalada atún,appetizer,0.9411117226197037,0,entree_mean,1
31,Ensalada De Calamares,ensalada de calamares,side,1.1502476609796362,0,entree_mean,2
31,Ensalada De Pollo,ensalada de pollo,side,1.1502476609796393,0,entree_mean,3
31,Ensalada Formagio,ensalada formagio,side,0.73197578425977,0,entree_mean,2
31,Ensalada Mexicana,ensalada mexicana,side,1.1502476609796422,0,entree_mean,1
31,Ensalada Mixta,ensalada mixta,side,0.7319757842597682,0,entree_mean,1
31,Extra Pan Indio.,extra pan indio.,side,0.31370390753990063,0,entree_mean,1
31,Falafel Con Patatas,falafel con patatas,side,0.7319757842597693,0,entree_mean,15
31,Fanta (33Cl),fanta (33cl),drink,0.2718767198679141,0,entree_mean,11
31,Fanta Limón botella 2L.,fanta limón botella 2l.,drink,0.5228398458998343,0,entree_mean,11
31,Hamburguesa Clásica,hamburguesa clásica,entree,0.6274078150798024,0,entree_mean,3
31,Hamburguesa Completa,hamburguesa completa,entree,0.8365437534397364,0,entree_mean,5
31,Hamburguesa Gigante Especial Reys,hamburguesa gigante especial reys,entree,1.150247660979632,0,entree_mean,9
31,Hamburguesa Xxl,hamburguesa xxl,entree,0.9411117226197021,0,entree_mean,2
31,Helado 500 Gr.,helado 500 gr.,dessert,0.6274078150798015,0,entree_mean,5
31,Lambrusco .,lambrusco .,drink,0.7319757842597688,0,entree_mean,4
31,Lasaña,lasaña,entree,1.1502476609796364,0,entree_mean,4
31,Meat Samosa,meat samosa,appetizer,0.7319757842597686,0,entree_mean,5
31,Monster,monster,drink,0.4182718767198682,0,entree_mean,3
31,Morro (Solo),morro (solo),uncertain,0.6253164556962036,0,entree_mean,20
31,Muslitos De Mar,muslitos de mar,entree,1.04567969179967,0,entree_mean,2
31,Nuguets Pollo C,nuguets pollo c,uncertain,1.1502476609796333,0,entree_mean,1
31,Pakora Vegetal .,pakora vegetal .,appetizer,0.6274078150798023,0,entree_mean,1
31,Patatas Bravas,patatas bravas,side,0.5228398458998352,0,entree_mean,48
31,Patatas Deluxe,patatas deluxe,side,0.6274078150798027,0,entree_mean,13
31,Patatas Fritas .,patatas fritas .,side,0.5228398458998356,0,entree_mean,67
31,Patatas Fritas Con Carne Asada,patatas fritas con carne asada,side,0.8365437534397339,0,entree_mean,16
31,Patatas Fritas Saab,patatas fritas saab,side,0.8365437534397344,0,entree_mean,14
31,Pechuga Pollo Empanada,pechuga pollo empanada,entree,1.1502476609796368,0,entree_mean,2
31,Pepsi 2L,pepsi 2l,drink,0.5228398458998345,0,entree_mean,4
31,Pollo Con Patatas Fritas,pollo con patatas fritas,entree,0.9411117226197021,0,entree_mean,5
31,Pollo Con Queso,pollo con queso,entree,0.9411117226197055,0,entree_mean,12
31,Pollo Normal,pollo normal,uncertain,0.8365437534397369,0,entree_mean,18
31,Pollo Normal Salsa Barbacoa,pollo normal salsa barbacoa,entree,0.8365437534397372,0,entree_mean,3
31,Pollo Solo Carne,pollo solo carne,entree,0.9411117226197051,0,entree_mean,3
31,Pollo Solo Carne Con Patas Fritas,pollo solo carne con patas fritas,uncertain,1.04567969179967,0,entree_mean,30
31,Pollo Solo Carne Salsa Barbacoa,pollo solo carne salsa barbacoa,entree,0.9411117226197004,0,entree_mean,1
31,Profiteroles Nata,profiteroles nata,dessert,0.6274078150798016,0,entree_mean,4
31,Rabo Cerdo,rabo cerdo,entree,0.8365437534397377,0,entree_mean,13
31,Red Bull,red bull,drink,0.4182718767198683,0,entree_mean,2
31,Samosa Vegetal,samosa vegetal,appetizer,0.6274078150798001,0,entree_mean,3
31,Sandwich Mixto,sandwich mixto,entree,0.5228398458998342,0,entree_mean,3
31,Sandwich Vegetal,sandwich vegetal,uncertain,0.6274078150798027,0,entree_mean,2
31,Sepia Plancha,sepia plancha,entree,1.5685195376995054,0,entree_mean,1
31,Spaguetti 4 Quesos,spaguetti 4 quesos,entree,1.1502476609796388,0,entree_mean,1
31,Spaguetti Carbonara,spaguetti carbonara,entree,1.1502476609796415,0,entree_mean,3
31,Tikka Masala Cordero,tikka masala cordero,entree,1.5685195376995096,0,entree_mean,1
31,Tikka Masala Pollo,tikka masala pollo,entree,1.4430379746835424,0,entree_mean,3
31,Tiramisú,tiramisú,dessert,0.6274078150798031,0,entree_mean,3
31,Tortellini Carbonara,tortellini carbonara,entree,1.1502476609796364,0,entree_mean,1
31,Varitas De Merluza,varitas de merluza,side,1.0456796917996711,0,entree_mean,2
31,Vegetal,vegetal,uncertain,0.627407815079801,0,entree_mean,3
31,Vino (Varias) Min,vino (varias) min,drink,0.6274078150797988,0,entree_mean,1
31,Zumo (33Cl),zumo (33cl),drink,0.27187671986791395,0,entree_mean,1
32,Arroz Frito Estilo Thai,arroz frito estilo thai,side,1.0860306643952315,0,entree_mean,17
32,Bandeja Nº11,bandeja no11,uncertain,1.2776831345826247,0,entree_mean,1
32,Bandeja Nº12,bandeja no12,uncertain,1.6609880749574193,0,entree_mean,2
32,Bandeja Nº13,bandeja no13,uncertain,1.4693356047700283,0,entree_mean,7
32,Bandeja Nº16,bandeja no16,uncertain,1.852640545144799,0,entree_mean,3
32,Bandeja Nº18,bandeja no18,uncertain,2.235945485519597,0,entree_mean,5
32,Bandeja Nº22,bandeja no22,uncertain,2.363713798977856,0,entree_mean,17
32,Bandeja Nº8,bandeja no8,uncertain,1.2776831345826218,0,entree_mean,2
32,Berenjena Tempurizada,berenjena tempurizada,side,0.830494037478701,0,entree_mean,7
32,Brocheta De Langostino Sate,brocheta de langostino sate,appetizer,0.7027257240204409,0,entree_mean,2
32,California Panko De Langostino Con Salsa Agripicante,california panko de langostino con salsa agripicante,entree,1.2521294718909717,0,entree_mean,8
32,Combo California Nº12,combo california no12,appetizer,1.4693356047700266,0,entree_mean,3
32,Combo Salmón Nº18,combo salmón no18,uncertain,1.9804088586030668,0,entree_mean,2
32,Cristal Roll De Salmón Y Aguacate,cristal roll de salmón y aguacate,appetizer,0.894378194207831,0,entree_mean,1
32,Dragón Aguacate,dragón aguacate,uncertain,1.3415672913117591,0,entree_mean,12
32,Edamame,edamame,appetizer,0.5110732538330486,0,entree_mean,5
32,Ensalada De Alga Wakame,ensalada de alga wakame,side,0.5749574105621791,0,entree_mean,4
32,Ensalada De Col,ensalada de col,side,0.44718909710391797,0,entree_mean,5
32,Ensalada Sowu,ensalada sowu,side,0.8304940374787074,0,entree_mean,2
32,Futomaki,futomaki,appetizer,1.0860306643952298,0,entree_mean,4
32,Gunkan De Salmón,gunkan de salmón,appetizer,0.5366269165247016,0,entree_mean,14
32,Gyoza De Pato,gyoza de pato,appetizer,0.958262350936969,0,entree_mean,14
32,Gyoza De Pollo Y Verduras,gyoza de pollo y verduras,appetizer,0.7666098807495709,0,entree_mean,13
32,Langostino De Panko Con Cebolla Caramelizada,langostino de panko con cebolla caramelizada,appetizer,0.7027257240204425,0,entree_mean,6
32,Langostino Frito Con Salsa Tonkatsu,langostino frito con salsa tonkatsu,entree,0.5110732538330496,0,entree_mean,5
32,Langostino Panko,langostino panko,appetizer,0.8304940374787051,0,entree_mean,3
32,Lomo De Cerdo En Panko Con Salsa Tonkatsu Y Col,lomo de cerdo en panko con salsa tonkatsu y col,entree,0.9582623509369678,0,entree_mean,1
32,Maki De Aguacate Con Queso,maki de aguacate con queso,appetizer,0.511073253833049,0,entree_mean,6
32,Maki De Atún,maki de atún,appetizer,0.6388415672913094,0,entree_mean,4
32,Maki De Salmón,maki de salmón,entree,0.6132879045996601,0,entree_mean,5
32,Maki De Salmón Con Queso,maki de salmón con queso,appetizer,0.6388415672913126,0,entree_mean,7
32,Maki Mix Nº16,maki mix no16,appetizer,1.213798977853495,0,entree_mean,4
32,Masago De Salmón Con Queso,masago de salmón con queso,appetizer,1.0221465076660965,0,entree_mean,1
32,Nigiri De Anguila Y Foie Flameado,nigiri de anguila y foie flameado,entree,0.6643952299829632,0,entree_mean,6
32,Nigiri De Atún,nigiri de atún,entree,0.6132879045996608,0,entree_mean,16
32,Nigiri De Salmón,nigiri de salmón,appetizer,0.5749574105621797,0,entree_mean,17
32,Poke De Salmón,poke de salmón,entree,1.213798977853489,0,entree_mean,4
32,Pollo Crujiente Con Salsa De Anguila Y Cebollino,pollo crujiente con salsa de anguila y cebollino,entree,0.702725724020441,0,entree_mean,6
32,Pollo Kung Pao Picante,pollo kung pao picante,entree,0.8943781942078365,0,entree_mean,5
32,Pollo Sésamo Tostado,pollo sésamo tostado,side,1.0860306643952307,0,entree_mean,6
32,Pollo Yakitori,pollo yakitori,appetizer,0.574957410562178,0,entree_mean,8
32,Roll De Salmón Con Queso,roll de salmón con queso,appetizer,0.8304940374787054,0,entree_mean,2
32,Rollito De La Casa,rollito de la casa,appetizer,0.383304940374786,0,entree_mean,9
32,Salmón Con Cebolla Frita,salmón con cebolla frita,entree,1.022146507666098,0,entree_mean,6
32,Salmón Picante Sichimi,salmón picante sichimi,uncertain,0.958262350936967,0,entree_mean,2
32,Sashimi De Atún (10 Pzs.),sashimi de atún (10 pzs.),appetizer,1.852640545144798,0,entree_mean,1
32,Sashimi De Salmón (10 Pzs.),sashimi de salmón (10 pzs.),entree,1.4693356047700186,0,entree_mean,3
32,Sashimi De Salmón (5 Pzs.),sashimi de salmón (5 pzs.),appetizer,0.8304940374787021,0,entree_mean,1
32,Sashimi De Salmón Y Atún (10 Pzs.),sashimi de salmón y atún (10 pzs.),entree,1.7248722316865468,0,entree_mean,3
32,Sashimi De Salmón Y Atún (6 Pzs.),sashimi de salmón y atún (6 pzs.),appetizer,0.9582623509369678,0,entree_mean,1
32,Sopa De Miso,sopa de miso,uncertain,0.5110732538330486,0,entree_mean,11
32,Tartar De Salmón,tartar de salmón,appetizer,1.4693356047700166,0,entree_mean,3
32,Tempura De Gambones Agripicante,tempura de gambones agripicante,appetizer,1.1243611584327107,0,entree_mean,17
32,Tempura De Verduras,tempura de verduras,appetizer,1.0221465076660976,0,entree_mean,8
32,Ternera Salteada Con Verdura En Salsa Yakiniku,ternera salteada con verdura en salsa yakiniku,entree,1.1243611584327098,0,entree_mean,6
32,Udon Frito Con Ternera,udon frito con ternera,entree,1.1499148211243593,0,entree_mean,1
32,Uramaki De Atún,uramaki de atún,appetizer,0.9582623509369653,0,entree_mean,1
32,Uramaki De Pollo Crujiente,uramaki de pollo crujiente,uncertain,0.9582623509369673,0,entree_mean,5
32,Uramaki De Salmón Y Aguacate,uramaki de salmón y aguacate,appetizer,0.8943781942078373,0,entree_mean,2
32,Uramaki Salmón Aguacate Con Queso Cremoso,uramaki salmón aguacate con queso cremoso,appetizer,0.9582623509369678,0,entree_mean,18
32,Uramaki Vegetal,uramaki vegetal,appetizer,0.8304940374787038,0,entree_mean,1
32,Verdura Wok,verdura wok,side,0.7666098807495736,0,entree_mean,7
32,Viet Rolls De Gambón,viet rolls de gambón,appetizer,1.0860306643952342,0,entree_mean,3
32,Yakimeshi,yakimeshi,side,1.0221465076660976,0,entree_mean,6
32,Yakisoba,yakisoba,entree,1.0860306643952269,0,entree_mean,18
33,Agua 500 ml PET,agua 500 ml pet,drink,0.12539184952978114,0,entree_mean,6
33,Aquarius Limón,aquarius limón,drink,0.2194357366771153,0,entree_mean,1
33,Arroz Natural,arroz natural,side,0.31347962382445216,0,entree_mean,6
33,Bun Fried Heura,bun fried heura,entree,0.7210031347962379,0,entree_mean,3
33,California Vegano,california vegano,uncertain,0.5747126436781606,0,entree_mean,16
33,Coca - Cola,coca - cola,drink,0.21943573667711705,0,entree_mean,1
33,Coca - Cola Zero,coca - cola zero,drink,0.21943573667711502,0,entree_mean,3
33,Combo 100% Vegetal ( 16 piezas),combo 100% vegetal ( 16 piezas),appetizer,1.2016718913270645,0,entree_mean,15
33,Combo 100% Vegetal ( 16 piezas).,combo 100% vegetal ( 16 piezas).,appetizer,1.2016718913270645,0,entree_mean,24
33,Crujiente de Berenjena con Miso,crujiente de berenjena con miso,appetizer,0.7836990595611273,0,entree_mean,80
33,Edamame,edamame,appetizer,0.4075235109717888,0,entree_mean,14
33,Ensalada de Algas,ensalada de algas,appetizer,0.5120167189132713,0,entree_mean,6
33,Ensalada de Col,ensalada de col,side,0.36572622779519426,0,entree_mean,8
33,Ensalada de Heura Crujiente,ensalada de heura crujiente,side,1.1494252873563264,0,entree_mean,12
33,Ensalada de Tofu  y espinacas,ensalada de tofu y espinacas,appetizer,0.8881922675026102,0,entree_mean,7
33,Ensalada Tropical de quinoa,ensalada tropical de quinoa,side,1.1494252873563173,0,entree_mean,5
33,Fanta de Naranja,fanta de naranja,drink,0.21943573667711563,0,entree_mean,1
33,Gyozas de Kale,gyozas de kale,appetizer,0.647857889237202,0,entree_mean,58
33,"Heineken 0,0 Lata","heineken 0,0 lata",drink,0.26123301985371117,0,entree_mean,2
33,Heineken Lata,heineken lata,drink,0.26123301985371,0,entree_mean,4
33,Hummus.,hummus.,appetizer,0.626959247648907,0,entree_mean,18
33,Japobravas 100% Vegetal,japobravas 100% vegetal,appetizer,0.5381400208986399,0,entree_mean,2
33,La Burguesa,la burguesa,entree,0.7575757575757566,0,entree_mean,58
33,Maki Aguacate,maki aguacate,appetizer,0.4075235109717889,0,entree_mean,21
33,Mochis de Chocolate,mochis de chocolate,dessert,0.5120167189132696,0,entree_mean,15
33,Mochis de Mango y Fruta de la Pasión,mochis de mango y fruta de la pasión,dessert,0.5120167189132712,0,entree_mean,23
33,Nicotto.,nicotto.,uncertain,0.3657262277951931,0,entree_mean,3
33,Noodles fríos de pepino con mayonesa vegetal de jengibre,noodles fríos de pepino con mayonesa vegetal de jengibre,appetizer,0.5485893416927904,0,entree_mean,11
33,Poke 100% Vegetal,poke 100% vegetal,entree,1.0344827586206873,0,entree_mean,2
33,Poke 100% Vegetal XXL,poke 100% vegetal xxl,uncertain,1.4524555903866336,0,entree_mean,2
33,Poke Heura,poke heura,entree,1.0344827586206928,0,entree_mean,3
33,Poke Heura XXL,poke heura xxl,entree,1.4524555903866252,0,entree_mean,7
33,Roll Maiz Print,roll maiz print,appetizer,0.8986415882967628,0,entree_mean,7
33,Roll Tricolor,roll tricolor,appetizer,1.0344827586206924,0,entree_mean,7
33,Rollito Crush de Coco,rollito crush de coco,dessert,0.9080459770114934,0,entree_mean,11
33,Sensaciones de Heura,sensaciones de heura,uncertain,1.1180773249738643,0,entree_mean,50
33,Sorbete de Mandarina,sorbete de mandarina,dessert,0.5120167189132718,0,entree_mean,2
33,Tempura de Verduras Panko,tempura de verduras panko,side,0.950888192267505,0,entree_mean,24
33,Vegetal Vegetal,vegetal vegetal,uncertain,0.783699059561129,0,entree_mean,17
33,Wakame,wakame,side,0.6165099268547543,0,entree_mean,9
33,Yakisoba 100% Vegetal,yakisoba 100% vegetal,side,0.9404388714733518,0,entree_mean,75
34,Arroz Con Relleno De Crema Dulce De Judías Rojas Chinas,arroz con relleno de crema dulce de judías rojas chinas,uncertain,0.3782608695652183,0,entree_mean,7
34,Arroz Pegajoso,arroz pegajoso,side,1.0956521739130451,0,entree_mean,66
34,Arroz Tres Delicias,arroz tres delicias,side,0.9913043478260909,0,entree_mean,87
34,Bao Zi Al Vapor,bao zi al vapor,appetizer,0.2869565217391315,0,entree_mean,193
34,Bao Zi Frito,bao zi frito,appetizer,0.313043478260867,0,entree_mean,1
34,Bolas De Pollo Frito (2 Uds.),bolas de pollo frito (2 uds.),appetizer,0.37826086956521826,0,entree_mean,110
34,Bolas De Tofu Y Carne (3 Uds.),bolas de tofu y carne (3 uds.),appetizer,0.3782608695652175,0,entree_mean,34
34,Cai Bao Vegetal,cai bao vegetal,uncertain,0.2869565217391317,0,entree_mean,27
34,Cong You Bing,cong you bing,appetizer,0.3782608695652184,0,entree_mean,67
34,Costillas Con Fideos,costillas con fideos,entree,1.565217391304348,0,entree_mean,32
34,Costillas Y Fideos,costillas y fideos,entree,1.5652173913043448,0,entree_mean,5
34,Dumplings (10 Uds.),dumplings (10 uds.),appetizer,1.095652173913046,0,entree_mean,175
34,Dumplings (3 Uds.),dumplings (3 uds.),appetizer,0.3782608695652182,0,entree_mean,66
34,Ensalada De Wakame,ensalada de wakame,side,1.095652173913044,0,entree_mean,9
34,Fideos Fritos Con Verduras Y Huevo,fideos fritos con verduras y huevo,entree,0.9913043478260878,0,entree_mean,115
34,Huevo De Té,huevo de té,uncertain,0.2608695652173907,0,entree_mean,15
34,Jian Bao De Cerdo (2 Uds),jian bao de cerdo (2 uds),appetizer,0.3652173913043482,0,entree_mean,87
34,Jian Bao De Pollo,jian bao de pollo,appetizer,0.37826086956521854,0,entree_mean,49
34,Jian Bao De Ternera,jian bao de ternera,entree,0.3782608695652181,0,entree_mean,55
34,Jian Bao De Verduras,jian bao de verduras,appetizer,0.3782608695652192,0,entree_mean,16
34,Lomo Agridulce,lomo agridulce,entree,1.1217391304347837,0,entree_mean,43
34,Me Cai Bing,me cai bing,uncertain,0.3782608695652183,0,entree_mean,36
34,Menú A,menú a,uncertain,1.8782608695652265,0,entree_mean,13
34,Menú B,menú b,uncertain,1.8782608695652225,0,entree_mean,9
34,Menú V (Vegetal),menú v (vegetal),uncertain,1.878260869565212,0,entree_mean,2
34,Mocci,mocci,dessert,0.3782608695652171,0,entree_mean,23
34,Nou Mi Bing,nou mi bing,uncertain,0.37826086956521837,0,entree_mean,30
34,Pan Chino,pan chino,side,0.3782608695652186,0,entree_mean,35
34,Pastel De Calabaza,pastel de calabaza,dessert,0.31304347826086965,0,entree_mean,23
34,Pollitos De Verdura (4Uds.),pollitos de verdura (4uds.),appetizer,0.36521739130434844,0,entree_mean,51
34,Ramen En Sobre,ramen en sobre,uncertain,0.6260869565217424,0,entree_mean,19
34,Shaomai Frito (3Uds.),shaomai frito (3uds.),appetizer,0.3782608695652184,0,entree_mean,69
34,Sopa De Algas,sopa de algas,appetizer,0.6260869565217402,0,entree_mean,9
34,Sopa De Bola De Mariscos,sopa de bola de mariscos,appetizer,1.1739130434782659,0,entree_mean,16
34,Sopa De Huevo Y Espinacas,sopa de huevo y espinacas,uncertain,0.6260869565217405,0,entree_mean,4
34,Sopa De Wun - Tu,sopa de wun - tu,uncertain,1.1739130434782623,0,entree_mean,45
34,Tarta De Verdura,tarta de verdura,appetizer,0.37826086956521804,0,entree_mean,10
34,Wan Tan Frito (3 Uds.),wan tan frito (3 uds.),appetizer,0.37826086956521743,0,entree_mean,62
34,Xian Mian,xian mian,uncertain,1.200000000000001,0,entree_mean,34
34,Zhong Zi Con Datiles Chinos,zhong zi con datiles chinos,uncertain,0.37826086956521815,0,entree_mean,4
34,Zhong Zi Envuelto De Arroz Con Carne Salada,zhong zi envuelto de arroz con carne salada,appetizer,0.3652173913043481,0,entree_mean,4
34,Zhong Zi Envuelto De Arroz Con Relleno De Carne De Cerdo,zhong zi envuelto de arroz con relleno de carne de cerdo,entree,0.378260869565218,0,entree_mean,22
34,Zi Ma Qui,zi ma qui,uncertain,0.3130434782608698,0,entree_mean,22
35,Agua (1.5 Lt.),agua (1.5 lt.),drink,0.26402321083172214,0,entree_mean,1
35,Bocadillo Almusafes,bocadillo almusafes,uncertain,0.8123791102514584,0,entree_mean,1
35,Bocadillo Bonanza,bocadillo bonanza,entree,1.1508704061895654,0,entree_mean,13
35,Bocadillo Brascada,bocadillo brascada,side,1.0154738878143101,0,entree_mean,14
35,Bocadillo Campestre,bocadillo campestre,entree,0.9342359767891609,0,entree_mean,22
35,Bocadillo Campestre Especial,bocadillo campestre especial,uncertain,1.0154738878143137,0,entree_mean,3
35,Bocadillo Catalana,bocadillo catalana,entree,0.8529980657640249,0,entree_mean,2
35,Bocadillo Chivito,bocadillo chivito,entree,0.9342359767891679,0,entree_mean,36
35,Bocadillo Exquisito,bocadillo exquisito,uncertain,0.8529980657640177,0,entree_mean,1
35,Bocadillo Granjero,bocadillo granjero,entree,0.8800773694390707,0,entree_mean,2
35,Bocadillo Ibérico,bocadillo ibérico,entree,0.8800773694390669,0,entree_mean,3
35,Bocadillo Jabato,bocadillo jabato,uncertain,0.8800773694390721,0,entree_mean,1
35,Bocadillo Paraíso,bocadillo paraíso,uncertain,1.0154738878143115,0,entree_mean,11
35,Bocadillo Patrio,bocadillo patrio,uncertain,0.9342359767891639,0,entree_mean,3
35,Bocadillo Payés,bocadillo payés,uncertain,0.8123791102514486,0,entree_mean,2
35,Cerveza Mahou Clásica (1 Lt.),cerveza mahou clásica (1 lt.),drink,0.44680851063829424,0,entree_mean,4
35,Ensalada César,ensalada césar,appetizer,1.25918762088975,0,entree_mean,2
35,Hamburguesa Completa (100 G.),hamburguesa completa (100 g.),entree,0.9342359767891711,0,entree_mean,35
35,Hamburguesa De Boletus (100 G.),hamburguesa de boletus (100 g.),entree,1.1237911025145118,0,entree_mean,1
35,Hamburguesa Especial (100 G.),hamburguesa especial (100 g.),entree,1.1237911025145066,0,entree_mean,8
35,Hamburguesa Foie (100 G.),hamburguesa foie (100 g.),entree,1.1237911025145024,0,entree_mean,3
35,Hamburguesa Normal (100 G.),hamburguesa normal (100 g.),entree,0.6769825918762072,0,entree_mean,6
35,Kas Limón 330ml,kas limón 330ml,drink,0.2640232108317208,0,entree_mean,2
35,Kas Naranja 330ml,kas naranja 330ml,drink,0.26402321083172126,0,entree_mean,1
35,Pepsi 330ml,pepsi 330ml,drink,0.2437137330754354,0,entree_mean,2
35,Pepsi Max 330ml,pepsi max 330ml,drink,0.2437137330754348,0,entree_mean,3
35,Sartén De Bacon,sartén de bacon,side,1.218568665377171,0,entree_mean,3
35,Sartén De Buey,sartén de buey,entree,1.353965183752418,0,entree_mean,13
35,Sartén De Embutido,sartén de embutido,appetizer,1.218568665377177,0,entree_mean,5
35,Sartén De Jamón,sartén de jamón,uncertain,1.150870406189554,0,entree_mean,5
35,Sartén De Lomo,sartén de lomo,entree,1.2185686653771752,0,entree_mean,2
35,Sartén De Pinchos,sartén de pinchos,appetizer,1.2185686653771775,0,entree_mean,4
35,Sándwich Campestre,sándwich campestre,uncertain,0.8123791102514523,0,entree_mean,4
35,Sándwich Mixto,sándwich mixto,uncertain,0.676982591876209,0,entree_mean,9
35,Sándwich Vegetal,sándwich vegetal,entree,0.8123791102514508,0,entree_mean,1
35,Tapa De Bravas (1/2 Ración),tapa de bravas (1/2 ración),appetizer,0.47388781431334626,0,entree_mean,41
35,Tapa De Bravas (Ración),tapa de bravas (ración),side,0.8123791102514497,0,entree_mean,23
35,Tapa De Calamares Rebozados (1/2 Ración),tapa de calamares rebozados (1/2 ración),appetizer,0.6769825918762081,0,entree_mean,5
35,Tapa De Calamares Rebozados (Ración),tapa de calamares rebozados (ración),appetizer,1.0831721470019344,0,entree_mean,10
35,Tapa De Croquetas De Pollo (1/2 Ración),tapa de croquetas de pollo (1/2 ración),appetizer,0.6092843326885862,0,entree_mean,12
35,Tapa De Croquetas De Pollo (Ración),tapa de croquetas de pollo (ración),appetizer,0.9477756286266935,0,entree_mean,3
35,Tapa De Morro (1/2 Ración),tapa de morro (1/2 ración),appetizer,0.6092843326885871,0,entree_mean,17
35,Tapa De Morro (Ración),tapa de morro (ración),appetizer,0.9477756286266935,0,entree_mean,9
35,Tapa De Oreja (1/2 Ración),tapa de oreja (1/2 ración),appetizer,0.6092843326885877,0,entree_mean,10
35,Tapa De Oreja (Ración),tapa de oreja (ración),appetizer,0.9477756286266926,0,entree_mean,6
35,Tapa De Puntilla (1/2 Ración),tapa de puntilla (1/2 ración),appetizer,0.6769825918762102,0,entree_mean,6
35,Tapa De Puntilla (Ración),tapa de puntilla (ración),appetizer,1.0831721470019258,0,entree_mean,1
35,Tapa De Queso Frito (1/2 Ración),tapa de queso frito (1/2 ración),appetizer,0.7446808510638285,0,entree_mean,16
35,Tapa De Queso Frito (Ración),tapa de queso frito (ración),appetizer,1.0831721470019315,0,entree_mean,3
35,Tapa De Rabo (1/2 Ración),tapa de rabo (1/2 ración),appetizer,0.6769825918762088,0,entree_mean,8
35,Tapa De Rabo (Ración),tapa de rabo (ración),appetizer,1.0154738878143137,0,entree_mean,7
35,Tapa De Zarajo,tapa de zarajo,appetizer,1.1508704061895574,0,entree_mean,2
36,Amateur Mix,amateur mix,uncertain,1.264144222213416,0,entree_mean,8
36,Arroz Avinagrado,arroz avinagrado,side,0.3124157582324608,0,entree_mean,5
36,Arroz Blanco,arroz blanco,side,0.27090106068645486,0,entree_mean,9
36,Box For 2 (42 Pzs.),box for 2 (42 pzs.),uncertain,4.2319333145729425,0,entree_mean,2
36,Box for Two,box for two,uncertain,4.451807661489599,0,entree_mean,14
36,Buey,buey,uncertain,0.4593993583451382,0,entree_mean,3
36,California Dorada zanahoria y naranja,california dorada zanahoria y naranja,uncertain,0.764912700657388,0,entree_mean,5
36,California Dorada Zanahoria Y Naranja  (6 Pzs.),california dorada zanahoria y naranja (6 pzs.),appetizer,0.7296069285958696,0,entree_mean,2
36,California Dream,california dream,uncertain,1.9347356384174288,0,entree_mean,34
36,California French Touch,california french touch,uncertain,0.8500240514019543,0,entree_mean,9
36,California French Touch (6 Pzs.),california french touch (6 pzs.),appetizer,0.7998892286351534,0,entree_mean,11
36,California Gamba Tempura,california gamba tempura,appetizer,0.7404336573244402,0,entree_mean,16
36,California Gamba Tempura (6 Pzs.),california gamba tempura (6 pzs.),appetizer,0.7071371080109626,0,entree_mean,10
36,California Muselina de atún y Aguacate,california muselina de atún y aguacate,appetizer,0.640138756498003,0,entree_mean,3
36,California Pacific,california pacific,uncertain,0.5943688919009815,0,entree_mean,12
36,California Pacific (6 Pzs.),california pacific (6 pzs.),uncertain,0.561061253340482,0,entree_mean,3
36,California Salmón Aburi (6 Pzs.),california salmón aburi (6 pzs.),appetizer,0.7063685470420581,0,entree_mean,13
36,California Salmón Ahumado  (6 Pzs.),california salmón ahumado (6 pzs.),appetizer,0.6936670694699338,0,entree_mean,1
36,California Salmón y Aguacate,california salmón y aguacate,appetizer,0.5455640011205224,0,entree_mean,47
36,California Salmón Y Aguacate (6 Pzs.),california salmón y aguacate (6 pzs.),appetizer,0.5158212417040654,0,entree_mean,77
36,California Yellow Fresh,california yellow fresh,uncertain,0.5444824064616213,0,entree_mean,3
36,California Yellow Fresh (6 Pzs.),california yellow fresh (6 pzs.),uncertain,0.5183385346472797,0,entree_mean,2
36,"Cerveza Asahi (5,0% Vol.) (33 cl.)","cerveza asahi (5,0% vol.) (33 cl.)",drink,0.33734312133854594,0,entree_mean,2
36,Cerveza Asahi 33cl,cerveza asahi 33cl,drink,0.35120856441183074,0,entree_mean,4
36,Cheesecake,cheesecake,dessert,0.4240332471108054,0,entree_mean,5
36,Chirashi Salmón,chirashi salmón,appetizer,1.6882705792713828,0,entree_mean,2
36,Chirasi Salmón Aguacate. Se sirve con arroz avinagrado,chirasi salmón aguacate. se sirve con arroz avinagrado,entree,1.581262697837204,0,entree_mean,5
36,Classic mix,classic mix,uncertain,1.5562288625257954,0,entree_mean,43
36,Coca Cola 33CL,coca cola 33cl,drink,0.21649445090641709,0,entree_mean,3
36,Coca Zero 33 cl,coca zero 33 cl,drink,0.2173691944578469,0,entree_mean,7
36,Coca-Cola Sabor Original lata 330ml.,coca-cola sabor original lata 330ml.,entree,0.207794825855057,0,entree_mean,2
36,Coca-Cola Zero Azúcar lata 330ml.,coca-cola zero azúcar lata 330ml.,entree,0.2007767831943743,0,entree_mean,1
36,Coleslaw wasabi,coleslaw wasabi,side,0.3150912701305816,0,entree_mean,1
36,Curry Chicken Katsu,curry chicken katsu,entree,1.4646442282951582,0,entree_mean,4
36,Curry Gambas Tempura,curry gambas tempura,entree,1.595680557356867,0,entree_mean,1
36,Edamame,edamame,appetizer,0.4204609095695033,0,entree_mean,14
36,Ensalada de Algas,ensalada de algas,appetizer,0.4760963615443292,0,entree_mean,15
36,Ensalada de verduras crujientes,ensalada de verduras crujientes,side,0.32136826555337933,0,entree_mean,2
36,Fanta 33cl,fanta 33cl,drink,0.2169360474789723,0,entree_mean,1
36,Fanta Limón lata 330ml.,fanta limón lata 330ml.,drink,0.20536555829520592,0,entree_mean,1
36,Fanta Naranja lata 330ml.,fanta naranja lata 330ml.,entree,0.20693652194530435,0,entree_mean,2
36,Fresh Mix,fresh mix,side,2.2978051396181765,0,entree_mean,19
36,Frozen Mochi De Coco (1 Pza.),frozen mochi de coco (1 pza.),dessert,0.23467455176333013,0,entree_mean,4
36,Frozen Mochi De Mango Pasión (1 Pza..),frozen mochi de mango pasión (1 pza..),dessert,0.2331301729399954,0,entree_mean,5
36,Gourmet Mix,gourmet mix,uncertain,1.8925723861567814,0,entree_mean,41
36,Gyozas Buey,gyozas buey,appetizer,0.44612472219960286,0,entree_mean,12
36,Gyozas De Pollo (3 uds.),gyozas de pollo (3 uds.),appetizer,0.47016515039425066,0,entree_mean,13
36,Gyozas Pollo,gyozas pollo,appetizer,0.4945976341660545,0,entree_mean,29
36,Gyozas Vegetarianas,gyozas vegetarianas,appetizer,0.3952314995742523,0,entree_mean,10
36,Gyozas Vegetarianas (3 Uds.),gyozas vegetarianas (3 uds.),appetizer,0.46649000830623005,0,entree_mean,3
36,Just Salmon,just salmon,uncertain,1.0691178874271439,0,entree_mean,5
36,Macedonia de fruta del momento,macedonia de fruta del momento,dessert,0.4612947532374393,0,entree_mean,2
36,Maki Aguacate wasabi,maki aguacate wasabi,appetizer,0.4680353491297879,0,entree_mean,4
36,Maki Aguacate Wasabi (6 Pzs.),maki aguacate wasabi (6 pzs.),appetizer,0.4387355109033949,0,entree_mean,1
36,Maki Aguacate Y Queso (6 Pzs.),maki aguacate y queso (6 pzs.),entree,0.42258328029574016,0,entree_mean,6
36,Maki Atún,maki atún,appetizer,0.5424187705416531,0,entree_mean,6
36,Maki Atún (6 Pzs.),maki atún (6 pzs.),appetizer,0.5153243489334773,0,entree_mean,7
36,Maki Queso y Aguacate,maki queso y aguacate,entree,0.4406828288786625,0,entree_mean,7
36,Maki Salmon Roll,maki salmon roll,appetizer,0.7434855573383758,0,entree_mean,21
36,Maki Salmón,maki salmón,appetizer,0.48322096416798677,0,entree_mean,10
36,Maki Salmón (6 Pzs.),maki salmón (6 pzs.),appetizer,0.4629862733194701,0,entree_mean,3
36,Maki Salmón Roll (6 Pzs.),maki salmón roll (6 pzs.),appetizer,0.7066768858005859,0,entree_mean,7
36,Mangajo de granada (25 cl.),mangajo de granada (25 cl.),drink,0.3322981970245049,0,entree_mean,1
36,Mango Fresco,mango fresco,drink,0.4891014444432344,0,entree_mean,1
36,Menú Gourmet,menú gourmet,uncertain,2.0608924510502464,0,entree_mean,1
36,Menú Smart,menú smart,uncertain,1.6571402671317357,0,entree_mean,2
36,Mi-Cuit De Chocolate,mi-cuit de chocolate,dessert,0.4346474065100167,0,entree_mean,5
36,Mochi Coco,mochi coco,dessert,0.248607422979497,0,entree_mean,7
36,Mochi Mango,mochi mango,dessert,0.24792178773213183,0,entree_mean,8
36,Mousse de chocolate,mousse de chocolate,dessert,0.417502530179167,0,entree_mean,3
36,Nestea Té Negro Limón lata 330ml.,nestea té negro limón lata 330ml.,entree,0.20851950283340048,0,entree_mean,1
36,Nigiri Salmón,nigiri salmón,appetizer,0.1936042058599299,0,entree_mean,11
36,Nigiri Salmón (1 Pza.),nigiri salmón (1 pza.),appetizer,0.18250298162533696,0,entree_mean,5
36,Nigiri Salmón teriyaki,nigiri salmón teriyaki,appetizer,0.2466163792346128,0,entree_mean,9
36,Nigiri Slamón Teriyaki (1 Pza.),nigiri slamón teriyaki (1 pza.),appetizer,0.23415902895549343,0,entree_mean,5
36,Perrier 33cl,perrier 33cl,drink,0.21799959714213707,0,entree_mean,2
36,Poke Bowl Atún Picante,poke bowl atún picante,entree,1.437040119394592,0,entree_mean,1
36,Poke Bowl Passion Salmón,poke bowl passion salmón,entree,1.3564683843074412,0,entree_mean,1
36,Poke Bowl Salmón Teriyaki,poke bowl salmón teriyaki,entree,1.2948087586116017,0,entree_mean,3
36,Poke para componer,poke para componer,uncertain,1.4620576968636103,0,entree_mean,1
36,Saké Shirakabegura kimoto junmai,saké shirakabegura kimoto junmai,drink,0.9289872680905574,0,entree_mean,1
36,Salmon Aburi Roll,salmon aburi roll,entree,0.7409964569541395,0,entree_mean,14
36,Salmon Lovers,salmon lovers,entree,1.584756047608796,0,entree_mean,19
36,Salmon Original,salmon original,entree,1.282333787127616,0,entree_mean,7
36,Salmón Lovers,salmón lovers,uncertain,1.5007701272588183,0,entree_mean,12
36,Salmón Original,salmón original,uncertain,1.1972384276373473,0,entree_mean,3
36,Sando Box Chicken Kastu,sando box chicken kastu,entree,1.5061546713849572,0,entree_mean,1
36,Sando Box Chicken Katsu,sando box chicken katsu,entree,1.5837199581495713,0,entree_mean,2
36,Sando Chicken Katsu,sando chicken katsu,entree,1.0998828011226915,0,entree_mean,1
36,Sando Salmon Aburi,sando salmon aburi,appetizer,1.316878906857979,0,entree_mean,1
36,Sando Veggie,sando veggie,entree,0.9888246428317117,0,entree_mean,1
36,Sashimi De Salmón (5 Pzs.),sashimi de salmón (5 pzs.),appetizer,0.559650090143439,0,entree_mean,3
36,Sashimi Mixto atún y salmón,sashimi mixto atún y salmón,appetizer,1.6082634665499784,0,entree_mean,1
36,Sashimi Mixto De Atún Y Salmón (15 Pzs.),sashimi mixto de atún y salmón (15 pzs.),appetizer,1.5458607823246124,0,entree_mean,3
36,Sashimi Salmón,sashimi salmón,appetizer,1.5867239699713682,0,entree_mean,6
36,Sashimi Salmón 5 piezas,sashimi salmón 5 piezas,entree,0.5824280078601048,0,entree_mean,6
36,Signature Rock & Roll (6 Pzs.),signature rock & roll (6 pzs.),appetizer,1.0342599505068035,0,entree_mean,5
36,Signature Rock N Roll,signature rock n roll,uncertain,1.084819364254406,0,entree_mean,8
36,Solan de cabras 50cl,solan de cabras 50cl,drink,0.21695155749054768,0,entree_mean,1
36,Sopa Miso,sopa miso,appetizer,0.31310332677251734,0,entree_mean,33
36,Spring Dorada Wasabi,spring dorada wasabi,appetizer,0.7181433892173409,0,entree_mean,3
36,Spring Pollo rebozado y aguacate,spring pollo rebozado y aguacate,uncertain,0.685470813047039,0,entree_mean,2
36,Spring Roll Atún Tataki (6 Pzs.),spring roll atún tataki (6 pzs.),appetizer,0.6809375815748702,0,entree_mean,3
36,Spring Roll Pollo Rebozado Y Aaguacate (6 Pzs.),spring roll pollo rebozado y aaguacate (6 pzs.),appetizer,0.6428986580884485,0,entree_mean,2
36,Spring Roll Salmón Aguacate (6 Pzs.),spring roll salmón aguacate (6 pzs.),appetizer,0.6431835095468887,0,entree_mean,4
36,Spring Roll Salmón Tataki (6 Pzs.),spring roll salmón tataki (6 pzs.),appetizer,0.682427463818394,0,entree_mean,1
36,Spring Salmón Tataki,spring salmón tataki,appetizer,0.7135647489407593,0,entree_mean,1
36,Spring Salmón y aguacate,spring salmón y aguacate,uncertain,0.6793008390979144,0,entree_mean,8
36,Spring Tataki Atún,spring tataki atún,appetizer,0.707998513356211,0,entree_mean,5
36,Sunrise,sunrise,uncertain,1.5442882716540973,0,entree_mean,24
36,Super Salmon,super salmon,uncertain,1.9707911964641227,0,entree_mean,58
36,Super Salmón,super salmón,uncertain,1.8662243531290466,0,entree_mean,15
36,Veggie,veggie,uncertain,1.3890779642607,0,entree_mean,4
36,Veggie box,veggie box,uncertain,1.384332211830555,0,entree_mean,10
36,Wasabeef,wasabeef,uncertain,1.088705919885416,0,entree_mean,1
36,Yakisoba Buey,yakisoba buey,entree,1.2788105700438306,0,entree_mean,1
36,Yakisoba Pollo,yakisoba pollo,side,1.2627378720548181,0,entree_mean,7
36,Yakisoba Veggie,yakisoba veggie,entree,0.934894568111173,0,entree_mean,4
36,Yakitori Buey con Queso,yakitori buey con queso,appetizer,0.591520590451371,0,entree_mean,6
36,Yakitori De Buey Con Queso (2 Uds.),yakitori de buey con queso (2 uds.),appetizer,0.5567089577908387,0,entree_mean,4
36,Yakitori De Pollo (2 Uds.),yakitori de pollo (2 uds.),appetizer,0.5657642670859596,0,entree_mean,5
36,Yakitori De Pollo Tsukune (2 Uds.),yakitori de pollo tsukune (2 uds.),appetizer,0.5575048144777507,0,entree_mean,2
36,Yakitori Pollo,yakitori pollo,appetizer,0.5936094840391575,0,entree_mean,14
36,Yakitori Pollo Tsukune,yakitori pollo tsukune,appetizer,0.588036827452273,0,entree_mean,4
37,Aalu Gobhi,aalu gobhi,uncertain,0.9442219136395738,0,entree_mean,1
37,Agua (50 cl.),agua (50 cl.),drink,0.12709690490352768,0,entree_mean,1
37,Basmati rice,basmati rice,side,0.42428247559877535,0,entree_mean,51
37,Butter chicken,butter chicken,entree,1.2185653500471176,0,entree_mean,36
37,Butter nan,butter nan,side,0.4764312543785232,0,entree_mean,9
37,Cerveza (33 cl.),cerveza (33 cl.),drink,0.20993881706389464,0,entree_mean,3
37,Chana Masala,chana masala,unclassified,0.8919996021356874,0,entree_mean,1
37,Cheese nan,cheese nan,side,0.47677743019503843,0,entree_mean,43
37,Chef especial biryani,chef especial biryani,entree,1.4777951654140502,0,entree_mean,2
37,Chef especial rice,chef especial rice,entree,0.6347369522041968,0,entree_mean,14
37,Chef special nan,chef special nan,uncertain,0.5313472811729014,0,entree_mean,5
37,Chicken chilly,chicken chilly,entree,1.2172046565512669,0,entree_mean,1
37,Chicken pakoda,chicken pakoda,appetizer,0.4679417945782826,0,entree_mean,5
37,Chicken tandoori,chicken tandoori,entree,0.6745663468791862,0,entree_mean,4
37,Chicken tikka,chicken tikka,entree,0.7353858163202038,0,entree_mean,9
37,Coca-Cola Sabor Original botella 2L.,coca-cola sabor original botella 2l.,drink,0.31301663928416096,0,entree_mean,3
37,Coca-Cola Sabor Original lata 330ml.,coca-cola sabor original lata 330ml.,entree,0.21068722139984997,0,entree_mean,2
37,Coconut rice,coconut rice,side,0.5253561847047019,0,entree_mean,20
37,Cordero badami pasanda,cordero badami pasanda,uncertain,1.1438176073687494,0,entree_mean,1
37,Cordero biryani,cordero biryani,entree,1.2264206284383716,0,entree_mean,2
37,Cordero curry,cordero curry,entree,1.1056999532150067,0,entree_mean,6
37,Cordero korma,cordero korma,entree,1.1602480078122552,0,entree_mean,4
37,Cordero madras,cordero madras,entree,1.1165455105387945,0,entree_mean,3
37,Cordero rogan josh,cordero rogan josh,entree,1.1312009444100082,0,entree_mean,2
37,Cordero tikka masala,cordero tikka masala,entree,1.219935721427699,0,entree_mean,3
37,Cordero vindaloo,cordero vindaloo,entree,1.1148424908989492,0,entree_mean,2
37,Dal Makhani,dal makhani,entree,0.8919996021356768,0,entree_mean,1
37,Dal Tarka,dal tarka,uncertain,0.8991550751549264,0,entree_mean,2
37,Gambas badami pasanda,gambas badami pasanda,uncertain,1.1543524262932254,0,entree_mean,1
37,Gambas biryani,gambas biryani,uncertain,1.3387368236587793,0,entree_mean,1
37,Gambas curry,gambas curry,entree,1.1701587506153186,0,entree_mean,3
37,Gambas do pyaza,gambas do pyaza,side,1.1121286431188164,0,entree_mean,3
37,Gambas madras,gambas madras,entree,1.1715535588512869,0,entree_mean,2
37,Gambas vindaloo,gambas vindaloo,entree,1.168515758371413,0,entree_mean,1
37,Garlic nan,garlic nan,side,0.44368811484420395,0,entree_mean,23
37,Gulab jamun,gulab jamun,dessert,0.4091922447987868,0,entree_mean,2
37,Keema nan,keema nan,side,0.44502812789057455,0,entree_mean,2
37,Keema samosa,keema samosa,appetizer,0.4751165607899382,0,entree_mean,11
37,Lam dai wala,lam dai wala,uncertain,1.282656783557287,0,entree_mean,2
37,Lamb tikka,lamb tikka,entree,0.7279673996210487,0,entree_mean,1
37,Mango kulfi,mango kulfi,dessert,0.48001774482472714,0,entree_mean,1
37,Menú Especial 2 Personas,menú especial 2 personas,uncertain,3.7816802964536893,0,entree_mean,3
37,Menú para 2 personas,menú para 2 personas,uncertain,2.5638169128996435,0,entree_mean,20
37,Menú Para 3 Personas,menú para 3 personas,uncertain,3.7296669176133985,0,entree_mean,3
37,Mushroom rice,mushroom rice,side,0.5489929503847918,0,entree_mean,3
37,Nau Raten Korma,nau raten korma,uncertain,1.0124256426460791,0,entree_mean,1
37,Nestea Té Negro Limón lata 330ml.,nestea té negro limón lata 330ml.,entree,0.21285876403329132,0,entree_mean,2
37,Onion bhaji,onion bhaji,appetizer,0.47737667461824634,0,entree_mean,2
37,Palak Paneer,palak paneer,entree,0.949493833354959,0,entree_mean,2
37,Papadoom,papadoom,appetizer,0.1793881178192773,0,entree_mean,9
37,Pepsi 2L.,pepsi 2l.,drink,0.3709908301400506,0,entree_mean,1
37,Pesawari nan,pesawari nan,side,0.4665704635934314,0,entree_mean,4
37,Pescado curry,pescado curry,uncertain,1.0872443585220966,0,entree_mean,1
37,Pilau rice,pilau rice,side,0.4778531246305677,0,entree_mean,10
37,Pistacho kulfi,pistacho kulfi,dessert,0.48001774482472687,0,entree_mean,1
37,Plain nan,plain nan,side,0.3709152469469221,0,entree_mean,11
37,Pollo badami pasanda,pollo badami pasanda,entree,1.0605944907485687,0,entree_mean,1
37,Pollo balti,pollo balti,entree,1.0550003014427227,0,entree_mean,1
37,Pollo bhuna,pollo bhuna,entree,1.0657112027853366,0,entree_mean,1
37,Pollo biryani,pollo biryani,entree,1.1090827343143645,0,entree_mean,2
37,Pollo con mango,pollo con mango,uncertain,1.0661539494542691,0,entree_mean,3
37,Pollo curry,pollo curry,entree,1.0651514167470018,0,entree_mean,3
37,Pollo do pyaza,pollo do pyaza,uncertain,1.0081270192958565,0,entree_mean,2
37,Pollo karahi,pollo karahi,uncertain,0.9688145717731141,0,entree_mean,4
37,Pollo korma,pollo korma,entree,1.1105331523726005,0,entree_mean,10
37,Pollo madras,pollo madras,uncertain,1.0502728608119694,0,entree_mean,13
37,Pollo rogan josh,pollo rogan josh,entree,1.0609827391839024,0,entree_mean,2
37,Pollo tikka masala,pollo tikka masala,entree,1.1632248220906372,0,entree_mean,46
37,Pollo vindaloo,pollo vindaloo,entree,1.056473979052186,0,entree_mean,2
37,Prawn pakoda,prawn pakoda,appetizer,0.695079126525456,0,entree_mean,4
37,Prawn puri,prawn puri,entree,0.7980604709139174,0,entree_mean,2
37,Punjabi Curry House chef especial,punjabi curry house chef especial,uncertain,1.4398033981619807,0,entree_mean,3
37,Roti - chapati,roti - chapati,side,0.3192543585134323,0,entree_mean,7
37,Seek kebab,seek kebab,entree,0.789176286141363,0,entree_mean,6
37,Tandoori mix grill,tandoori mix grill,entree,1.1296259716674486,0,entree_mean,6
37,Vegetable fry rice,vegetable fry rice,side,0.5410302595342561,0,entree_mean,3
37,Vegetable pakoda,vegetable pakoda,appetizer,0.4804617401408779,0,entree_mean,1
37,Vegetable samosa,vegetable samosa,appetizer,0.4769142600106388,0,entree_mean,20
37,Vegetal vindaloo,vegetal vindaloo,uncertain,0.8991550751549325,0,entree_mean,2
37,Vino Lambrusco (750 ml.),vino lambrusco (750 ml.),drink,0.5825274808078398,0,entree_mean,1
37,Vino Tinto (750 ml.),vino tinto (750 ml.),drink,0.4766133933882314,0,entree_mean,1
38,AGUA PARA LLEVAR,agua para llevar,drink,0.09739952662865872,0,entree_mean,3
38,Albondigas en Salsa LG,albondigas en salsa lg,entree,0.44477614608404475,0,entree_mean,1
38,ALBONDIGAS SALSA,albondigas salsa,appetizer,0.44842368098421903,0,entree_mean,6
38,ARROZ AL HORNO,arroz al horno,entree,0.6814387844576153,0,entree_mean,19
38,ARROZ MELOSO (2P),arroz meloso (2p),entree,1.3415573350235903,0,entree_mean,1
38,Arroz Meloso de Pollo (2P),arroz meloso de pollo (2p),entree,1.3264920041702488,0,entree_mean,1
38,Bacalao al horno,bacalao al horno,entree,0.8236750854157635,0,entree_mean,3
38,BOTE AQUARIUS NARANJA,bote aquarius naranja,drink,0.10746222798967417,0,entree_mean,1
38,BOTE COCA COLA,bote coca cola,drink,0.10721708695621844,0,entree_mean,4
38,BOTE COLA ZERO,bote cola zero,drink,0.10723436324364484,0,entree_mean,4
38,Brownie,brownie,dessert,0.3117879847975226,0,entree_mean,3
38,BROWNIE DE CHOCOLATE,brownie de chocolate,dessert,0.31714006148081475,0,entree_mean,1
38,BUÑUELITOS DE BACALAO,buñuelitos de bacalao,appetizer,0.4390823905714867,0,entree_mean,3
38,CACHOPO DE  TERNERA,cachopo de ternera,entree,0.774127728500397,0,entree_mean,28
38,CALLOS CON GARBANZOS,callos con garbanzos,uncertain,0.5997250149089548,0,entree_mean,2
38,CANELONES DE COCIDO,canelones de cocido,entree,0.5614583912454965,0,entree_mean,6
38,CROQUETA DE BOLETUS,croqueta de boletus,appetizer,0.11223765557337541,0,entree_mean,7
38,CROQUETA DE  CHORIZO,croqueta de chorizo,appetizer,0.10582386777678623,0,entree_mean,5
38,Croqueta de Cocido,croqueta de cocido,appetizer,0.11914526034504161,0,entree_mean,2
38,Croqueta de Jamón,croqueta de jamón,appetizer,0.13251666075432758,0,entree_mean,1
38,CROQUETA DE PUCHERO,croqueta de puchero,appetizer,0.09274773761307757,0,entree_mean,10
38,CROQUETA  JAMÓN,croqueta jamón,appetizer,0.11724464196168102,0,entree_mean,16
38,EL BESO,el beso,uncertain,0.5605402819996381,0,entree_mean,1
38,EL PULPO,el pulpo,appetizer,0.7070283991321534,0,entree_mean,1
38,ENSALADA CÉSAR,ensalada césar,side,0.6718854663713516,0,entree_mean,1
38,ENSALADA DE TOMATES Y BURRATA,ensalada de tomates y burrata,side,0.658544527602817,0,entree_mean,3
38,ENSALADILLA RUSA,ensaladilla rusa,side,0.3414873216423665,0,entree_mean,6
38,ESPAGUETTI CON ALBONDIGA,espaguetti con albondiga,entree,0.511612160461636,0,entree_mean,1
38,ESPINACAS A LA CREMA,espinacas a la crema,side,0.3996895923823523,0,entree_mean,1
38,Estofado de Ternera,estofado de ternera,entree,0.6608341984411722,0,entree_mean,1
38,ESTOFADO TERNERA ALBONDI,estofado ternera albondi,entree,0.6675256487338574,0,entree_mean,2
38,HOYA DE CADENAS TINTO,hoya de cadenas tinto,drink,0.4627448888708333,0,entree_mean,1
38,JUDIAS PINTAS,judias pintas,side,0.638949769224478,0,entree_mean,2
38,LA CAMIONETA,la camioneta,uncertain,0.584993644156005,0,entree_mean,2
38,LEMON PIE,lemon pie,dessert,0.3173660843768571,0,entree_mean,3
38,MARQUÉS DE CÁCERES,marqués de cáceres,drink,0.6095072406311651,0,entree_mean,1
38,MENÚ DE NOCHES Y FINDES,menú de noches y findes,uncertain,1.1170782620253505,0,entree_mean,4
38,MENÚ DEL DÍA,menú del día,uncertain,1.105855249066923,0,entree_mean,3
38,MENÚ DEL DÍA TAKE AWAY,menú del día take away,uncertain,0.970623386272778,0,entree_mean,14
38,Paella de Marisco(2P),paella de marisco(2p),entree,1.8812068422777892,0,entree_mean,2
38,PAELLA DE MARISCOS (2P),paella de mariscos (2p),entree,1.8992480969957264,0,entree_mean,2
38,PAELLA DE VERDURAS (2P),paella de verduras (2p),entree,1.512026380625924,0,entree_mean,1
38,PAELLA VALENCIANA (2P),paella valenciana (2p),entree,1.5117384774196794,0,entree_mean,5
38,Patatas Bravas,patatas bravas,side,0.3336067289661171,0,entree_mean,2
38,PATATAS BRAVAS LG,patatas bravas lg,side,0.3419789178737631,0,entree_mean,15
38,PATATAS CON JAMÓN,patatas con jamón,side,0.4147459858678214,0,entree_mean,5
38,Sarten Huevos/Chistorra,sarten huevos/chistorra,uncertain,0.4331114819886346,0,entree_mean,1
38,Sarten Huevos/Jamon LG,sarten huevos/jamon lg,entree,0.4022827201470629,0,entree_mean,1
38,TABLA LOS GÓMEZ,tabla los gómez,uncertain,0.9075721431964007,0,entree_mean,2
38,Tarta de Queso,tarta de queso,dessert,0.32655891400173453,0,entree_mean,1
38,TORREZNO DE SORIA,torrezno de soria,side,0.14599263437819118,0,entree_mean,21
38,XISTORRA CON PIMIENTOS,xistorra con pimientos,uncertain,0.43343005601036205,0,entree_mean,3
39,2 Pizzas Familiares (34 Cm.) Con 1 Ingrediente A Elegir,2 pizzas familiares (34 cm.) con 1 ingrediente a elegir,uncertain,1.1562953194720798,0,entree_mean,21
39,2 Pizzas Medianas (27 Cm.) Con 1 Ingrediente A Elegir,2 pizzas medianas (27 cm.) con 1 ingrediente a elegir,entree,1.0013197285624396,0,entree_mean,10
39,Agua Mineral (500 Ml.),agua mineral (500 ml.),drink,0.07624552179223011,0,entree_mean,1
39,Bollito Preñado De Queso Mozzarella Y Bacon (4 Uds.),bollito preñado de queso mozzarella y bacon (4 uds.),uncertain,0.30445425043762187,0,entree_mean,7
39,Bollito Preñado De Queso Mozzarella Y Chorizo (4 Uds.),bollito preñado de queso mozzarella y chorizo (4 uds.),appetizer,0.30621051676805255,0,entree_mean,1
39,Bollito Preñado De Queso Mozzarella Y Chorizo (6 Uds.),bollito preñado de queso mozzarella y chorizo (6 uds.),entree,0.4230290623977301,0,entree_mean,1
39,Bollito Preñado De Queso Mozzarella Y Jamón York (4 Uds.),bollito preñado de queso mozzarella y jamón york (4 uds.),appetizer,0.3055165897170308,0,entree_mean,3
39,Bollito Preñado De Queso Mozzarella Y Jamón York (6 Uds.),bollito preñado de queso mozzarella y jamón york (6 uds.),appetizer,0.44777853408677265,0,entree_mean,2
39,Bollito Preñado De Queso Mozzarella Y Pepperoni (4 Uds.),bollito preñado de queso mozzarella y pepperoni (4 uds.),entree,0.3052369504761416,0,entree_mean,3
39,Bollito Preñado De Queso Mozzarella Y Pepperoni (6 Uds.),bollito preñado de queso mozzarella y pepperoni (6 uds.),appetizer,0.4575770965027622,0,entree_mean,2
39,Calzone Especial Familiar + Pizza Margarita Familiar De Regalo,calzone especial familiar + pizza margarita familiar de regalo,uncertain,1.3677367255422492,0,entree_mean,1
39,Calzone Pizza&Pizza Familiar + Pizza Margarita Familiar De Regalo,calzone pizza&pizza familiar + pizza margarita familiar de regalo,entree,1.3675777793660846,0,entree_mean,2
39,Cerveza Amstel Clásica (1 Lt.),cerveza amstel clásica (1 lt.),drink,0.22948026453072473,0,entree_mean,2
39,Cerveza Heineken (330 Ml.),cerveza heineken (330 ml.),drink,0.137299486817037,0,entree_mean,3
39,Coca-Cola Sabor Original botella 2L.,coca-cola sabor original botella 2l.,drink,0.2660496403934093,0,entree_mean,7
39,Coca-Cola Sabor Original lata 330ml.,coca-cola sabor original lata 330ml.,entree,0.11472937699222607,0,entree_mean,3
39,Coca-Cola Zero Azúcar (2 Lt.),coca-cola zero azúcar (2 lt.),drink,0.2632308506418246,0,entree_mean,4
39,Coca-Cola Zero Azúcar lata 330ml.,coca-cola zero azúcar lata 330ml.,entree,0.1143145642525769,0,entree_mean,1
39,Empanada Carne Vacuna (1 Ud.),empanada carne vacuna (1 ud.),appetizer,0.190712205747892,0,entree_mean,4
39,Empanada De Ternera Picante (1 Ud.),empanada de ternera picante (1 ud.),appetizer,0.19098359960303798,0,entree_mean,3
39,Empanada De Verduras Veganas (1 Ud.),empanada de verduras veganas (1 ud.),appetizer,0.19078243306781303,0,entree_mean,1
39,Empanada Espinacas Con Cebolla Y Pimiento Rojo (1 Ud.),empanada espinacas con cebolla y pimiento rojo (1 ud.),appetizer,0.1907824330678122,0,entree_mean,1
39,Empanada Jamón Y Queso (1 Ud.),empanada jamón y queso (1 ud.),appetizer,0.19078238852829035,0,entree_mean,2
39,Empanada Pollo Sabroso (1 Ud.),empanada pollo sabroso (1 ud.),appetizer,0.19084690590740702,0,entree_mean,5
39,Empanadas (7 Uds.),empanadas (7 uds.),appetizer,1.1424392519899131,0,entree_mean,1
39,Nestea Té Negro Limón lata 330ml.,nestea té negro limón lata 330ml.,entree,0.11467024894115185,0,entree_mean,2
39,Pan De Ajo (4 Uds.),pan de ajo (4 uds.),side,0.19061380448057497,0,entree_mean,1
39,Pan De Ajo Con Queso (4 Uds.),pan de ajo con queso (4 uds.),side,0.2516039332275881,0,entree_mean,7
39,Pan De Ajo Con Queso (6 Uds.),pan de ajo con queso (6 uds.),side,0.28968373478128523,0,entree_mean,13
39,Pizza 4 Quesos Familiar (34 Cm.)+ pizza margarita familiar de regalo,pizza 4 quesos familiar (34 cm.)+ pizza margarita familiar de regalo,uncertain,1.2985204932643937,0,entree_mean,9
39,Pizza 4 Quesos Mediana (27 Cm.) + pizza margarita mediana de regalo,pizza 4 quesos mediana (27 cm.) + pizza margarita mediana de regalo,uncertain,1.1327367269729058,0,entree_mean,10
39,Pizza Barbacoa De Luxe Familiar  (34 Cm.) + pizza margarita familiar,pizza barbacoa de luxe familiar (34 cm.) + pizza margarita familiar,entree,1.3673873851384413,0,entree_mean,9
39,Pizza Barbacoa Deluxe Mediana (27 Cm.)+ pizza margarita mediana de regalo,pizza barbacoa deluxe mediana (27 cm.)+ pizza margarita mediana de regalo,uncertain,1.2045207746709405,0,entree_mean,18
39,Pizza Barbacoa Familiar (34 Cm.)+ pizza margarita familiar de regalo,pizza barbacoa familiar (34 cm.)+ pizza margarita familiar de regalo,entree,1.2980667240926944,0,entree_mean,7
39,Pizza Barbacoa Mediana (27 Cm.) + pizza margarita mediana de regalo.,pizza barbacoa mediana (27 cm.) + pizza margarita mediana de regalo.,entree,1.1351539935932502,0,entree_mean,3
39,Pizza Carbonara Familiar (34 Cm.)+ pizza margarita familiar de regalo,pizza carbonara familiar (34 cm.)+ pizza margarita familiar de regalo,entree,1.2989947799886805,0,entree_mean,6
39,Pizza Carbonara Mediana (27 Cm.) + pizza margarita mediana de regalo.,pizza carbonara mediana (27 cm.) + pizza margarita mediana de regalo.,entree,1.1331330281119638,0,entree_mean,21
39,Pizza Cárnica Familiar (34 Cm.)+ pizza margarita familiar de regalo,pizza cárnica familiar (34 cm.)+ pizza margarita familiar de regalo,uncertain,1.2891376679031692,0,entree_mean,2
39,Pizza Cárnica Mediana (27 Cm.)+ pizza margarita mediana de regalo,pizza cárnica mediana (27 cm.)+ pizza margarita mediana de regalo,uncertain,1.129046543082576,0,entree_mean,7
39,Pizza De La Granja Familiar (34 Cm.)+ pizza margarita familiar de regalo,pizza de la granja familiar (34 cm.)+ pizza margarita familiar de regalo,entree,1.291701745719892,0,entree_mean,2
39,Pizza De La Granja Mediana (27 Cm.) +pizza margarita mediana de regalo,pizza de la granja mediana (27 cm.) +pizza margarita mediana de regalo,entree,1.1380655443160304,0,entree_mean,3
39,Pizza De La Huerta Familiar (34 Cm.)+ pizza margarita familiar regalo,pizza de la huerta familiar (34 cm.)+ pizza margarita familiar regalo,uncertain,1.3639074408796779,0,entree_mean,3
39,Pizza De La Huerta Mediana (27 Cm.)+ pizza margarita mediana de regalo,pizza de la huerta mediana (27 cm.)+ pizza margarita mediana de regalo,entree,1.2134314027374284,0,entree_mean,7
39,Pizza De Luxe Familiar (34 Cm.)+ pizza margarita familiar de regalo,pizza de luxe familiar (34 cm.)+ pizza margarita familiar de regalo,entree,1.3674950039729912,0,entree_mean,2
39,Pizza Deluxe Mediana (27 Cm.)+ pizza margarita mediana de regalo,pizza deluxe mediana (27 cm.)+ pizza margarita mediana de regalo,uncertain,1.2143752343618635,0,entree_mean,5
39,Pizza Fugazetta Familiar (34 Cm.),pizza fugazetta familiar (34 cm.),uncertain,0.9139514015919281,0,entree_mean,1
39,Pizza Hawaiana Familiar (34 Cm.)+ pizza margarita familiar de regalo,pizza hawaiana familiar (34 cm.)+ pizza margarita familiar de regalo,uncertain,1.2869319426972592,0,entree_mean,1
39,Pizza Hawaiana Hot Mediana (27 Cm.)+ pizza margarita mediana de regalo,pizza hawaiana hot mediana (27 cm.)+ pizza margarita mediana de regalo,uncertain,1.1353450657325765,0,entree_mean,2
39,Pizza Hawaiana Mediana (27 Cm.)+ pizza margarita mediana de regalo,pizza hawaiana mediana (27 cm.)+ pizza margarita mediana de regalo,entree,1.1133669515764817,0,entree_mean,2
39,Pizza Jardinera Mediana (27 Cm.) + pizza margarita mediana de regalo.,pizza jardinera mediana (27 cm.) + pizza margarita mediana de regalo.,entree,1.135627441109595,0,entree_mean,1
39,Pizza Margarita Familiar (34 Cm.),pizza margarita familiar (34 cm.),entree,0.8406062900620374,0,entree_mean,4
39,Pizza Margarita Mediana (27 Cm.),pizza margarita mediana (27 cm.),entree,0.6870221029153032,0,entree_mean,4
39,Pizza Nápoli Mediana (27 Cm.) + pizza margarita mediana de regalo,pizza nápoli mediana (27 cm.) + pizza margarita mediana de regalo,entree,1.1330946042481171,0,entree_mean,1
39,Pizza Pepperoni Familiar (34 Cm.),pizza pepperoni familiar (34 cm.),entree,0.9158260675041641,0,entree_mean,3
39,Pizza Pepperoni Mediana (27 Cm.),pizza pepperoni mediana (27 cm.),entree,0.7618960701026012,0,entree_mean,2
39,Pizza Picante Mediana (27 Cm.) + pizza margarita mediana de regalo,pizza picante mediana (27 cm.) + pizza margarita mediana de regalo,entree,1.0,1,entree_mean,1
39,Pizza Reina Ibérica Familiar (34 Cm.)+ pizza margarita familiar regalo,pizza reina ibérica familiar (34 cm.)+ pizza margarita familiar regalo,uncertain,1.3645790271362281,0,entree_mean,1
39,Pizza Reina Ibérica Mediana (27 Cm.)+ pizza margarita mediana regalo,pizza reina ibérica mediana (27 cm.)+ pizza margarita mediana regalo,entree,1.2142284240079348,0,entree_mean,2
39,Pizza Sabrosa Familiar (34 Cm.)+ pizza margarita familiar de regalo,pizza sabrosa familiar (34 cm.)+ pizza margarita familiar de regalo,entree,1.3642772614672265,0,entree_mean,1
39,Pizza Super Picante Familiar (34 Cm.)+ pizza margarita familiar regalo,pizza super picante familiar (34 cm.)+ pizza margarita familiar regalo,entree,1.3683914989840134,0,entree_mean,1
39,Pizza Súper Picante Mediana (27 Cm.)+pizza margarita mediana de regalo,pizza súper picante mediana (27 cm.)+pizza margarita mediana de regalo,entree,1.2154985940696024,0,entree_mean,1
39,Pizza Súper Sabrosa Mediana (27 Cm.)+pizza margarita mediana de regalo,pizza súper sabrosa mediana (27 cm.)+pizza margarita mediana de regalo,entree,1.213826140620403,0,entree_mean,6
39,Pizza Vegetariana Especial Familiar (34 Cm.)+pizza margarita familiar,pizza vegetariana especial familiar (34 cm.)+pizza margarita familiar,entree,1.3520312346728012,0,entree_mean,2
39,Sprite (2 Lt.),sprite (2 lt.),drink,0.26721271437093075,0,entree_mean,3
40,1/2 Emtabal,1/2 emtabal,uncertain,0.5617277771188797,0,entree_mean,23
40,1/2 Emtabal beiruty,1/2 emtabal beiruty,uncertain,0.5608624444618859,0,entree_mean,5
40,1/2 Falafel,1/2 falafel,appetizer,0.4957887556401532,0,entree_mean,24
40,1/2 Fatayer Lahme,1/2 fatayer lahme,appetizer,0.7358460128562224,0,entree_mean,17
40,1/2 Fatayer Yubne,1/2 fatayer yubne,uncertain,0.556569952728635,0,entree_mean,16
40,1/2 Fatuch,1/2 fatuch,uncertain,0.6763192918926382,0,entree_mean,41
40,1/2 Huarak ainab,1/2 huarak ainab,uncertain,0.5032756162540971,0,entree_mean,14
40,1/2 Hummus,1/2 hummus,appetizer,0.5091902661065366,0,entree_mean,27
40,1/2 Hummus beiruty,1/2 hummus beiruty,appetizer,0.559512453901468,0,entree_mean,10
40,1/2 Hummus shawarma,1/2 hummus shawarma,appetizer,0.902151965134157,0,entree_mean,17
40,1/2 Kubeh,1/2 kubeh,uncertain,0.8346116157636119,0,entree_mean,19
40,1/2 Lebanon,1/2 lebanon,uncertain,0.7405701858918747,0,entree_mean,8
40,1/2 Mhamara,1/2 mhamara,uncertain,0.6129382776178702,0,entree_mean,18
40,1/2 Patatas byblos,1/2 patatas byblos,side,0.7279392655613388,0,entree_mean,9
40,1/2 Rocca,1/2 rocca,uncertain,0.6105758194835581,0,entree_mean,7
40,1/2 Ross,1/2 ross,uncertain,0.39748223542591465,0,entree_mean,6
40,1/2 Ross yechs,1/2 ross yechs,uncertain,0.7276383670835843,0,entree_mean,16
40,1/2 Tabuly,1/2 tabuly,uncertain,0.6710724561916427,0,entree_mean,24
40,1/2 Yawaneg,1/2 yawaneg,uncertain,0.5503861494261552,0,entree_mean,5
40,Agua (500 ml),agua (500 ml),drink,0.21020925986261957,0,entree_mean,7
40,Agua con gas (500 ml),agua con gas (500 ml),drink,0.1969549585346259,0,entree_mean,1
40,Ajo,ajo,uncertain,0.21240730252216025,0,entree_mean,12
40,Aquarius limón (500 ml),aquarius limón (500 ml),drink,0.25940347157462607,0,entree_mean,1
40,Aquarius Naranja (500 ml),aquarius naranja (500 ml),drink,0.24154600040920415,0,entree_mean,2
40,Baclawa,baclawa,dessert,0.1591863328265041,0,entree_mean,27
40,Bocado de aristocrata,bocado de aristocrata,uncertain,0.6516435277886531,0,entree_mean,28
40,Charlotte,charlotte,dessert,0.6643254731527326,0,entree_mean,26
40,Coca cola (500 ml),coca cola (500 ml),drink,0.2303415232517745,0,entree_mean,19
40,Cocacola zero (500 ml),cocacola zero (500 ml),drink,0.23682260067658176,0,entree_mean,20
40,Duquesa de Vallalodid,duquesa de vallalodid,uncertain,1.2847937112494978,0,entree_mean,6
40,Emtabal,emtabal,uncertain,0.6940609207957746,0,entree_mean,19
40,Emtabal beiruty,emtabal beiruty,uncertain,0.7442106162343579,0,entree_mean,8
40,Enrollado Baalbeck,enrollado baalbeck,uncertain,1.35760696850217,0,entree_mean,13
40,Enrollado Beirut,enrollado beirut,uncertain,0.8642433812012104,0,entree_mean,17
40,Enrollado Byblos,enrollado byblos,uncertain,1.208787208423178,0,entree_mean,99
40,Enrollado Falafel,enrollado falafel,entree,1.0,0,entree_mean,56
40,Enrollado Saida,enrollado saida,uncertain,1.492688682362254,0,entree_mean,74
40,Enrollado SH YECHS 1995,enrollado sh yechs 1995,uncertain,1.2344205032815374,0,entree_mean,27
40,Enrollado Shawarma,enrollado shawarma,appetizer,1.4895221732467507,0,entree_mean,129
40,Enrollado Shawarma yechs,enrollado shawarma yechs,uncertain,1.2188722323926309,0,entree_mean,26
40,Estrella damm,estrella damm,drink,0.23128439581942514,0,entree_mean,1
40,Falafel,falafel,appetizer,0.7469026547991944,0,entree_mean,48
40,Fanta naranja (500 ml),fanta naranja (500 ml),drink,0.2299511907216278,0,entree_mean,3
40,Fatayer Lahme,fatayer lahme,appetizer,1.078140480688838,0,entree_mean,21
40,Fatayer Yubne,fatayer yubne,appetizer,0.8323284483454731,0,entree_mean,35
40,Fatuch,fatuch,uncertain,0.9975344947278689,0,entree_mean,48
40,Fres Manaish,fres manaish,uncertain,0.8961152189118419,0,entree_mean,3
40,Granada,granada,uncertain,0.20839328124187165,0,entree_mean,6
40,Huarak ainab,huarak ainab,uncertain,0.7200350564041694,0,entree_mean,23
40,Hummus,hummus,appetizer,0.6713163686045382,0,entree_mean,35
40,Hummus beiruty,hummus beiruty,appetizer,0.749657707665308,0,entree_mean,16
40,Hummus shawarma,hummus shawarma,appetizer,1.457658749104296,0,entree_mean,19
40,Jiar laban,jiar laban,drink,1.097814323419229,0,entree_mean,7
40,Kubeh,kubeh,uncertain,1.2320119451499727,0,entree_mean,14
40,Lebanon,lebanon,uncertain,1.0034521124291533,0,entree_mean,12
40,Los mediodias de Amal,los mediodias de amal,uncertain,1.9924166729953423,0,entree_mean,3
40,Manaish Lahme,manaish lahme,uncertain,0.9811192530655092,0,entree_mean,13
40,Manaish Yubne,manaish yubne,uncertain,0.7297244272998624,0,entree_mean,11
40,Menu infantil,menu infantil,uncertain,1.217993884594909,0,entree_mean,5
40,Menú Amal,menú amal,uncertain,1.94738657844288,0,entree_mean,3
40,Mhamara,mhamara,uncertain,0.7700879366761892,0,entree_mean,18
40,Nestea (500 ml),nestea (500 ml),drink,0.2202411992212727,0,entree_mean,1
40,Obejita verde,obejita verde,uncertain,1.290547370791623,0,entree_mean,8
40,Pan de pita crujiente,pan de pita crujiente,side,0.21316343829127915,0,entree_mean,12
40,Pan libanés,pan libanés,side,0.12776623372734314,0,entree_mean,75
40,Paseando por Beirut para 2 pax,paseando por beirut para 2 pax,uncertain,5.933333872461485,0,entree_mean,4
40,Patatas byblos,patatas byblos,side,1.102093091248716,0,entree_mean,14
40,Patatas Fritas,patatas fritas,side,0.636440018173578,0,entree_mean,13
40,Picante,picante,uncertain,0.21450807830399002,0,entree_mean,19
40,Rocca,rocca,uncertain,0.929275858761308,0,entree_mean,7
40,Ross,ross,uncertain,0.5559276344616153,0,entree_mean,6
40,Ross yechs,ross yechs,uncertain,1.0010973323894403,0,entree_mean,27
40,Sesamo,sesamo,side,0.22793250960914105,0,entree_mean,5
40,Sprit (500 ml),sprit (500 ml),drink,0.21546918832261777,0,entree_mean,1
40,Tabuly,tabuly,uncertain,0.9554082488296316,0,entree_mean,22
40,Tarta amal,tarta amal,dessert,0.6361180107380016,0,entree_mean,12
40,Yawaneg,yawaneg,uncertain,0.8746333519319327,0,entree_mean,4
40,Yogur,yogur,dessert,0.21809519641814967,0,entree_mean,8
40,Zumo de Piña,zumo de piña,drink,0.20136800877558306,0,entree_mean,1
41,Agua (1.5 Lt.),agua (1.5 lt.),drink,0.3244274809160295,0,entree_mean,7
41,Alitas De Pollo Al Horno Con Salsa Miel Y Mostaza,alitas de pollo al horno con salsa miel y mostaza,appetizer,1.1895674300254422,0,entree_mean,2
41,Alitas De Pollo Crujientes  Con Patatas,alitas de pollo crujientes con patatas,entree,1.1895674300254224,0,entree_mean,1
41,Aquarius Limón lata 330ml.,aquarius limón lata 330ml.,entree,0.3460559796437677,0,entree_mean,3
41,Aquarius Naranja lata 330ml.,aquarius naranja lata 330ml.,entree,0.3460559796437696,0,entree_mean,1
41,Arroz A Banda,arroz a banda,uncertain,1.189567430025449,0,entree_mean,6
41,Arroz Con Col Y Sepia,arroz con col y sepia,side,1.1895674300254553,0,entree_mean,2
41,Arroz Negro,arroz negro,entree,1.2760814249363874,0,entree_mean,2
41,Arròs Al Forn,arròs al forn,side,1.1895674300254406,0,entree_mean,71
41,Bacalao Con Pisto,bacalao con pisto,entree,1.189567430025444,0,entree_mean,7
41,Berenjena De Atún,berenjena de atún,uncertain,0.9732824427480934,0,entree_mean,2
41,Berenjena De Carne Boloñesa,berenjena de carne boloñesa,entree,0.97328244274809,0,entree_mean,8
41,Berenjena De Pollo,berenjena de pollo,uncertain,0.9732824427480942,0,entree_mean,7
41,Berenjena De Verduras,berenjena de verduras,side,0.9732824427480873,0,entree_mean,5
41,Calamares A La Romana,calamares a la romana,appetizer,1.0814249363867696,0,entree_mean,13
41,Canelones A La Boloñesa,canelones a la boloñesa,entree,0.9732824427480967,0,entree_mean,1
41,Canelones De Atún,canelones de atún,entree,0.9732824427480873,0,entree_mean,2
41,Canelones De Espinacas,canelones de espinacas,entree,0.9732824427480976,0,entree_mean,1
41,Carrillada Al Horno Con Guarnición,carrillada al horno con guarnición,entree,1.1895674300254422,0,entree_mean,2
41,Cerveza (1 Lt.),cerveza (1 lt.),drink,0.5623409669211215,0,entree_mean,3
41,Coca-Cola Sabor Original botella 2L.,coca-cola sabor original botella 2l.,drink,0.5623409669211199,0,entree_mean,4
41,Coca-Cola Sabor Original lata 330ml.,coca-cola sabor original lata 330ml.,entree,0.3460559796437664,0,entree_mean,10
41,Coca-Cola Zero Azúcar botella 2L.,coca-cola zero azúcar botella 2l.,drink,0.5623409669211205,0,entree_mean,9
41,Coca-Cola Zero Azúcar lata 330ml.,coca-cola zero azúcar lata 330ml.,entree,0.3460559796437664,0,entree_mean,3
41,Codillo Al Horno Con Guarnición,codillo al horno con guarnición,entree,1.1895674300254453,0,entree_mean,7
41,Costilla Carnosa BBQ Con Patatas,costilla carnosa bbq con patatas,entree,1.2977099236641279,0,entree_mean,1
41,Costillitas Asadas BBQ Con Patatas,costillitas asadas bbq con patatas,entree,1.1895674300254424,0,entree_mean,2
41,Croquetones,croquetones,appetizer,0.7569974554707383,0,entree_mean,42
41,Cuarto Trasero De Pollo Al Horno Con Guarnición,cuarto trasero de pollo al horno con guarnición,entree,1.081424936386769,0,entree_mean,4
41,"Ensalada Con Mezclum, Frutos Secos Y Queso De Cabra","ensalada con mezclum, frutos secos y queso de cabra",side,1.08142493638677,0,entree_mean,2
41,"Ensalada De Pasta Con Huevo, Atún, Surimi Y Mayonesa","ensalada de pasta con huevo, atún, surimi y mayonesa",appetizer,1.0814249363867678,0,entree_mean,5
41,"Ensalada De Patata Con Verduras, Huevo Y Atún","ensalada de patata con verduras, huevo y atún",side,1.0814249363867672,0,entree_mean,7
41,Ensaladilla Rusa,ensaladilla rusa,side,1.08142493638677,0,entree_mean,13
41,Fanta Limón botella 2L.,fanta limón botella 2l.,drink,0.5623409669211188,0,entree_mean,3
41,Fanta Naranja botella 2L.,fanta naranja botella 2l.,drink,0.5623409669211212,0,entree_mean,6
41,Fiedeua,fiedeua,uncertain,1.08142493638677,0,entree_mean,13
41,Filete De Merluza Empanado,filete de merluza empanado,entree,1.0814249363867676,0,entree_mean,1
41,Gazpacho Manchego (En Paella),gazpacho manchego (en paella),entree,1.0814249363867676,0,entree_mean,8
41,Guisado De Albóndigas,guisado de albóndigas,entree,1.0814249363867685,0,entree_mean,20
41,Guisado De  Alubias Blancas,guisado de alubias blancas,entree,0.9732824427480976,0,entree_mean,1
41,Guisado De Alubias Pintas,guisado de alubias pintas,entree,0.9732824427480918,0,entree_mean,2
41,Guisado De Costillas,guisado de costillas,entree,1.189567430025448,0,entree_mean,4
41,Guisado De Lentejas,guisado de lentejas,entree,0.9732824427480931,0,entree_mean,2
41,Guisado De Ternera,guisado de ternera,entree,1.1895674300254437,0,entree_mean,1
41,Jalapeños (6 Uds.),jalapeños (6 uds.),appetizer,1.1895674300254462,0,entree_mean,3
41,Lasaña A La Boloñesa,lasaña a la boloñesa,entree,1.0814249363867692,0,entree_mean,1
41,Longanizas Con Pisto,longanizas con pisto,uncertain,0.9732824427480934,0,entree_mean,2
41,Macarrones A La Boloñesa,macarrones a la boloñesa,entree,0.97328244274809,0,entree_mean,3
41,Macarrones De Atún,macarrones de atún,uncertain,0.9732824427480917,0,entree_mean,1
41,Magro De Cabeza Trinchado Y Asado En Salsa Roquefort,magro de cabeza trinchado y asado en salsa roquefort,entree,1.2760814249363903,0,entree_mean,1
41,Morro Frito,morro frito,appetizer,0.9732824427480917,0,entree_mean,9
41,Musaka De Berenjena Con Verduras Salteadas,musaka de berenjena con verduras salteadas,entree,0.9732824427480897,0,entree_mean,2
41,Paella Valenciana,paella valenciana,entree,1.081424936386764,0,entree_mean,44
41,Pan Recién Hecho,pan recién hecho,side,0.23791348600508996,0,entree_mean,60
41,Patata Rellena,patata rellena,side,0.7569974554707409,0,entree_mean,2
41,Patatas Bravas,patatas bravas,side,0.8651399491094123,0,entree_mean,31
41,"Patatas Con Bacon, Nata Y Queso Gratinado","patatas con bacon, nata y queso gratinado",side,0.9732824427480907,0,entree_mean,4
41,Patatas Fritas,patatas fritas,side,0.6055979643765923,0,entree_mean,1
41,Patatas Gajo Adobadas,patatas gajo adobadas,side,0.6272264631043244,0,entree_mean,2
41,Pechuga Empanada Con Patatas,pechuga empanada con patatas,side,1.1895674300254453,0,entree_mean,12
41,Pimiento Relleno De Arroz,pimiento relleno de arroz,appetizer,1.1895674300254453,0,entree_mean,5
41,Potaje De Garbanzos Con Bacalao,potaje de garbanzos con bacalao,entree,1.1895674300254477,0,entree_mean,3
41,Salteado Ajitos Tiernos Con Gambitas Y Huevo,salteado ajitos tiernos con gambitas y huevo,entree,0.9732824427480967,0,entree_mean,1
41,Sepia (Pota) A La Plancha Con Salsa Meri,sepia (pota) a la plancha con salsa meri,entree,1.0814249363867725,0,entree_mean,2
41,Sepia (Pota) Con Mayonesa Y Perejil,sepia (pota) con mayonesa y perejil,appetizer,1.08142493638677,0,entree_mean,4
41,Spaguettis A La Boloñesa,spaguettis a la boloñesa,entree,0.9732824427480915,0,entree_mean,3
41,Spaguettis A La Carbonara,spaguettis a la carbonara,entree,0.9732824427480917,0,entree_mean,2
41,Tarta Chocolate Con Galletas,tarta chocolate con galletas,dessert,0.8435114503816769,0,entree_mean,23
41,Tarta De Queso Con Arándanos,tarta de queso con arándanos,dessert,0.8435114503816796,0,entree_mean,11
41,Tarta De Queso Con Melocotón Y Mango,tarta de queso con melocotón y mango,dessert,0.8435114503816786,0,entree_mean,1
42,Agua (1.5 Lt.),agua (1.5 lt.),drink,0.3565928777670837,0,entree_mean,1
42,Agua (500 Ml.),agua (500 ml.),drink,0.2743022136669836,0,entree_mean,1
42,Aquarius Naranja lata 330ml.,aquarius naranja lata 330ml.,entree,0.34744947064485066,0,entree_mean,2
42,Bocadillo Blanco Y Negro,bocadillo blanco y negro,uncertain,1.0057747834456228,0,entree_mean,15
42,Bocadillo Campero,bocadillo campero,uncertain,1.005774783445624,0,entree_mean,17
42,Bocadillo De Almussafes,bocadillo de almussafes,uncertain,0.9143407122232927,0,entree_mean,2
42,Bocadillo De Bacón Y Queso,bocadillo de bacón y queso,uncertain,0.8229066410009634,0,entree_mean,1
42,Bocadillo De Brascada,bocadillo de brascada,uncertain,1.0057747834456259,0,entree_mean,4
42,Bocadillo De Calamar Frito,bocadillo de calamar frito,appetizer,1.1886429258902766,0,entree_mean,2
42,Bocadillo De Calamar Romana,bocadillo de calamar romana,entree,1.2800769971125956,0,entree_mean,1
42,Bocadillo De Cantábrico,bocadillo de cantábrico,uncertain,1.0972088546679493,0,entree_mean,12
42,Bocadillo De Chivito,bocadillo de chivito,entree,1.243503368623681,0,entree_mean,17
42,Bocadillo De Jamón,bocadillo de jamón,appetizer,0.9143407122232903,0,entree_mean,3
42,Bocadillo De Pechuga,bocadillo de pechuga,entree,1.0057747834456214,0,entree_mean,1
42,Bocadillo De Salmón,bocadillo de salmón,appetizer,1.0057747834456232,0,entree_mean,7
42,Bocadillo De Sepia,bocadillo de sepia,entree,1.5543792107795955,0,entree_mean,5
42,Bocadillo De Tortilla Francesa,bocadillo de tortilla francesa,appetizer,0.7314725697786357,0,entree_mean,2
42,Bocadillo Diablo,bocadillo diablo,entree,0.9143407122232904,0,entree_mean,3
42,Bocadillo Francés,bocadillo francés,uncertain,1.005774783445623,0,entree_mean,3
42,Bocadillo Guadix,bocadillo guadix,uncertain,1.1886429258902786,0,entree_mean,4
42,Coca-Cola Sabor Original lata 330ml.,coca-cola sabor original lata 330ml.,entree,0.3474494706448502,0,entree_mean,1
42,Coca-Cola Zero Azúcar lata 330ml.,coca-cola zero azúcar lata 330ml.,entree,0.3474494706448518,0,entree_mean,1
42,Coca-Cola Zero Azúcar Zero Cafeína lata 330ml.,coca-cola zero azúcar zero cafeína lata 330ml.,drink,0.34744947064485066,0,entree_mean,2
42,Ensalada Valenciana,ensalada valenciana,side,1.005774783445617,0,entree_mean,1
42,Fanta Limón lata 330ml.,fanta limón lata 330ml.,drink,0.34744947064485204,0,entree_mean,5
42,Fanta Naranja lata 330ml.,fanta naranja lata 330ml.,entree,0.3474494706448526,0,entree_mean,1
42,Flan De Huevo,flan de huevo,dessert,0.5486044273339772,0,entree_mean,3
42,Hamburguesa Completa,hamburguesa completa,entree,1.005774783445621,0,entree_mean,4
42,Kétchup,kétchup,uncertain,0.054860442733397616,0,entree_mean,2
42,Mayonesa,mayonesa,uncertain,0.05486044273339746,0,entree_mean,1
42,Quesadilla De Barbacoa (Grande),quesadilla de barbacoa (grande),entree,1.371511068334938,0,entree_mean,1
42,Quesadilla De Barbacoa  (Pequeña),quesadilla de barbacoa (pequeña),appetizer,1.1886429258902835,0,entree_mean,1
42,Quesadilla De Jamón Serrano (Pequeña),quesadilla de jamón serrano (pequeña),appetizer,1.1886429258902804,0,entree_mean,1
42,Quesadilla De  Mediterránea (Grande),quesadilla de mediterránea (grande),entree,1.3715110683349419,0,entree_mean,2
42,Quesadilla De  Mediterránea (Pequeña),quesadilla de mediterránea (pequeña),appetizer,1.1886429258902809,0,entree_mean,2
42,Quesadilla De Pollo,quesadilla de pollo,appetizer,1.1886429258902804,0,entree_mean,3
42,Quesadilla De Pollo (Grande),quesadilla de pollo (grande),entree,1.3715110683349345,0,entree_mean,5
42,Quesadilla De Verduras (Grande),quesadilla de verduras (grande),entree,1.3715110683349363,0,entree_mean,2
42,Revuelto De Bacon Y Patata,revuelto de bacon y patata,entree,0.9143407122232932,0,entree_mean,1
42,Revuelto De Gambas,revuelto de gambas,entree,1.1886429258902829,0,entree_mean,3
42,Revuelto De Morcilla,revuelto de morcilla,entree,1.0972088546679513,0,entree_mean,3
42,Revuelto De Salmón,revuelto de salmón,entree,1.097208854667951,0,entree_mean,1
42,Revuelto De Setas,revuelto de setas,appetizer,1.0057747834456199,0,entree_mean,3
42,Salsa Alioli,salsa alioli,uncertain,0.09143407122232927,0,entree_mean,4
42,Salsa Barbacoa,salsa barbacoa,uncertain,0.09143407122232831,0,entree_mean,2
42,Salsa Mery,salsa mery,uncertain,0.1462945139557267,0,entree_mean,1
42,Salsa Picante,salsa picante,uncertain,0.09143407122232972,0,entree_mean,2
42,Sándwich Mixto,sándwich mixto,uncertain,0.6400384985563043,0,entree_mean,2
42,Sándwich Vegetal,sándwich vegetal,entree,0.8229066410009627,0,entree_mean,2
42,Tapa A La Romana,tapa a la romana,appetizer,1.2800769971126111,0,entree_mean,9
42,Tapa Brava,tapa brava,appetizer,0.9143407122232935,0,entree_mean,21
42,Tapa Croquetas De Bacalao (1 Ud.),tapa croquetas de bacalao (1 ud.),appetizer,0.2011549566891245,0,entree_mean,9
42,Tapa Croquetas De Jamón (1 Ud.),tapa croquetas de jamón (1 ud.),appetizer,0.27430221366698854,0,entree_mean,9
42,Tapa De Alitas De Pollo Crujientes,tapa de alitas de pollo crujientes,appetizer,1.0057747834456217,0,entree_mean,9
42,Tapa De Boquerones Fritos,tapa de boquerones fritos,appetizer,0.9143407122232927,0,entree_mean,12
42,Tapa De Boquerones Vinagre,tapa de boquerones vinagre,appetizer,0.9143407122232932,0,entree_mean,1
42,Tapa De Calamar Frito,tapa de calamar frito,appetizer,1.2800769971126091,0,entree_mean,4
42,Tapa De Calamares A La Plancha,tapa de calamares a la plancha,appetizer,1.4629451395572646,0,entree_mean,6
42,Tapa De Empanadilla A La Plancha (10 Uds.),tapa de empanadilla a la plancha (10 uds.),appetizer,1.005774783445621,0,entree_mean,2
42,Tapa De Gambas Al Ajillo,tapa de gambas al ajillo,appetizer,1.828681424446583,0,entree_mean,7
42,Tapa De Jamón Serrano Y Queso,tapa de jamón serrano y queso,appetizer,1.7372473532242585,0,entree_mean,1
42,Tapa De Nuggets De Pollo (6 Uds.),tapa de nuggets de pollo (6 uds.),appetizer,1.0057747834456199,0,entree_mean,7
42,Tapa De Oreja,tapa de oreja,appetizer,1.0057747834456214,0,entree_mean,9
42,Tapa De Patata Bacon Y Queso,tapa de patata bacon y queso,appetizer,1.0057747834456223,0,entree_mean,5
42,Tapa De Pincho Moruno (1 Ud.),tapa de pincho moruno (1 ud.),appetizer,0.5120307988450418,0,entree_mean,1
42,Tapa De Robo,tapa de robo,uncertain,1.280076997112609,0,entree_mean,4
42,Tapa De Sepia,tapa de sepia,appetizer,1.645813282001927,0,entree_mean,3
42,Tapa Morro,tapa morro,appetizer,1.0057747834456183,0,entree_mean,7
42,Tapia De Ensaladilla Rusa,tapia de ensaladilla rusa,appetizer,0.8229066410009641,0,entree_mean,5
42,Tarta De Queso,tarta de queso,dessert,0.7314725697786336,0,entree_mean,6
43,Achchiq  Chuchuk,achchiq chuchuk,uncertain,0.3478260869565204,0,entree_mean,4
43,Alitas A La Plancha (4 Uds.),alitas a la plancha (4 uds.),appetizer,0.34782608695652373,0,entree_mean,2
43,Assorti Samsa,assorti samsa,appetizer,0.3043478260869559,0,entree_mean,7
43,Ayron (330 Ml.),ayron (330 ml.),drink,0.2608695652173908,0,entree_mean,8
43,Baklava,baklava,dessert,0.26086956521739024,0,entree_mean,2
43,Biskvit,biskvit,dessert,0.3478260869565202,0,entree_mean,5
43,Calamares (8 Uds.),calamares (8 uds.),appetizer,0.30434782608695266,0,entree_mean,1
43,Chak Chak,chak chak,dessert,0.34782608695651956,0,entree_mean,3
43,Cheburek Con Carne,cheburek con carne,appetizer,0.3043478260869559,0,entree_mean,13
43,Cheburek De Pollo Con Queso,cheburek de pollo con queso,appetizer,0.3043478260869557,0,entree_mean,8
43,Chocan Saladasi,chocan saladasi,uncertain,0.43478260869565016,0,entree_mean,6
43,Falafel (4 Uds.),falafel (4 uds.),appetizer,0.30434782608695504,0,entree_mean,3
43,Hummus,hummus,appetizer,0.3043478260869547,0,entree_mean,2
43,Kok Somsa,kok somsa,appetizer,0.3043478260869555,0,entree_mean,7
43,Kompot (330 Ml.),kompot (330 ml.),drink,0.2608695652173906,0,entree_mean,5
43,Mus De Fresa,mus de fresa,dessert,0.34782608695651923,0,entree_mean,1
43,Non,non,uncertain,0.13043478260869631,0,entree_mean,8
43,Patatas Fritas,patatas fritas,side,0.2608695652173909,0,entree_mean,2
43,Pincho Burda Kabob (2 Uds.),pincho burda kabob (2 uds.),side,0.8695652173913031,0,entree_mean,11
43,Pincho Napolyon Kabob (2 Uds.),pincho napolyon kabob (2 uds.),entree,1.0434782608695634,0,entree_mean,6
43,Pincho Qanot Kabob (2 Uds.),pincho qanot kabob (2 uds.),appetizer,0.8695652173912981,0,entree_mean,3
43,Pincho Qiyma Kabob (2 Uds.),pincho qiyma kabob (2 uds.),appetizer,0.8695652173913011,0,entree_mean,1
43,Pincho Qovurg'A Kabob (2 Uds.),pincho qovurg'a kabob (2 uds.),appetizer,1.3043478260869485,0,entree_mean,5
43,Pincho Tovuq Kabob (2 Uds.),pincho tovuq kabob (2 uds.),appetizer,0.8695652173912981,0,entree_mean,7
43,Pincho Tovuq Qiyma Kabob (2 Uds.),pincho tovuq qiyma kabob (2 uds.),entree,0.8695652173913031,0,entree_mean,2
43,Plato Do'Lma,plato do'lma,uncertain,1.0434782608695645,0,entree_mean,1
43,Plato Manti,plato manti,entree,1.043478260869568,0,entree_mean,12
43,Plato Palov,plato palov,entree,1.0434782608695654,0,entree_mean,25
43,Plato Qovurma Lag'Mon,plato qovurma lag'mon,uncertain,1.0434782608695543,0,entree_mean,1
43,Qovoq Somsa,qovoq somsa,uncertain,0.3043478260869556,0,entree_mean,6
43,Sirli Samsa,sirli samsa,uncertain,0.3043478260869536,0,entree_mean,2
43,Somsa,somsa,appetizer,0.3043478260869559,0,entree_mean,25
43,Sopa Chuchvara,sopa chuchvara,uncertain,0.7826086956521724,0,entree_mean,6
43,Sopa Gelin Choʻrba,sopa gelin choʻrba,appetizer,0.6956521739130416,0,entree_mean,2
43,Sopa Koza Shurva,sopa koza shurva,appetizer,0.8695652173912981,0,entree_mean,3
43,Sopa Lag'Mon,sopa lag'mon,uncertain,0.7826086956521731,0,entree_mean,4
43,Sopa Mastava,sopa mastava,appetizer,0.695652173913044,0,entree_mean,5
43,Suzma,suzma,uncertain,0.3478260869565202,0,entree_mean,3
44,Agua Lanjaron Sin Gas (500 Ml.),agua lanjaron sin gas (500 ml.),drink,0.20121488230827672,0,entree_mean,1
44,"Agua Monssalus Sin Grande (1,5 Lt.)","agua monssalus sin grande (1,5 lt.)",drink,0.2682865097443679,0,entree_mean,1
44,Alitas De Pollo (6 Uds.),alitas de pollo (6 uds.),appetizer,0.7377879017970204,0,entree_mean,3
44,Aquarius Naranja lata 330ml.,aquarius naranja lata 330ml.,entree,0.2548721842571487,0,entree_mean,4
44,Arroz Basmati (Normal),arroz basmati (normal),side,0.46950139205264285,0,entree_mean,1
44,Arroz Chicken Biryani (Grande),arroz chicken biryani (grande),entree,1.1402176664135648,0,entree_mean,4
44,Arroz Chicken Biryani (Normal),arroz chicken biryani (normal),entree,0.9390027841052929,0,entree_mean,3
44,Arroz Gamba Biryani (Normal),arroz gamba biryani (normal),entree,1.0731460389774843,0,entree_mean,1
44,Coca-Cola Sabor Original botella 1L.,coca-cola sabor original botella 1l.,drink,0.3353581371804632,0,entree_mean,4
44,Coca-Cola Sabor Original botella 2L.,coca-cola sabor original botella 2l.,drink,0.40242976461655633,0,entree_mean,3
44,Coca-Cola Sabor Original lata 330ml.,coca-cola sabor original lata 330ml.,entree,0.25487218425714947,0,entree_mean,9
44,Doner Box De Carne De Pollo Con Patatas Y Salsa,doner box de carne de pollo con patatas y salsa,entree,1.006074411541378,0,entree_mean,2
44,Doner Box De Carne De Ternera Con Patatas Y Salsa,doner box de carne de ternera con patatas y salsa,entree,1.0060744115413787,0,entree_mean,9
44,Doner Kebab Con Carne De Ternera O Pollo (4 Uds.),doner kebab con carne de ternera o pollo (4 uds.),entree,2.146292077954948,0,entree_mean,3
44,Doner Kebab De Pollo (Grande),doner kebab de pollo (grande),entree,0.7377879017970213,0,entree_mean,1
44,Doner Kebab De Pollo (Normal),doner kebab de pollo (normal),entree,0.6707162743609205,0,entree_mean,3
44,Doner Kebab De Pollo Con Patatas,doner kebab de pollo con patatas,entree,0.871931156669198,0,entree_mean,3
44,Doner Kebab De Pollo O Ternera (2 Uds.) Con Patatas,doner kebab de pollo o ternera (2 uds.) con patatas,entree,2.012148823082764,0,entree_mean,3
44,Doner Kebab De Ternera (Grande),doner kebab de ternera (grande),entree,0.7377879017970141,0,entree_mean,1
44,Doner Kebab De Ternera (Normal),doner kebab de ternera (normal),entree,0.6036446469248316,0,entree_mean,3
44,Doner Kebab De Ternera Solo Carne,doner kebab de ternera solo carne,entree,0.9390027841052876,0,entree_mean,4
44,Doner Kebab Mixto (Grande),doner kebab mixto (grande),entree,0.804859529233102,0,entree_mean,4
44,Doner Kebab Mixto (Normal),doner kebab mixto (normal),entree,0.7377879017970084,0,entree_mean,1
44,Doner Kebab Mixto Solo Carne,doner kebab mixto solo carne,entree,1.0731460389774767,0,entree_mean,3
44,Doner Kebab Solo Carne (Grande),doner kebab solo carne (grande),entree,0.8719311566692037,0,entree_mean,1
44,Doner Kebab Solo Carne (Normal),doner kebab solo carne (normal),entree,0.8048595292331039,0,entree_mean,2
44,Doner Kebab Solo Carne Mixto (Grande),doner kebab solo carne mixto (grande),entree,1.0060744115413787,0,entree_mean,1
44,Durum De Pollo (Grande),durum de pollo (grande),entree,0.9390027841052881,0,entree_mean,7
44,Durum De Pollo (Normal),durum de pollo (normal),entree,0.8048595292331081,0,entree_mean,5
44,Durum De Ternera (Grande),durum de ternera (grande),entree,0.8719311566692006,0,entree_mean,12
44,Durum De Ternera (Normal),durum de ternera (normal),entree,0.7377879017970131,0,entree_mean,6
44,Durum Mixto (Grande),durum mixto (grande),uncertain,1.006074411541384,0,entree_mean,18
44,Durum Mixto (Normal),durum mixto (normal),uncertain,0.8719311566691951,0,entree_mean,26
44,Durum Piña Y Pollo (Grande),durum piña y pollo (grande),entree,1.0060744115413809,0,entree_mean,1
44,Durum Piña Y Pollo (Normal),durum piña y pollo (normal),entree,0.8719311566691988,0,entree_mean,1
44,Durum Solo Carne (Grande),durum solo carne (grande),entree,1.0060744115413787,0,entree_mean,2
44,Durum Solo Carne Mixto (Grande),durum solo carne mixto (grande),entree,1.1402176664135666,0,entree_mean,1
44,Durum Solo Carne Mixto (Normal),durum solo carne mixto (normal),uncertain,1.0060744115413816,0,entree_mean,4
44,Durum Vegetal (Grande),durum vegetal (grande),uncertain,0.6707162743609213,0,entree_mean,3
44,Ensalada Mixta,ensalada mixta,side,0.40242976461655283,0,entree_mean,2
44,Fanta Naranja botella 2L.,fanta naranja botella 2l.,drink,0.4024297646165527,0,entree_mean,1
44,Fanta Naranja lata 330ml.,fanta naranja lata 330ml.,entree,0.25487218425715114,0,entree_mean,2
44,Hamburguesa De Pollo Con Ensalada (Normal),hamburguesa de pollo con ensalada (normal),entree,0.6036446469248303,0,entree_mean,1
44,Lahmacun De Pollo (Normal),lahmacun de pollo (normal),uncertain,0.8719311566691978,0,entree_mean,2
44,Lahmacun De Ternera (Grande),lahmacun de ternera (grande),uncertain,1.0060744115413836,0,entree_mean,1
44,Lahmacun Mixto Solo Carne (Grande),lahmacun mixto solo carne (grande),entree,1.1402176664135626,0,entree_mean,2
44,Lahmacun Vegetal (Normal),lahmacun vegetal (normal),appetizer,0.7377879017970166,0,entree_mean,1
44,Monster Energy Original lata 500ml.,monster energy original lata 500ml.,drink,0.3085294862060229,0,entree_mean,3
44,Nestea Té Negro Limón lata 330ml.,nestea té negro limón lata 330ml.,entree,0.25487218425715,0,entree_mean,4
44,Nuggets De Pollo (6 Uds.),nuggets de pollo (6 uds.),appetizer,0.7377879017970147,0,entree_mean,5
44,Patatas Bravas,patatas bravas,side,0.5365730194887381,0,entree_mean,6
44,Patatas Con Pollo,patatas con pollo,side,0.8048595292331059,0,entree_mean,5
44,Patatas Fritas,patatas fritas,side,0.46950139205264463,0,entree_mean,30
44,Pizza 4 Estaciones (28 Cm.),pizza 4 estaciones (28 cm.),entree,1.0731460389774719,0,entree_mean,1
44,Pizza Atún (28 Cm.),pizza atún (28 cm.),entree,1.006074411541379,0,entree_mean,1
44,Pizza Barbacoa (28 Cm.),pizza barbacoa (28 cm.),entree,1.073146038977468,0,entree_mean,1
44,Pizza Barbacoa Pollo (28 Cm.),pizza barbacoa pollo (28 cm.),entree,1.0731460389774825,0,entree_mean,1
44,Pizza Calzone (28 Cm.),pizza calzone (28 cm.),uncertain,1.1402176664135637,0,entree_mean,1
44,Pizza Familiar (1 Ud.),pizza familiar (1 ud.),entree,1.9450771956466777,0,entree_mean,1
44,Pizza Grandes (2 Uds.),pizza grandes (2 uds.),uncertain,2.280435332827136,0,entree_mean,1
44,Pizza Normal (1 Ud.),pizza normal (1 ud.),entree,1.0731460389774743,0,entree_mean,4
44,Pizza Normal (2 Uds.),pizza normal (2 uds.),entree,1.878005568210576,0,entree_mean,1
44,Pizza Nueva York (28 Cm.),pizza nueva york (28 cm.),entree,1.0731460389774734,0,entree_mean,1
44,Pizza Pollo (28 Cm.),pizza pollo (28 cm.),entree,0.9390027841052906,0,entree_mean,1
44,Pizza Salami (28 Cm.),pizza salami (28 cm.),entree,0.9390027841052879,0,entree_mean,1
44,Pizza Ternera (34 Cm.),pizza ternera (34 cm.),entree,1.2072892938496564,0,entree_mean,1
44,Plato De Falafel Con Arroz,plato de falafel con arroz,entree,0.8719311566691943,0,entree_mean,1
44,Plato Mixto (Normal),plato mixto (normal),uncertain,1.0060744115413878,0,entree_mean,1
44,Plato Mixto Con Arroz,plato mixto con arroz,entree,1.207289293849659,0,entree_mean,1
44,Plato Mixto Con Patatas,plato mixto con patatas,uncertain,1.1402176664135688,0,entree_mean,1
44,Plato Mixto Solo Carne Con Patatas,plato mixto solo carne con patatas,entree,1.2072892938496564,0,entree_mean,1
44,Plato Solo Carne Con Patatas,plato solo carne con patatas,entree,1.1402176664135697,0,entree_mean,1
44,Rollo De Pollo Con Patatas Y Ensalada,rollo de pollo con patatas y ensalada,entree,1.0060744115413833,0,entree_mean,6
44,Rollo De Pollo Solo Carne Con Patatas,rollo de pollo solo carne con patatas,entree,1.1402176664135648,0,entree_mean,5
44,Rollo De Ternera Con Patatas Y Ensalada,rollo de ternera con patatas y ensalada,entree,1.0060744115413809,0,entree_mean,2
44,Rollo De Ternera Solo Carne Con Patatas,rollo de ternera solo carne con patatas,entree,1.1402176664135626,0,entree_mean,2
44,Rollo Mixto Solo Carne Con Patatas,rollo mixto solo carne con patatas,uncertain,1.274360921285754,0,entree_mean,2
44,Rollos De Pollo (2 Uds.) Con Patatas Y Ensalada,rollos de pollo (2 uds.) con patatas y ensalada,side,1.8109339407744915,0,entree_mean,2
44,Rollos De Ternera (2 Uds.) Con Patatas Y Ensalada,rollos de ternera (2 uds.) con patatas y ensalada,entree,1.6767906859023072,0,entree_mean,4
44,Samosa Vegetal (2 Uds.),samosa vegetal (2 uds.),appetizer,0.5365730194887358,0,entree_mean,3
45,Agua,agua,drink,0.18116805721096485,0,entree_mean,3
45,Agua Con Gas (San Pellegrino),agua con gas (san pellegrino),drink,0.22884386174016508,0,entree_mean,1
45,Aquarius Limón (330 ml.),aquarius limón (330 ml.),drink,0.19070321811680715,0,entree_mean,3
45,Aquarius Naranja (330 ml.),aquarius naranja (330 ml.),drink,0.19070321811680754,0,entree_mean,1
45,Bitter Rosso (330 ml.),bitter rosso (330 ml.),drink,0.190703218116806,0,entree_mean,1
45,Burrata,burrata,appetizer,1.4207389749701955,0,entree_mean,7
45,Canelones De Carne,canelones de carne,entree,1.029797377830744,0,entree_mean,1
45,Canelones De Espinacas,canelones de espinacas,entree,1.0297973778307632,0,entree_mean,1
45,Cannoli Siciliano,cannoli siciliano,dessert,0.6293206197854594,0,entree_mean,2
45,Carpaccio Bresaola,carpaccio bresaola,appetizer,1.4588796185935664,0,entree_mean,1
45,Carpaccio Pepe Nero,carpaccio pepe nero,appetizer,1.4588796185935586,0,entree_mean,1
45,Coca-Cola Sabor Original lata 330ml.,coca-cola sabor original lata 330ml.,entree,0.190703218116806,0,entree_mean,6
45,Coca-Cola Zero Azúcar lata 330ml.,coca-cola zero azúcar lata 330ml.,entree,0.19070321811680602,0,entree_mean,7
45,Ensalada Caprese,ensalada caprese,side,1.1346841477949967,0,entree_mean,2
45,Ensalada Il Rosso,ensalada il rosso,side,1.220500595947561,0,entree_mean,2
45,Ensalada La Fresca,ensalada la fresca,side,1.0297973778307579,0,entree_mean,1
45,Fanta Naranja lata 330ml.,fanta naranja lata 330ml.,entree,0.19070321811680727,0,entree_mean,3
45,FOCACCIA ALL'ROMERO,focaccia all'romero,side,0.47199046483909246,0,entree_mean,11
45,Gnocchi,gnocchi,entree,1.1346841477949925,0,entree_mean,10
45,IL SALMONE,il salmone,entree,1.3444576877234766,0,entree_mean,2
45,LA CLÁSICA,la clásica,uncertain,0.7723480333730681,0,entree_mean,5
45,Ladron De Lunas Bobal (750 ml.),ladron de lunas bobal (750 ml.),drink,1.2586412395709095,0,entree_mean,1
45,Lambrusco Rosado (750 ml.),lambrusco rosado (750 ml.),drink,1.0011918951132284,0,entree_mean,2
45,Lasagna De Carne,lasagna de carne,entree,1.0297973778307494,0,entree_mean,10
45,"Mahou 0,0 Tostada 33cl.","mahou 0,0 tostada 33cl.",drink,0.276519666269368,0,entree_mean,1
45,Panna Cotta,panna cotta,dessert,0.5816448152562544,0,entree_mean,2
45,Panzerotti Ripieni Di Porccini ( Boletus ),panzerotti ripieni di porccini ( boletus ),appetizer,1.3444576877234802,0,entree_mean,1
45,Papardelle,papardelle,entree,0.09535160905840336,0,entree_mean,9
45,Piadina Il Rosso,piadina il rosso,uncertain,0.772348033373063,0,entree_mean,9
45,Pizza 4 Formaggi,pizza 4 formaggi,entree,1.1251489868891549,0,entree_mean,54
45,Pizza Affumicatta,pizza affumicatta,entree,1.2777115613825971,0,entree_mean,10
45,Pizza Ananas,pizza ananas,uncertain,1.1251489868891569,0,entree_mean,1
45,Pizza Barbecue,pizza barbecue,entree,1.172824791418355,0,entree_mean,16
45,Pizza Campestre,pizza campestre,entree,1.1632896305125175,0,entree_mean,24
45,Pizza Carbonara Bianca,pizza carbonara bianca,uncertain,1.3253873659117992,0,entree_mean,27
45,Pizza Giorgetta Bianca,pizza giorgetta bianca,entree,1.3253873659117998,0,entree_mean,6
45,Pizza Gustosa,pizza gustosa,entree,1.1823599523241928,0,entree_mean,12
45,Pizza Il Calzone,pizza il calzone,entree,1.1346841477949932,0,entree_mean,8
45,Pizza Il Rosso,pizza il rosso,entree,1.3444576877234762,0,entree_mean,16
45,Pizza Jamón Auténtico,pizza jamón auténtico,entree,0.9630512514898659,0,entree_mean,38
45,Pizza L'Orto Di Penelope,pizza l'orto di penelope,entree,1.2872467222884427,0,entree_mean,6
45,Pizza La Bambina Capricciosa,pizza la bambina capricciosa,uncertain,1.2205005959475619,0,entree_mean,53
45,Pizza La Burrata,pizza la burrata,entree,1.5637663885578066,0,entree_mean,12
45,Pizza La Góndola Veneziana,pizza la góndola veneziana,entree,1.2491060786650767,0,entree_mean,6
45,Pizza La Pericolosa,pizza la pericolosa,entree,1.220500595947558,0,entree_mean,5
45,Pizza MARGHERITA,pizza margherita,entree,0.8486293206197855,0,entree_mean,11
45,Pizza Margherita D.O.C.,pizza margherita d.o.c.,entree,1.1251489868891533,0,entree_mean,10
45,Pizza Parmigiana,pizza parmigiana,entree,1.2205005959475546,0,entree_mean,8
45,Pizza Provoletta,pizza provoletta,entree,1.2205005959475566,0,entree_mean,31
45,Pizza Salsiccia Napoli,pizza salsiccia napoli,uncertain,1.1251489868891529,0,entree_mean,13
45,Pizza Speciale Bianca,pizza speciale bianca,entree,1.2205005959475523,0,entree_mean,1
45,Pizza Tonno E Cipolla,pizza tonno e cipolla,entree,1.1251489868891584,0,entree_mean,7
45,Postre Banoffe,postre banoffe,dessert,0.58164481525626,0,entree_mean,3
45,Provolone Clasico,provolone clasico,uncertain,0.9344457687723545,0,entree_mean,1
45,Provolone In Campagna,provolone in campagna,side,0.9916567342073911,0,entree_mean,1
45,Rigatoni,rigatoni,entree,0.09535160905840308,0,entree_mean,25
45,Spaguetti,spaguetti,uncertain,0.09535160905840287,0,entree_mean,25
45,Speckata,speckata,uncertain,0.8200238379022677,0,entree_mean,2
45,Tagliatelle,tagliatelle,entree,0.09535160905840269,0,entree_mean,18
45,Tarta De Pistachos,tarta de pistachos,dessert,0.5816448152562594,0,entree_mean,2
45,Tiramisú,tiramisú,dessert,0.5816448152562569,0,entree_mean,11
45,Tortellini Ripieni De Spinacci E Ricotta,tortellini ripieni de spinacci e ricotta,entree,1.2395709177592344,0,entree_mean,1
45,Trofiee,trofiee,uncertain,0.09535160905840341,0,entree_mean,8
45,VEGETAL,vegetal,uncertain,0.8581644815256244,0,entree_mean,4
45,Vitello Tonnato,vitello tonnato,entree,1.5637663885578093,0,entree_mean,2
46,Amor Del Bueno,amor del bueno,uncertain,1.857142857142863,0,entree_mean,25
46,Anti Diet,anti diet,uncertain,1.8571428571428739,0,entree_mean,82
46,Big Peanut,big peanut,uncertain,1.8571428571428548,0,entree_mean,23
46,Brookie,brookie,dessert,1.8571428571428605,0,entree_mean,13
46,Café Americano (230 Ml.),café americano (230 ml.),drink,1.1428571428571348,0,entree_mean,1
46,Café Americano (360 Ml.),café americano (360 ml.),drink,1.3095238095238049,0,entree_mean,1
46,Café Bombom (126 Ml.),café bombom (126 ml.),drink,1.2142857142857235,0,entree_mean,1
46,Café Latte (230 Ml.),café latte (230 ml.),drink,1.214285714285712,0,entree_mean,1
46,Café Latte (360 Ml.),café latte (360 ml.),drink,1.3809523809523852,0,entree_mean,4
46,Café Mocca (360 Ml.),café mocca (360 ml.),drink,1.4999999999999976,0,entree_mean,4
46,Caperucita Roja,caperucita roja,uncertain,1.8571428571428688,0,entree_mean,56
46,Cappuccino (230 Ml.),cappuccino (230 ml.),drink,1.3333333333333328,0,entree_mean,2
46,Cappuccino (360 Ml.),cappuccino (360 ml.),drink,1.5000000000000047,0,entree_mean,6
46,Carrot Time,carrot time,uncertain,1.8571428571428652,0,entree_mean,21
46,Coca-Cola Sabor Original lata 330ml.,coca-cola sabor original lata 330ml.,entree,0.9999999999999983,0,entree_mean,2
46,Coca-Cola Zero Azúcar lata 330ml.,coca-cola zero azúcar lata 330ml.,entree,1.0000000000000016,0,entree_mean,1
46,Duque Verde,duque verde,uncertain,1.8571428571428665,0,entree_mean,12
46,Frappe-Latte(360 Ml.),frappe-latte(360 ml.),drink,2.857142857142861,0,entree_mean,2
46,Iced Caramel (400 Ml.),iced caramel (400 ml.),drink,2.619047619047606,0,entree_mean,1
46,Iced Choco Blanco Y Avellanas (400 Ml.),iced choco blanco y avellanas (400 ml.),drink,2.619047619047626,0,entree_mean,1
46,Iced Latte (400 Ml.),iced latte (400 ml.),drink,1.9047619047619027,0,entree_mean,1
46,Iced Vainilla (400 Ml.),iced vainilla (400 ml.),drink,2.6190476190476155,0,entree_mean,3
46,Kinder Passion,kinder passion,dessert,1.8571428571428439,0,entree_mean,85
46,La Rubia,la rubia,uncertain,1.8571428571428656,0,entree_mean,11
46,Lotus In Love,lotus in love,uncertain,1.857142857142863,0,entree_mean,69
46,M & M XXL,m & m xxl,dessert,1.8571428571428652,0,entree_mean,4
46,Oreo Tentación,oreo tentación,dessert,1.8571428571428672,0,entree_mean,48
46,Pasion Fruit Green Tea (500 Ml.),pasion fruit green tea (500 ml.),drink,2.4761904761904763,0,entree_mean,3
46,Roll Clásico,roll clásico,uncertain,1.6428571428571463,0,entree_mean,51
46,Roll To Go,roll to go,uncertain,1.8571428571428623,0,entree_mean,1
46,Rolls De Pistacho,rolls de pistacho,dessert,1.857142857142868,0,entree_mean,4
46,Rolls Dulce De Leche,rolls dulce de leche,dessert,1.761904761904768,0,entree_mean,14
46,Rolls Lotus,rolls lotus,uncertain,1.761904761904768,0,entree_mean,18
46,Rolls Nutella,rolls nutella,dessert,1.7619047619047656,0,entree_mean,28
46,Rolls Oreo,rolls oreo,dessert,1.761904761904766,0,entree_mean,17
46,Smoothies (360 Ml.),smoothies (360 ml.),drink,2.52380952380953,0,entree_mean,5
46,Strawberry Green Tea Limonade (500 Ml.),strawberry green tea limonade (500 ml.),drink,2.523809523809528,0,entree_mean,2
46,Strawberry Limonade (500 Ml.),strawberry limonade (500 ml.),drink,2.523809523809533,0,entree_mean,2
47,Agua (500 ml.),agua (500 ml.),drink,0.08862275449101804,0,entree_mean,3
47,Agua Frizzante (500 ml.),agua frizzante (500 ml.),drink,0.2215568862275445,0,entree_mean,2
47,Arancini,arancini,appetizer,0.3101796407185613,0,entree_mean,17
47,Babbá,babbá,dessert,0.5317365269461136,0,entree_mean,1
47,Cannolo Siciliano,cannolo siciliano,dessert,0.5317365269461067,0,entree_mean,4
47,Cerveza Ceres (330 ml.),cerveza ceres (330 ml.),drink,0.3544910179640736,0,entree_mean,1
47,Cerveza Moretti (330 ml.),cerveza moretti (330 ml.),drink,0.265868263473055,0,entree_mean,4
47,Cerveza Nastro Azzurro (330 ml.),cerveza nastro azzurro (330 ml.),drink,0.3101796407185626,0,entree_mean,1
47,Cerveza Peroni (330 ml.),cerveza peroni (330 ml.),drink,0.26586826347305287,0,entree_mean,4
47,Cerveza Tennents (330 ml.),cerveza tennents (330 ml.),drink,0.3544910179640729,0,entree_mean,1
47,Cerveza Ámbar (330 ml.),cerveza ámbar (330 ml.),drink,0.13293413173652727,0,entree_mean,1
47,Coca-Cola Sabor Original lata 330ml.,coca-cola sabor original lata 330ml.,entree,0.13293413173652716,0,entree_mean,15
47,Coca-Cola Zero Azúcar botella 2L.,coca-cola zero azúcar botella 2l.,drink,0.2215568862275438,0,entree_mean,5
47,Crocché,crocché,appetizer,0.22155688622754421,0,entree_mean,9
47,Esta The limone (330 ml.),esta the limone (330 ml.),drink,0.1772455089820352,0,entree_mean,2
47,Esta The pesca (330 ml.),esta the pesca (330 ml.),drink,0.17724550898203567,0,entree_mean,1
47,Fanta Limón lata 330ml.,fanta limón lata 330ml.,drink,0.13293413173652702,0,entree_mean,1
47,Fanta Naranja lata 330ml.,fanta naranja lata 330ml.,entree,0.13293413173652685,0,entree_mean,1
47,Fiore di zucca,fiore di zucca,appetizer,0.443113772455089,0,entree_mean,7
47,Fritattina di pasta con porchetta e funghi,fritattina di pasta con porchetta e funghi,entree,0.31017964071856124,0,entree_mean,6
47,Fritattina mortadela e pistacchio,fritattina mortadela e pistacchio,appetizer,0.3101796407185633,0,entree_mean,5
47,Frittatina di pasta con salsiccia e friarielli,frittatina di pasta con salsiccia e friarielli,entree,0.31017964071856324,0,entree_mean,6
47,Nestea Té Negro Limón lata 330ml.,nestea té negro limón lata 330ml.,entree,0.1329341317365272,0,entree_mean,3
47,Panna Cotta,panna cotta,dessert,0.5317365269461072,0,entree_mean,2
47,Panuozzo parmigiana provola,panuozzo parmigiana provola,entree,1.1520958083832267,0,entree_mean,3
47,Panuozzo porchetta e provola,panuozzo porchetta e provola,entree,1.1520958083832364,0,entree_mean,11
47,Panuozzo prosciutto e rucola,panuozzo prosciutto e rucola,entree,1.1520958083832353,0,entree_mean,1
47,Panuozzo salsiccia e friarielli,panuozzo salsiccia e friarielli,entree,1.1520958083832342,0,entree_mean,3
47,Pastiera napoletana (porción),pastiera napoletana (porción),dessert,0.531736526946108,0,entree_mean,7
47,Patatas fritas (grandes),patatas fritas (grandes),side,0.2658682634730541,0,entree_mean,9
47,Patatas fritas (pequeña),patatas fritas (pequeña),side,0.17724550898203573,0,entree_mean,7
47,Pizza barbacoa (mediana),pizza barbacoa (mediana),entree,1.107784431137712,0,entree_mean,10
47,Pizza bufalina,pizza bufalina,uncertain,1.3736526946107843,0,entree_mean,16
47,Pizza búfala DOP (mediana),pizza búfala dop (mediana),entree,1.1077844311377298,0,entree_mean,9
47,Pizza cabrona,pizza cabrona,entree,1.373652694610781,0,entree_mean,6
47,Pizza calzone,pizza calzone,uncertain,1.1964071856287406,0,entree_mean,2
47,Pizza calzone napoletano,pizza calzone napoletano,entree,1.1964071856287433,0,entree_mean,4
47,Pizza capricciosa (mediana),pizza capricciosa (mediana),entree,1.196407185628745,0,entree_mean,9
47,Pizza carbonara (mediana),pizza carbonara (mediana),entree,1.1077844311377245,0,entree_mean,10
47,Pizza contadina (mediana),pizza contadina (mediana),entree,1.1964071856287466,0,entree_mean,6
47,Pizza crocco (mediana),pizza crocco (mediana),uncertain,1.1964071856287428,0,entree_mean,6
47,Pizza de Nutella,pizza de nutella,dessert,0.8862275449101821,0,entree_mean,3
47,Pizza de potato (mediana),pizza de potato (mediana),uncertain,1.1077844311377225,0,entree_mean,1
47,Pizza diávola (mediana),pizza diávola (mediana),entree,1.0191616766467022,0,entree_mean,33
47,Pizza focaccia (mediana),pizza focaccia (mediana),entree,0.5760479041916196,0,entree_mean,3
47,Pizza fritta,pizza fritta,appetizer,1.1964071856287417,0,entree_mean,6
47,Pizza fritta con cicoli,pizza fritta con cicoli,uncertain,1.1964071856287466,0,entree_mean,2
47,Pizza Margherita (mediana),pizza margherita (mediana),entree,0.8419161676646709,0,entree_mean,44
47,Pizza mortadella e pistacchio,pizza mortadella e pistacchio,uncertain,1.5508982035928103,0,entree_mean,16
47,Pizza napoletana (mediana),pizza napoletana (mediana),entree,1.1077844311377294,0,entree_mean,2
47,Pizza pancetta e carciofi,pizza pancetta e carciofi,entree,1.285029940119766,0,entree_mean,1
47,Pizza pancetta e rucola,pizza pancetta e rucola,entree,1.107784431137726,0,entree_mean,5
47,Pizza parmigiana (mediana),pizza parmigiana (mediana),entree,1.1077844311377274,0,entree_mean,12
47,Pizza  pesto e provola,pizza pesto e provola,entree,1.3736526946107799,0,entree_mean,6
47,Pizza porchetta e patate,pizza porchetta e patate,entree,1.1964071856287406,0,entree_mean,3
47,Pizza prosciutto e cipolla (mediana),pizza prosciutto e cipolla (mediana),entree,1.1077844311377225,0,entree_mean,8
47,Pizza prosciutto e funghi (mediana),pizza prosciutto e funghi (mediana),entree,1.1077844311377172,0,entree_mean,11
47,Pizza quattro formaggi (mediana),pizza quattro formaggi (mediana),entree,1.107784431137722,0,entree_mean,20
47,Pizza quattro stagioni (mediana),pizza quattro stagioni (mediana),entree,1.1964071856287402,0,entree_mean,7
47,Pizza salame (mediana),pizza salame (mediana),entree,1.0191616766467104,0,entree_mean,6
47,Pizza salsiccia e friarielli,pizza salsiccia e friarielli,uncertain,1.1964071856287395,0,entree_mean,4
47,Pizza salsiccia e funghi (mediana),pizza salsiccia e funghi (mediana),uncertain,1.1077844311377212,0,entree_mean,7
47,Pizza speck e gorgonzola,pizza speck e gorgonzola,entree,1.1964071856287424,0,entree_mean,2
47,Pizza speck e pomodorni,pizza speck e pomodorni,entree,1.2850299401197591,0,entree_mean,4
47,Pizza tartufo e porcini,pizza tartufo e porcini,entree,1.5508982035928138,0,entree_mean,13
47,Pizza tonno e cipolla (mediana),pizza tonno e cipolla (mediana),entree,1.107784431137722,0,entree_mean,6
47,Pizza vegetale (mediana),pizza vegetale (mediana),entree,1.1964071856287424,0,entree_mean,7
47,Straccetti con Nutella (media ración),straccetti con nutella (media ración),uncertain,0.5317365269461072,0,entree_mean,2
47,Straccetti con pistacchio (media ración),straccetti con pistacchio (media ración),entree,0.5317365269461058,0,entree_mean,6
47,Straccetti con Pistacchio (ración entera),straccetti con pistacchio (ración entera),entree,1.0634730538922192,0,entree_mean,1
47,Tiramisú,tiramisú,dessert,0.5317365269461073,0,entree_mean,8
48,Bocadillo almusafes,bocadillo almusafes,uncertain,0.9354838709677429,0,entree_mean,10
48,"Bocadillo bacon, queso y huevo","bocadillo bacon, queso y huevo",entree,0.9354838709677444,0,entree_mean,13
48,Bocadillo brascada,bocadillo brascada,uncertain,1.0967741935483797,0,entree_mean,13
48,Bocadillo bravas,bocadillo bravas,uncertain,0.8064516129032273,0,entree_mean,4
48,Bocadillo chivito,bocadillo chivito,uncertain,0.9677419354838701,0,entree_mean,96
48,Bocadillo chivito con pechuga,bocadillo chivito con pechuga,entree,1.016129032258065,0,entree_mean,23
48,Bocadillo lomo,bocadillo lomo,uncertain,0.8870967741935535,0,entree_mean,9
48,Bocadillo pechuga de pollo,bocadillo pechuga de pollo,entree,0.9677419354838658,0,entree_mean,3
48,Bocadillo perrito,bocadillo perrito,uncertain,0.6451612903225817,0,entree_mean,15
48,Bocadillo perrito con cebolla y queso,bocadillo perrito con cebolla y queso,entree,0.7580645161290432,0,entree_mean,4
48,Bocadillo pinchos,bocadillo pinchos,appetizer,1.0000000000000016,0,entree_mean,11
48,Bocadillo vegetal,bocadillo vegetal,entree,0.9354838709677429,0,entree_mean,2
48,Hamburguesa completa,hamburguesa completa,entree,0.9677419354838727,0,entree_mean,176
48,Hamburguesa de buey completa,hamburguesa de buey completa,entree,1.9032258064516054,0,entree_mean,17
48,Hamburguesa de buey normal,hamburguesa de buey normal,entree,1.2903225806451517,0,entree_mean,3
48,Hamburguesa doble,hamburguesa doble,entree,1.2903225806451672,0,entree_mean,35
48,Hamburguesa normal,hamburguesa normal,entree,0.6129032258064508,0,entree_mean,34
48,"Sandwich bacon, queso y huevo","sandwich bacon, queso y huevo",entree,0.8548387096774198,0,entree_mean,9
48,Sandwich de pechuga de pollo,sandwich de pechuga de pollo,entree,0.9677419354838739,0,entree_mean,30
48,Sandwich mixto,sandwich mixto,entree,0.6935483870967725,0,entree_mean,19
48,Sandwich mixto con huevo,sandwich mixto con huevo,entree,0.8064516129032271,0,entree_mean,11
48,Sandwich vegetal,sandwich vegetal,uncertain,0.9193548387096795,0,entree_mean,7
48,Tapa boquerones con olivas,tapa boquerones con olivas,appetizer,0.8064516129032309,0,entree_mean,7
48,Tapa de calamares,tapa de calamares,appetizer,1.2903225806451626,0,entree_mean,10
48,Tapa de sepia,tapa de sepia,appetizer,1.6935483870967791,0,entree_mean,8
48,Tapa ensaladilla rusa,tapa ensaladilla rusa,appetizer,0.9032258064516114,0,entree_mean,10
48,Tapa patatas fritas,tapa patatas fritas,side,0.8064516129032288,0,entree_mean,38
48,Tapa pincho moruno,tapa pincho moruno,appetizer,0.41935483870967855,0,entree_mean,11
48,Tapa rabo,tapa rabo,appetizer,1.2903225806451644,0,entree_mean,15
48,Tapas bravas,tapas bravas,appetizer,0.903225806451607,0,entree_mean,144
48,Tapas morro,tapas morro,appetizer,0.9032258064516151,0,entree_mean,71
49,Agua (50 cl.),agua (50 cl.),drink,0.1943185036259295,0,entree_mean,12
49,Alitas BBQ (4 uds.),alitas bbq (4 uds.),appetizer,0.2771176770579324,0,entree_mean,26
49,Alitas BBQ (8 uds.),alitas bbq (8 uds.),appetizer,0.38790328876754004,0,entree_mean,28
49,Aquarade Limon Lata (33 cl.),aquarade limon lata (33 cl.),drink,0.24051871600786057,0,entree_mean,1
49,Breton,breton,uncertain,0.7259878363568024,0,entree_mean,10
49,British Bacon,british bacon,uncertain,0.6157908837496395,0,entree_mean,25
49,British Bacon Gluten Free,british bacon gluten free,uncertain,0.663850755637824,0,entree_mean,6
49,Brownie,brownie,dessert,0.22861654587062927,0,entree_mean,20
49,Cerveza Estrella Damm 33cl.,cerveza estrella damm 33cl.,drink,0.26080019644792773,0,entree_mean,2
49,Cheese Cake Oreo,cheese cake oreo,dessert,0.2490261719195304,0,entree_mean,29
49,Cola-Cao Energy,cola-cao energy,drink,0.14965485079717866,0,entree_mean,7
49,Combo FÜN Fritas 1 pax,combo fün fritas 1 pax,entree,1.1984810351387256,0,entree_mean,3
49,Combo FÜN Fritas Picapica  2 pax,combo fün fritas picapica 2 pax,entree,1.93842165509739,0,entree_mean,2
49,Combo FÜN Picapica 1 pax,combo fün picapica 1 pax,uncertain,1.2216972930528347,0,entree_mean,6
49,Combo FÜN Picapica 2 pax,combo fün picapica 2 pax,uncertain,1.9937971827733452,0,entree_mean,19
49,Crujiente De Bacon,crujiente de bacon,appetizer,0.7954663438269786,0,entree_mean,30
49,Crujiente de Heüra vegan,crujiente de heüra vegan,uncertain,0.8654622898724871,0,entree_mean,2
49,Ensalada Mediterránea,ensalada mediterránea,side,0.701444197885951,0,entree_mean,2
49,Ensalada Mediterránea con heura veggie,ensalada mediterránea con heura veggie,side,0.7122959338890746,0,entree_mean,1
49,Ensalada Pasta,ensalada pasta,side,0.7021405832457561,0,entree_mean,4
49,Ensalada Quinoa,ensalada quinoa,side,0.7028242028286003,0,entree_mean,1
49,Ensalada quinoa con heura vegan,ensalada quinoa con heura vegan,side,0.7133989629302812,0,entree_mean,1
49,Ensalada Verde,ensalada verde,side,0.29147585453156316,0,entree_mean,3
49,Fingers Mozzarella (5 uds.),fingers mozzarella (5 uds.),appetizer,0.24735408586017593,0,entree_mean,108
49,Fingers mozzarella (9 uds.),fingers mozzarella (9 uds.),appetizer,0.4100008207629093,0,entree_mean,22
49,FÜN Alitas BBQ (10 uds.),fün alitas bbq (10 uds.),appetizer,0.5052112558569052,0,entree_mean,14
49,FÜN Fingers Mozzarella (12 uds.),fün fingers mozzarella (12 uds.),appetizer,0.49022647533708463,0,entree_mean,38
49,FÜN Fritas Crispy Bacon,fün fritas crispy bacon,side,0.3326223607906026,0,entree_mean,110
49,FÜN Fritas Muy Ibéricas,fün fritas muy ibéricas,side,0.3945569292077661,0,entree_mean,17
49,FÜN Nuggets (8 uds.) + Fingers (6 uds.),fün nuggets (8 uds.) + fingers (6 uds.),appetizer,0.5210850565740448,0,entree_mean,31
49,FÜN Nuggets Pollo (12 uds.),fün nuggets pollo (12 uds.),appetizer,0.49022628294288917,0,entree_mean,11
49,FÜN Perlas Ibérico (12 uds.),fün perlas ibérico (12 uds.),appetizer,0.4942561247213405,0,entree_mean,25
49,Heüra Classic vegan,heüra classic vegan,uncertain,0.8160163711069421,0,entree_mean,1
49,Heüra guacamole vegan,heüra guacamole vegan,appetizer,0.8511853836890332,0,entree_mean,2
49,Heüra Qu*s* vegan,heüra qu*s* vegan,uncertain,0.8595402100301104,0,entree_mean,2
49,Ibérico,ibérico,uncertain,0.8252176899231551,0,entree_mean,13
49,Kas Limón 330ml,kas limón 330ml,drink,0.24054161495751694,0,entree_mean,2
49,Kas Naranja 330ml,kas naranja 330ml,drink,0.24078417479655967,0,entree_mean,1
49,Lipton Lata (33 cl.),lipton lata (33 cl.),drink,0.23844446813615608,0,entree_mean,2
49,Menú Crujiente de Bacon,menú crujiente de bacon,uncertain,0.9741811524000906,0,entree_mean,225
49,Menú Ensalada Mediterránea,menú ensalada mediterránea,appetizer,0.7658672766700678,0,entree_mean,1
49,Menú Ensalada Mediterránea con heura vegan,menú ensalada mediterránea con heura vegan,side,0.7908208045743909,0,entree_mean,1
49,Menú Ensalada Mediterránea con heura veggie,menú ensalada mediterránea con heura veggie,side,0.7793511337761407,0,entree_mean,1
49,Menú Ensalada Pasta,menú ensalada pasta,uncertain,0.7809727232679913,0,entree_mean,1
49,Menú Ensalada Pasta vegan,menú ensalada pasta vegan,uncertain,0.7922815185630973,0,entree_mean,1
49,Menú Pans Breton,menú pans breton,uncertain,0.8983060877078044,0,entree_mean,248
49,Menú Pans British Bacon,menú pans british bacon,uncertain,0.7945374489220112,0,entree_mean,694
49,Menú Pans crujiente de Heüra vegan,menú pans crujiente de heüra vegan,uncertain,1.032997617458581,0,entree_mean,13
49,Menú Pans Experience,menú pans experience,uncertain,1.032725847981702,0,entree_mean,24
49,Menú Pans Heüra Classic vegan,menú pans heüra classic vegan,uncertain,0.9987036162437671,0,entree_mean,16
49,Menú Pans heüra guacamole vegan,menú pans heüra guacamole vegan,uncertain,1.0326343908695295,0,entree_mean,15
49,Menú Pans Heüra Qu*s* vegan,menú pans heüra qu*s* vegan,uncertain,1.0314795814625421,0,entree_mean,9
49,Menú Pans Iberico,menú pans iberico,uncertain,0.9986996613783681,0,entree_mean,60
49,Menú Pans Mozz Pesto vegan,menú pans mozz pesto vegan,entree,0.9765269306040811,0,entree_mean,5
49,Menú Pans Mozzarella Pesto,menú pans mozzarella pesto,uncertain,0.9331777630497812,0,entree_mean,8
49,Menú Pans Pechuga de Pollo,menú pans pechuga de pollo,uncertain,0.8995796402072351,0,entree_mean,286
49,Menú Pans Pollo Asado Brie,menú pans pollo asado brie,entree,0.9983184593786084,0,entree_mean,32
49,Menú Pans Pollo Supreme,menú pans pollo supreme,entree,0.9736880688687795,0,entree_mean,66
49,Menú Pans Salmon Guacamole,menú pans salmon guacamole,uncertain,0.9737172577591298,0,entree_mean,34
49,Menú Pans Serrano Brie,menú pans serrano brie,entree,0.8342523980062172,0,entree_mean,17
49,Menú Pans Vegetal De Atún,menú pans vegetal de atún,uncertain,0.9317838469566349,0,entree_mean,37
49,Menú Pulled Chicken Curry,menú pulled chicken curry,uncertain,1.0340383314685386,0,entree_mean,2
49,Menú Pulled Pork BBQ,menú pulled pork bbq,entree,1.0304948525619488,0,entree_mean,61
49,Mozz Pesto vegan,mozz pesto vegan,uncertain,0.7913333832717744,0,entree_mean,2
49,Mozzarella Pesto,mozzarella pesto,appetizer,0.7630839130194408,0,entree_mean,5
49,Natilla Chocolate,natilla chocolate,dessert,0.1500882445673203,0,entree_mean,8
49,Nuestras Patatas Bravas,nuestras patatas bravas,side,0.2895324944119769,0,entree_mean,66
49,Nuggets (15 uds.),nuggets (15 uds.),side,0.49345945432716304,0,entree_mean,17
49,Nuggets (4 uds.),nuggets (4 uds.),appetizer,0.25123468334784776,0,entree_mean,21
49,Nuggets (9 uds.),nuggets (9 uds.),appetizer,0.4086342612927227,0,entree_mean,20
49,Nuggets Heüra vegan (4 uds.),nuggets heüra vegan (4 uds.),appetizer,0.27105621903427596,0,entree_mean,3
49,Nuggets Heüra vegan (9 uds.),nuggets heüra vegan (9 uds.),appetizer,0.4308946408919059,0,entree_mean,4
49,Pan De Lomo Con Bacon y Queso Gluten Free,pan de lomo con bacon y queso gluten free,side,0.7603565592531745,0,entree_mean,4
49,Pans Experience,pans experience,uncertain,0.8638831511460333,0,entree_mean,9
49,Patatas fritas,patatas fritas,side,0.28691150666122994,0,entree_mean,68
49,Pechuga De Pollo,pechuga de pollo,entree,0.7211608788856859,0,entree_mean,24
49,Pepsi 330ml,pepsi 330ml,drink,0.23829009734457451,0,entree_mean,9
49,Pepsi Light 330ml,pepsi light 330ml,drink,0.24023815788473052,0,entree_mean,1
49,Pepsi Max 330ml,pepsi max 330ml,drink,0.2392299533989336,0,entree_mean,6
49,Perlas Ibérico (5 uds.),perlas ibérico (5 uds.),appetizer,0.2728068123722104,0,entree_mean,133
49,Pollo Asado Brie,pollo asado brie,entree,0.8202249954978102,0,entree_mean,6
49,Pollo Brie Gluten Free,pollo brie gluten free,entree,0.8599715835909517,0,entree_mean,4
49,Pollo Supreme,pollo supreme,entree,0.7929440619920931,0,entree_mean,16
49,Pulled Pork BBQ,pulled pork bbq,entree,0.8555150803777058,0,entree_mean,12
49,Salmón Guacamole,salmón guacamole,appetizer,0.7958035588288742,0,entree_mean,8
49,Salsa Barbacoa,salsa barbacoa,uncertain,0.04993527559499936,0,entree_mean,24
49,Salsa Mayonesa,salsa mayonesa,uncertain,0.01992704624193009,0,entree_mean,19
49,Serrano Brie,serrano brie,appetizer,0.6515854708052716,0,entree_mean,4
49,Tarrina Ben & Jerry's Chocolate Fudge Brownie (100ml.),tarrina ben & jerry's chocolate fudge brownie (100ml.),dessert,0.29349116627057953,0,entree_mean,2
49,Tarrina Ben & Jerry's Chocolate Fudge Brownie (465ml.),tarrina ben & jerry's chocolate fudge brownie (465ml.),dessert,0.7474191734485802,0,entree_mean,4
49,Tarrina Ben & Jerry's Cookie Dough (100ml.),tarrina ben & jerry's cookie dough (100ml.),dessert,0.2919394683157808,0,entree_mean,6
49,Tarrina Ben & Jerry's Cookie Dough (465ml.),tarrina ben & jerry's cookie dough (465ml.),dessert,0.7471248541202478,0,entree_mean,10
49,Tarrina Ben & Jerry's Strawberry Cheesecake (465ml.),tarrina ben & jerry's strawberry cheesecake (465ml.),dessert,0.7454882003991561,0,entree_mean,2
49,Tarta Carrot Cake,tarta carrot cake,dessert,0.29310938797882224,0,entree_mean,11
49,Tarta Chocolate,tarta chocolate,dessert,0.2939046507037832,0,entree_mean,11
49,Vegetal De Atún,vegetal de atún,uncertain,0.7575006861154533,0,entree_mean,8
50,Alambra 1925,alambra 1925,uncertain,0.2755419052807467,0,entree_mean,1
50,American Club Sándwich,american club sándwich,entree,1.1087329876930583,0,entree_mean,2
50,Aquarade Naranja,aquarade naranja,drink,0.14517954392271343,0,entree_mean,1
50,Baby Back Ribs,baby back ribs,entree,0.9567135062472706,0,entree_mean,4
50,Bacon Cheeseburger,bacon cheeseburger,entree,0.9430334472990283,0,entree_mean,6
50,BBQ Chicken Taco,bbq chicken taco,entree,0.7057631045327334,0,entree_mean,2
50,BBQ Potato Twisters,bbq potato twisters,side,1.04488503102414,0,entree_mean,3
50,BBQ Ribs,bbq ribs,entree,1.2227343810379665,0,entree_mean,1
50,Big AF Buffalo Wingman Burger,big af buffalo wingman burger,entree,1.0131688646709376,0,entree_mean,4
50,Big AF French Dip Burger,big af french dip burger,entree,1.1004360799784993,0,entree_mean,8
50,Brócoli con aceite de ajo,brócoli con aceite de ajo,side,0.10646499887665781,0,entree_mean,1
50,Bufalo Chicken Slammer,bufalo chicken slammer,appetizer,1.1200191554522783,0,entree_mean,1
50,Buffalo Wings,buffalo wings,appetizer,0.5739553378251055,0,entree_mean,21
50,Cajun & Shrimp Chicken Pasta,cajun & shrimp chicken pasta,entree,0.9924184185969684,0,entree_mean,1
50,Carrot Cake,carrot cake,dessert,0.4258594649579785,0,entree_mean,1
50,Chicken Caesar Salad,chicken caesar salad,entree,0.849236353545089,0,entree_mean,3
50,Coleslaw,coleslaw,side,0.10646499887665835,0,entree_mean,1
50,Combo Nachos,combo nachos,appetizer,1.056023482902018,0,entree_mean,3
50,Double Chocolate Fudgy Brownie,double chocolate fudgy brownie,dessert,0.4231603461785632,0,entree_mean,8
50,Double Roast BBQ Burger,double roast bbq burger,entree,0.9881167571086985,0,entree_mean,3
50,"Fettuccine Alfredo ""New""","fettuccine alfredo ""new""",entree,0.9194704448438586,0,entree_mean,1
50,Fingers de Pollo,fingers de pollo,appetizer,0.9680768373479013,0,entree_mean,4
50,Fresh Mex Nachos,fresh mex nachos,appetizer,0.814590483738975,0,entree_mean,4
50,Fridays Chicken,fridays chicken,entree,0.9296963327251734,0,entree_mean,2
50,Fridays Onion Rings,fridays onion rings,side,0.6090241041717113,0,entree_mean,3
50,Fridays Sesame Chicken Strips,fridays sesame chicken strips,entree,0.8375303011473381,0,entree_mean,23
50,Fridays Signature Burger,fridays signature burger,entree,1.0170080657277976,0,entree_mean,71
50,Fridays Signature Glaze Ribs,fridays signature glaze ribs,entree,0.9722457899143483,0,entree_mean,10
50,Fridays Signature Wings,fridays signature wings,appetizer,0.6329447745931567,0,entree_mean,1
50,Fridays Theree For All,fridays theree for all,uncertain,1.1859609738271224,0,entree_mean,7
50,Guaca Nachos,guaca nachos,appetizer,0.5465289269083116,0,entree_mean,2
50,Italian Chicken Slammer,italian chicken slammer,entree,1.1200191554522794,0,entree_mean,1
50,Kas Naranja,kas naranja,drink,0.14406625467187734,0,entree_mean,1
50,Mazorca a la parrilla,mazorca a la parrilla,side,0.14412603095504609,0,entree_mean,3
50,Menú infantil,menú infantil,uncertain,0.671836695686783,0,entree_mean,9
50,Mozzarella Sticks,mozzarella sticks,appetizer,0.6951556771082825,0,entree_mean,11
50,"Nashville Hot Ribs ""New""","nashville hot ribs ""new""",entree,0.9740759527628415,0,entree_mean,5
50,Patatas Fritas,patatas fritas,side,0.10818790420754687,0,entree_mean,3
50,Pepsi,pepsi,drink,0.14619520147741638,0,entree_mean,3
50,Pepsi Max,pepsi max,drink,0.14768224129101684,0,entree_mean,1
50,Pop Dot Cheesecake,pop dot cheesecake,dessert,0.43386687111769173,0,entree_mean,4
50,Puré de patatas Cheddar,puré de patatas cheddar,side,0.10646499887665738,0,entree_mean,1
50,Quesadilla,quesadilla,appetizer,0.7307247481440808,0,entree_mean,1
50,Quesadillas de parmesano,quesadillas de parmesano,appetizer,0.7052673918341285,0,entree_mean,4
50,Ribs Mix,ribs mix,entree,1.3889850813213827,0,entree_mean,3
50,"Shrimp Diablo Pasta ""New""","shrimp diablo pasta ""new""",entree,0.9930898008038561,0,entree_mean,2
50,Signature Glazed Burger&Donuts®,signature glazed burger&donuts®,uncertain,1.122635185891494,0,entree_mean,4
50,"Smoked Bacon and Cheese Gnocchi ""New""","smoked bacon and cheese gnocchi ""new""",entree,0.9552843068714099,0,entree_mean,1
50,Southwest Potato twisters,southwest potato twisters,side,0.9923578371328939,0,entree_mean,3
50,Swiss Mushroom Burger,swiss mushroom burger,entree,0.9510725323677403,0,entree_mean,3
50,"The Full Elvis ""New""","the full elvis ""new""",dessert,0.4181511462902048,0,entree_mean,5
50,Ultimate Fridays Signature Burger,ultimate fridays signature burger,entree,1.0611683353517216,0,entree_mean,20
50,Wings Combo,wings combo,appetizer,1.04169776870082,0,entree_mean,3
